tanggal,provinsi_id,provinsi,harga,avg,stddev,kelompok,persen,diff,show
2024-01-01,1,Aceh,13750.0,14550.0,6900.0,6,0.0,,True
2024-01-01,2,Sumatera Utara,13400.0,14550.0,6900.0,6,0.0,,True
2024-01-01,3,Sumatera Barat,16400.0,14550.0,6900.0,6,0.0,,True
2024-01-01,4,Riau,0.0,14550.0,6900.0,7,0.0,,False
2024-01-01,5,Kepulauan Riau,14300.0,14550.0,6900.0,6,0.0,,True
2024-01-01,6,Jambi,14150.0,14550.0,6900.0,6,0.0,,True
2024-01-01,7,Bengkulu,0.0,14550.0,6900.0,7,0.0,,False
2024-01-01,8,Sumatera Selatan,0.0,14550.0,6900.0,7,0.0,,False
2024-01-01,9,Kepulauan Bangka Belitung,14600.0,14550.0,6900.0,6,0.0,,True
2024-01-01,10,Lampung,0.0,14550.0,6900.0,7,0.0,,False
2024-01-01,11,Banten,14600.0,14550.0,6900.0,6,0.0,,True
2024-01-01,12,Jawa Barat,14000.0,14550.0,6900.0,6,0.0,,True
2024-01-01,13,DKI Jakarta,0.0,14550.0,6900.0,7,0.0,,False
2024-01-01,14,Jawa Tengah,13700.0,14550.0,6900.0,6,0.0,,True
2024-01-01,15,DI Yogyakarta,14000.0,14550.0,6900.0,6,0.0,,True
2024-01-01,16,Jawa Timur,13750.0,14550.0,6900.0,6,0.0,,True
2024-01-01,17,Bali,13950.0,14550.0,6900.0,6,0.0,,True
2024-01-01,18,Nusa Tenggara Barat,13300.0,14550.0,6900.0,6,0.0,,True
2024-01-01,19,Nusa Tenggara Timur,0.0,14550.0,6900.0,7,0.0,,False
2024-01-01,20,Kalimantan Barat,0.0,14550.0,6900.0,7,0.0,,False
2024-01-01,21,Kalimantan Selatan,17700.0,14550.0,6900.0,6,0.0,,True
2024-01-01,22,Kalimantan Tengah,18800.0,14550.0,6900.0,6,0.0,,True
2024-01-01,23,Kalimantan Timur,15050.0,14550.0,6900.0,6,0.0,,True
2024-01-01,24,Kalimantan Utara,0.0,14550.0,6900.0,7,0.0,,False
2024-01-01,25,Gorontalo,14500.0,14550.0,6900.0,6,0.0,,True
2024-01-01,26,Sulawesi Selatan,13000.0,14550.0,6900.0,6,0.0,,True
2024-01-01,27,Sulawesi Tenggara,14100.0,14550.0,6900.0,6,0.0,,True
2024-01-01,28,Sulawesi Tengah,0.0,14550.0,6900.0,7,0.0,,False
2024-01-01,29,Sulawesi Utara,13600.0,14550.0,6900.0,6,0.0,,True
2024-01-01,30,Sulawesi Barat,13250.0,14550.0,6900.0,6,0.0,,True
2024-01-01,31,Maluku,15200.0,14550.0,6900.0,6,0.0,,True
2024-01-01,32,Maluku Utara,0.0,14550.0,6900.0,7,0.0,,False
2024-01-01,33,Papua,0.0,14550.0,6900.0,7,0.0,,False
2024-01-01,34,Papua Barat,15450.0,14550.0,6900.0,6,0.0,,True
2024-01-02,1,Aceh,13700.0,14700.0,1250.0,5,-0.36,-Rp50,True
2024-01-02,2,Sumatera Utara,13400.0,14700.0,1250.0,5,0.0,Rp0,True
2024-01-02,3,Sumatera Barat,16400.0,14700.0,1250.0,3,0.0,Rp0,True
2024-01-02,4,Riau,15200.0,14700.0,1250.0,6,0.0,,True
2024-01-02,5,Kepulauan Riau,14300.0,14700.0,1250.0,4,0.0,Rp0,True
2024-01-02,6,Jambi,14150.0,14700.0,1250.0,5,0.0,Rp0,True
2024-01-02,7,Bengkulu,14800.0,14700.0,1250.0,6,0.0,,True
2024-01-02,8,Sumatera Selatan,14250.0,14700.0,1250.0,6,0.0,,True
2024-01-02,9,Kepulauan Bangka Belitung,14600.0,14700.0,1250.0,4,0.0,Rp0,True
2024-01-02,10,Lampung,13650.0,14700.0,1250.0,6,0.0,,True
2024-01-02,11,Banten,14600.0,14700.0,1250.0,4,0.0,Rp0,True
2024-01-02,12,Jawa Barat,14000.0,14700.0,1250.0,5,0.0,Rp0,True
2024-01-02,13,DKI Jakarta,15400.0,14700.0,1250.0,6,0.0,,True
2024-01-02,14,Jawa Tengah,13850.0,14700.0,1250.0,5,1.09,Rp150,True
2024-01-02,15,DI Yogyakarta,14000.0,14700.0,1250.0,5,0.0,Rp0,True
2024-01-02,16,Jawa Timur,13700.0,14700.0,1250.0,5,-0.36,-Rp50,True
2024-01-02,17,Bali,14400.0,14700.0,1250.0,4,3.23,Rp450,True
2024-01-02,18,Nusa Tenggara Barat,13300.0,14700.0,1250.0,5,0.0,Rp0,True
2024-01-02,19,Nusa Tenggara Timur,15050.0,14700.0,1250.0,6,0.0,,True
2024-01-02,20,Kalimantan Barat,15600.0,14700.0,1250.0,6,0.0,,True
2024-01-02,21,Kalimantan Selatan,17700.0,14700.0,1250.0,1,0.0,Rp0,True
2024-01-02,22,Kalimantan Tengah,18800.0,14700.0,1250.0,1,0.0,Rp0,True
2024-01-02,23,Kalimantan Timur,15350.0,14700.0,1250.0,3,1.99,Rp300,True
2024-01-02,24,Kalimantan Utara,16000.0,14700.0,1250.0,6,0.0,,True
2024-01-02,25,Gorontalo,14500.0,14700.0,1250.0,4,0.0,Rp0,True
2024-01-02,26,Sulawesi Selatan,13000.0,14700.0,1250.0,5,0.0,Rp0,True
2024-01-02,27,Sulawesi Tenggara,14100.0,14700.0,1250.0,5,0.0,Rp0,True
2024-01-02,28,Sulawesi Tengah,13800.0,14700.0,1250.0,6,0.0,,True
2024-01-02,29,Sulawesi Utara,13600.0,14700.0,1250.0,5,0.0,Rp0,True
2024-01-02,30,Sulawesi Barat,13250.0,14700.0,1250.0,5,0.0,Rp0,True
2024-01-02,31,Maluku,15200.0,14700.0,1250.0,4,0.0,Rp0,True
2024-01-02,32,Maluku Utara,15750.0,14700.0,1250.0,6,0.0,,True
2024-01-02,33,Papua,15350.0,14700.0,1250.0,6,0.0,,True
2024-01-02,34,Papua Barat,15500.0,14700.0,1250.0,3,0.32,Rp50,True
2024-01-03,1,Aceh,13800.0,14700.0,1250.0,5,0.73,Rp100,True
2024-01-03,2,Sumatera Utara,13400.0,14700.0,1250.0,5,0.0,Rp0,True
2024-01-03,3,Sumatera Barat,16400.0,14700.0,1250.0,3,0.0,Rp0,True
2024-01-03,4,Riau,15200.0,14700.0,1250.0,4,0.0,Rp0,True
2024-01-03,5,Kepulauan Riau,14300.0,14700.0,1250.0,4,0.0,Rp0,True
2024-01-03,6,Jambi,14150.0,14700.0,1250.0,5,0.0,Rp0,True
2024-01-03,7,Bengkulu,14800.0,14700.0,1250.0,4,0.0,Rp0,True
2024-01-03,8,Sumatera Selatan,14250.0,14700.0,1250.0,4,0.0,Rp0,True
2024-01-03,9,Kepulauan Bangka Belitung,14600.0,14700.0,1250.0,4,0.0,Rp0,True
2024-01-03,10,Lampung,13650.0,14700.0,1250.0,5,0.0,Rp0,True
2024-01-03,11,Banten,14600.0,14700.0,1250.0,4,0.0,Rp0,True
2024-01-03,12,Jawa Barat,14000.0,14700.0,1250.0,5,0.0,Rp0,True
2024-01-03,13,DKI Jakarta,15400.0,14700.0,1250.0,3,0.0,Rp0,True
2024-01-03,14,Jawa Tengah,13850.0,14700.0,1250.0,5,0.0,Rp0,True
2024-01-03,15,DI Yogyakarta,14000.0,14700.0,1250.0,5,0.0,Rp0,True
2024-01-03,16,Jawa Timur,13750.0,14700.0,1250.0,5,0.36,Rp50,True
2024-01-03,17,Bali,14400.0,14700.0,1250.0,4,0.0,Rp0,True
2024-01-03,18,Nusa Tenggara Barat,13300.0,14700.0,1250.0,5,0.0,Rp0,True
2024-01-03,19,Nusa Tenggara Timur,15050.0,14700.0,1250.0,4,0.0,Rp0,True
2024-01-03,20,Kalimantan Barat,15650.0,14700.0,1250.0,3,0.32,Rp50,True
2024-01-03,21,Kalimantan Selatan,17700.0,14700.0,1250.0,1,0.0,Rp0,True
2024-01-03,22,Kalimantan Tengah,18800.0,14700.0,1250.0,1,0.0,Rp0,True
2024-01-03,23,Kalimantan Timur,15200.0,14700.0,1250.0,4,-0.98,-Rp150,True
2024-01-03,24,Kalimantan Utara,16100.0,14700.0,1250.0,3,0.63,Rp100,True
2024-01-03,25,Gorontalo,14500.0,14700.0,1250.0,4,0.0,Rp0,True
2024-01-03,26,Sulawesi Selatan,13000.0,14700.0,1250.0,5,0.0,Rp0,True
2024-01-03,27,Sulawesi Tenggara,14100.0,14700.0,1250.0,5,0.0,Rp0,True
2024-01-03,28,Sulawesi Tengah,13800.0,14700.0,1250.0,5,0.0,Rp0,True
2024-01-03,29,Sulawesi Utara,13600.0,14700.0,1250.0,5,0.0,Rp0,True
2024-01-03,30,Sulawesi Barat,13300.0,14700.0,1250.0,5,0.38,Rp50,True
2024-01-03,31,Maluku,15200.0,14700.0,1250.0,4,0.0,Rp0,True
2024-01-03,32,Maluku Utara,15750.0,14700.0,1250.0,3,0.0,Rp0,True
2024-01-03,33,Papua,15350.0,14700.0,1250.0,3,0.0,Rp0,True
2024-01-03,34,Papua Barat,15500.0,14700.0,1250.0,3,0.0,Rp0,True
2024-01-04,1,Aceh,13800.0,14750.0,1200.0,5,0.0,Rp0,True
2024-01-04,2,Sumatera Utara,13450.0,14750.0,1200.0,5,0.37,Rp50,True
2024-01-04,3,Sumatera Barat,16400.0,14750.0,1200.0,3,0.0,Rp0,True
2024-01-04,4,Riau,15100.0,14750.0,1200.0,4,-0.66,-Rp100,True
2024-01-04,5,Kepulauan Riau,14300.0,14750.0,1200.0,4,0.0,Rp0,True
2024-01-04,6,Jambi,14150.0,14750.0,1200.0,5,0.0,Rp0,True
2024-01-04,7,Bengkulu,14800.0,14750.0,1200.0,4,0.0,Rp0,True
2024-01-04,8,Sumatera Selatan,14250.0,14750.0,1200.0,4,0.0,Rp0,True
2024-01-04,9,Kepulauan Bangka Belitung,14600.0,14750.0,1200.0,4,0.0,Rp0,True
2024-01-04,10,Lampung,13650.0,14750.0,1200.0,5,0.0,Rp0,True
2024-01-04,11,Banten,14600.0,14750.0,1200.0,4,0.0,Rp0,True
2024-01-04,12,Jawa Barat,14000.0,14750.0,1200.0,5,0.0,Rp0,True
2024-01-04,13,DKI Jakarta,15400.0,14750.0,1200.0,3,0.0,Rp0,True
2024-01-04,14,Jawa Tengah,13850.0,14750.0,1200.0,5,0.0,Rp0,True
2024-01-04,15,DI Yogyakarta,14000.0,14750.0,1200.0,5,0.0,Rp0,True
2024-01-04,16,Jawa Timur,13750.0,14750.0,1200.0,5,0.0,Rp0,True
2024-01-04,17,Bali,14400.0,14750.0,1200.0,4,0.0,Rp0,True
2024-01-04,18,Nusa Tenggara Barat,13300.0,14750.0,1200.0,5,0.0,Rp0,True
2024-01-04,19,Nusa Tenggara Timur,15100.0,14750.0,1200.0,4,0.33,Rp50,True
2024-01-04,20,Kalimantan Barat,15650.0,14750.0,1200.0,3,0.0,Rp0,True
2024-01-04,21,Kalimantan Selatan,17700.0,14750.0,1200.0,1,0.0,Rp0,True
2024-01-04,22,Kalimantan Tengah,18800.0,14750.0,1200.0,1,0.0,Rp0,True
2024-01-04,23,Kalimantan Timur,15050.0,14750.0,1200.0,4,-0.99,-Rp150,True
2024-01-04,24,Kalimantan Utara,16100.0,14750.0,1200.0,3,0.0,Rp0,True
2024-01-04,25,Gorontalo,14650.0,14750.0,1200.0,4,1.03,Rp150,True
2024-01-04,26,Sulawesi Selatan,13000.0,14750.0,1200.0,5,0.0,Rp0,True
2024-01-04,27,Sulawesi Tenggara,14100.0,14750.0,1200.0,5,0.0,Rp0,True
2024-01-04,28,Sulawesi Tengah,13850.0,14750.0,1200.0,5,0.36,Rp50,True
2024-01-04,29,Sulawesi Utara,13600.0,14750.0,1200.0,5,0.0,Rp0,True
2024-01-04,30,Sulawesi Barat,13350.0,14750.0,1200.0,5,0.38,Rp50,True
2024-01-04,31,Maluku,15350.0,14750.0,1200.0,3,0.99,Rp150,True
2024-01-04,32,Maluku Utara,15750.0,14750.0,1200.0,3,0.0,Rp0,True
2024-01-04,33,Papua,15350.0,14750.0,1200.0,3,0.0,Rp0,True
2024-01-04,34,Papua Barat,15450.0,14750.0,1200.0,3,-0.32,-Rp50,True
2024-01-05,1,Aceh,13800.0,14750.0,1200.0,5,0.0,Rp0,True
2024-01-05,2,Sumatera Utara,13500.0,14750.0,1200.0,5,0.37,Rp50,True
2024-01-05,3,Sumatera Barat,16350.0,14750.0,1200.0,3,-0.3,-Rp50,True
2024-01-05,4,Riau,15100.0,14750.0,1200.0,4,0.0,Rp0,True
2024-01-05,5,Kepulauan Riau,14300.0,14750.0,1200.0,4,0.0,Rp0,True
2024-01-05,6,Jambi,14150.0,14750.0,1200.0,5,0.0,Rp0,True
2024-01-05,7,Bengkulu,14800.0,14750.0,1200.0,4,0.0,Rp0,True
2024-01-05,8,Sumatera Selatan,14450.0,14750.0,1200.0,4,1.4,Rp200,True
2024-01-05,9,Kepulauan Bangka Belitung,14600.0,14750.0,1200.0,4,0.0,Rp0,True
2024-01-05,10,Lampung,13650.0,14750.0,1200.0,5,0.0,Rp0,True
2024-01-05,11,Banten,14600.0,14750.0,1200.0,4,0.0,Rp0,True
2024-01-05,12,Jawa Barat,14050.0,14750.0,1200.0,5,0.36,Rp50,True
2024-01-05,13,DKI Jakarta,15400.0,14750.0,1200.0,3,0.0,Rp0,True
2024-01-05,14,Jawa Tengah,13850.0,14750.0,1200.0,5,0.0,Rp0,True
2024-01-05,15,DI Yogyakarta,14000.0,14750.0,1200.0,5,0.0,Rp0,True
2024-01-05,16,Jawa Timur,13750.0,14750.0,1200.0,5,0.0,Rp0,True
2024-01-05,17,Bali,14400.0,14750.0,1200.0,4,0.0,Rp0,True
2024-01-05,18,Nusa Tenggara Barat,13300.0,14750.0,1200.0,5,0.0,Rp0,True
2024-01-05,19,Nusa Tenggara Timur,15100.0,14750.0,1200.0,4,0.0,Rp0,True
2024-01-05,20,Kalimantan Barat,15650.0,14750.0,1200.0,3,0.0,Rp0,True
2024-01-05,21,Kalimantan Selatan,17700.0,14750.0,1200.0,1,0.0,Rp0,True
2024-01-05,22,Kalimantan Tengah,18800.0,14750.0,1200.0,1,0.0,Rp0,True
2024-01-05,23,Kalimantan Timur,15050.0,14750.0,1200.0,4,0.0,Rp0,True
2024-01-05,24,Kalimantan Utara,16100.0,14750.0,1200.0,3,0.0,Rp0,True
2024-01-05,25,Gorontalo,14650.0,14750.0,1200.0,4,0.0,Rp0,True
2024-01-05,26,Sulawesi Selatan,13000.0,14750.0,1200.0,5,0.0,Rp0,True
2024-01-05,27,Sulawesi Tenggara,14100.0,14750.0,1200.0,5,0.0,Rp0,True
2024-01-05,28,Sulawesi Tengah,13850.0,14750.0,1200.0,5,0.0,Rp0,True
2024-01-05,29,Sulawesi Utara,13600.0,14750.0,1200.0,5,0.0,Rp0,True
2024-01-05,30,Sulawesi Barat,13350.0,14750.0,1200.0,5,0.0,Rp0,True
2024-01-05,31,Maluku,15200.0,14750.0,1200.0,4,-0.98,-Rp150,True
2024-01-05,32,Maluku Utara,15750.0,14750.0,1200.0,3,0.0,Rp0,True
2024-01-05,33,Papua,15350.0,14750.0,1200.0,3,0.0,Rp0,True
2024-01-05,34,Papua Barat,15450.0,14750.0,1200.0,3,0.0,Rp0,True
2024-01-06,1,Aceh,13800.0,14750.0,1200.0,5,0.0,Rp0,True
2024-01-06,2,Sumatera Utara,13500.0,14750.0,1200.0,5,0.37,Rp50,True
2024-01-06,3,Sumatera Barat,16350.0,14750.0,1200.0,3,-0.3,-Rp50,True
2024-01-06,4,Riau,15100.0,14750.0,1200.0,4,0.0,Rp0,True
2024-01-06,5,Kepulauan Riau,14300.0,14750.0,1200.0,4,0.0,Rp0,True
2024-01-06,6,Jambi,14150.0,14750.0,1200.0,5,0.0,Rp0,True
2024-01-06,7,Bengkulu,14800.0,14750.0,1200.0,4,0.0,Rp0,True
2024-01-06,8,Sumatera Selatan,14450.0,14750.0,1200.0,4,1.4,Rp200,True
2024-01-06,9,Kepulauan Bangka Belitung,14600.0,14750.0,1200.0,4,0.0,Rp0,True
2024-01-06,10,Lampung,13650.0,14750.0,1200.0,5,0.0,Rp0,True
2024-01-06,11,Banten,14600.0,14750.0,1200.0,4,0.0,Rp0,True
2024-01-06,12,Jawa Barat,14050.0,14750.0,1200.0,5,0.36,Rp50,True
2024-01-06,13,DKI Jakarta,15400.0,14750.0,1200.0,3,0.0,Rp0,True
2024-01-06,14,Jawa Tengah,13850.0,14750.0,1200.0,5,0.0,Rp0,True
2024-01-06,15,DI Yogyakarta,14000.0,14750.0,1200.0,5,0.0,Rp0,True
2024-01-06,16,Jawa Timur,13750.0,14750.0,1200.0,5,0.0,Rp0,True
2024-01-06,17,Bali,14400.0,14750.0,1200.0,4,0.0,Rp0,True
2024-01-06,18,Nusa Tenggara Barat,13300.0,14750.0,1200.0,5,0.0,Rp0,True
2024-01-06,19,Nusa Tenggara Timur,15100.0,14750.0,1200.0,4,0.0,Rp0,True
2024-01-06,20,Kalimantan Barat,15650.0,14750.0,1200.0,3,0.0,Rp0,True
2024-01-06,21,Kalimantan Selatan,17700.0,14750.0,1200.0,1,0.0,Rp0,True
2024-01-06,22,Kalimantan Tengah,18800.0,14750.0,1200.0,1,0.0,Rp0,True
2024-01-06,23,Kalimantan Timur,15050.0,14750.0,1200.0,4,0.0,Rp0,True
2024-01-06,24,Kalimantan Utara,16100.0,14750.0,1200.0,3,0.0,Rp0,True
2024-01-06,25,Gorontalo,14650.0,14750.0,1200.0,4,0.0,Rp0,True
2024-01-06,26,Sulawesi Selatan,13000.0,14750.0,1200.0,5,0.0,Rp0,True
2024-01-06,27,Sulawesi Tenggara,14100.0,14750.0,1200.0,5,0.0,Rp0,True
2024-01-06,28,Sulawesi Tengah,13850.0,14750.0,1200.0,5,0.0,Rp0,True
2024-01-06,29,Sulawesi Utara,13600.0,14750.0,1200.0,5,0.0,Rp0,True
2024-01-06,30,Sulawesi Barat,13350.0,14750.0,1200.0,5,0.0,Rp0,True
2024-01-06,31,Maluku,15200.0,14750.0,1200.0,4,-0.98,-Rp150,True
2024-01-06,32,Maluku Utara,15750.0,14750.0,1200.0,3,0.0,Rp0,True
2024-01-06,33,Papua,15350.0,14750.0,1200.0,3,0.0,Rp0,True
2024-01-06,34,Papua Barat,15450.0,14750.0,1200.0,3,0.0,Rp0,True
2024-01-07,1,Aceh,13800.0,14750.0,1200.0,5,0.0,Rp0,True
2024-01-07,2,Sumatera Utara,13500.0,14750.0,1200.0,5,0.37,Rp50,True
2024-01-07,3,Sumatera Barat,16350.0,14750.0,1200.0,3,-0.3,-Rp50,True
2024-01-07,4,Riau,15100.0,14750.0,1200.0,4,0.0,Rp0,True
2024-01-07,5,Kepulauan Riau,14300.0,14750.0,1200.0,4,0.0,Rp0,True
2024-01-07,6,Jambi,14150.0,14750.0,1200.0,5,0.0,Rp0,True
2024-01-07,7,Bengkulu,14800.0,14750.0,1200.0,4,0.0,Rp0,True
2024-01-07,8,Sumatera Selatan,14450.0,14750.0,1200.0,4,1.4,Rp200,True
2024-01-07,9,Kepulauan Bangka Belitung,14600.0,14750.0,1200.0,4,0.0,Rp0,True
2024-01-07,10,Lampung,13650.0,14750.0,1200.0,5,0.0,Rp0,True
2024-01-07,11,Banten,14600.0,14750.0,1200.0,4,0.0,Rp0,True
2024-01-07,12,Jawa Barat,14050.0,14750.0,1200.0,5,0.36,Rp50,True
2024-01-07,13,DKI Jakarta,15400.0,14750.0,1200.0,3,0.0,Rp0,True
2024-01-07,14,Jawa Tengah,13850.0,14750.0,1200.0,5,0.0,Rp0,True
2024-01-07,15,DI Yogyakarta,14000.0,14750.0,1200.0,5,0.0,Rp0,True
2024-01-07,16,Jawa Timur,13750.0,14750.0,1200.0,5,0.0,Rp0,True
2024-01-07,17,Bali,14400.0,14750.0,1200.0,4,0.0,Rp0,True
2024-01-07,18,Nusa Tenggara Barat,13300.0,14750.0,1200.0,5,0.0,Rp0,True
2024-01-07,19,Nusa Tenggara Timur,15100.0,14750.0,1200.0,4,0.0,Rp0,True
2024-01-07,20,Kalimantan Barat,15650.0,14750.0,1200.0,3,0.0,Rp0,True
2024-01-07,21,Kalimantan Selatan,17700.0,14750.0,1200.0,1,0.0,Rp0,True
2024-01-07,22,Kalimantan Tengah,18800.0,14750.0,1200.0,1,0.0,Rp0,True
2024-01-07,23,Kalimantan Timur,15050.0,14750.0,1200.0,4,0.0,Rp0,True
2024-01-07,24,Kalimantan Utara,16100.0,14750.0,1200.0,3,0.0,Rp0,True
2024-01-07,25,Gorontalo,14650.0,14750.0,1200.0,4,0.0,Rp0,True
2024-01-07,26,Sulawesi Selatan,13000.0,14750.0,1200.0,5,0.0,Rp0,True
2024-01-07,27,Sulawesi Tenggara,14100.0,14750.0,1200.0,5,0.0,Rp0,True
2024-01-07,28,Sulawesi Tengah,13850.0,14750.0,1200.0,5,0.0,Rp0,True
2024-01-07,29,Sulawesi Utara,13600.0,14750.0,1200.0,5,0.0,Rp0,True
2024-01-07,30,Sulawesi Barat,13350.0,14750.0,1200.0,5,0.0,Rp0,True
2024-01-07,31,Maluku,15200.0,14750.0,1200.0,4,-0.98,-Rp150,True
2024-01-07,32,Maluku Utara,15750.0,14750.0,1200.0,3,0.0,Rp0,True
2024-01-07,33,Papua,15350.0,14750.0,1200.0,3,0.0,Rp0,True
2024-01-07,34,Papua Barat,15450.0,14750.0,1200.0,3,0.0,Rp0,True
2024-01-08,1,Aceh,13750.0,14750.0,1200.0,5,-0.36,-Rp50,True
2024-01-08,2,Sumatera Utara,13500.0,14750.0,1200.0,5,0.0,Rp0,True
2024-01-08,3,Sumatera Barat,16350.0,14750.0,1200.0,3,0.0,Rp0,True
2024-01-08,4,Riau,15100.0,14750.0,1200.0,4,0.0,Rp0,True
2024-01-08,5,Kepulauan Riau,14300.0,14750.0,1200.0,4,0.0,Rp0,True
2024-01-08,6,Jambi,14150.0,14750.0,1200.0,5,0.0,Rp0,True
2024-01-08,7,Bengkulu,14800.0,14750.0,1200.0,4,0.0,Rp0,True
2024-01-08,8,Sumatera Selatan,14400.0,14750.0,1200.0,4,-0.35,-Rp50,True
2024-01-08,9,Kepulauan Bangka Belitung,14650.0,14750.0,1200.0,4,0.34,Rp50,True
2024-01-08,10,Lampung,13650.0,14750.0,1200.0,5,0.0,Rp0,True
2024-01-08,11,Banten,14600.0,14750.0,1200.0,4,0.0,Rp0,True
2024-01-08,12,Jawa Barat,14050.0,14750.0,1200.0,5,0.0,Rp0,True
2024-01-08,13,DKI Jakarta,15400.0,14750.0,1200.0,3,0.0,Rp0,True
2024-01-08,14,Jawa Tengah,13900.0,14750.0,1200.0,5,0.36,Rp50,True
2024-01-08,15,DI Yogyakarta,14000.0,14750.0,1200.0,5,0.0,Rp0,True
2024-01-08,16,Jawa Timur,13750.0,14750.0,1200.0,5,0.0,Rp0,True
2024-01-08,17,Bali,14400.0,14750.0,1200.0,4,0.0,Rp0,True
2024-01-08,18,Nusa Tenggara Barat,13300.0,14750.0,1200.0,5,0.0,Rp0,True
2024-01-08,19,Nusa Tenggara Timur,15100.0,14750.0,1200.0,4,0.0,Rp0,True
2024-01-08,20,Kalimantan Barat,15650.0,14750.0,1200.0,3,0.0,Rp0,True
2024-01-08,21,Kalimantan Selatan,17700.0,14750.0,1200.0,1,0.0,Rp0,True
2024-01-08,22,Kalimantan Tengah,18800.0,14750.0,1200.0,1,0.0,Rp0,True
2024-01-08,23,Kalimantan Timur,15050.0,14750.0,1200.0,4,0.0,Rp0,True
2024-01-08,24,Kalimantan Utara,16150.0,14750.0,1200.0,3,0.31,Rp50,True
2024-01-08,25,Gorontalo,14400.0,14750.0,1200.0,4,-1.71,-Rp250,True
2024-01-08,26,Sulawesi Selatan,13000.0,14750.0,1200.0,5,0.0,Rp0,True
2024-01-08,27,Sulawesi Tenggara,14100.0,14750.0,1200.0,5,0.0,Rp0,True
2024-01-08,28,Sulawesi Tengah,13850.0,14750.0,1200.0,5,0.0,Rp0,True
2024-01-08,29,Sulawesi Utara,13650.0,14750.0,1200.0,5,0.37,Rp50,True
2024-01-08,30,Sulawesi Barat,13400.0,14750.0,1200.0,5,0.37,Rp50,True
2024-01-08,31,Maluku,15200.0,14750.0,1200.0,4,0.0,Rp0,True
2024-01-08,32,Maluku Utara,15750.0,14750.0,1200.0,3,0.0,Rp0,True
2024-01-08,33,Papua,15350.0,14750.0,1200.0,3,0.0,Rp0,True
2024-01-08,34,Papua Barat,15650.0,14750.0,1200.0,3,1.29,Rp200,True
2024-01-09,1,Aceh,13800.0,14750.0,1200.0,5,0.36,Rp50,True
2024-01-09,2,Sumatera Utara,13500.0,14750.0,1200.0,5,0.0,Rp0,True
2024-01-09,3,Sumatera Barat,16350.0,14750.0,1200.0,3,0.0,Rp0,True
2024-01-09,4,Riau,15100.0,14750.0,1200.0,4,0.0,Rp0,True
2024-01-09,5,Kepulauan Riau,14300.0,14750.0,1200.0,4,0.0,Rp0,True
2024-01-09,6,Jambi,14150.0,14750.0,1200.0,5,0.0,Rp0,True
2024-01-09,7,Bengkulu,14950.0,14750.0,1200.0,4,1.01,Rp150,True
2024-01-09,8,Sumatera Selatan,14400.0,14750.0,1200.0,4,0.0,Rp0,True
2024-01-09,9,Kepulauan Bangka Belitung,14650.0,14750.0,1200.0,4,0.0,Rp0,True
2024-01-09,10,Lampung,13650.0,14750.0,1200.0,5,0.0,Rp0,True
2024-01-09,11,Banten,14600.0,14750.0,1200.0,4,0.0,Rp0,True
2024-01-09,12,Jawa Barat,14050.0,14750.0,1200.0,5,0.0,Rp0,True
2024-01-09,13,DKI Jakarta,15400.0,14750.0,1200.0,3,0.0,Rp0,True
2024-01-09,14,Jawa Tengah,13900.0,14750.0,1200.0,5,0.0,Rp0,True
2024-01-09,15,DI Yogyakarta,14000.0,14750.0,1200.0,5,0.0,Rp0,True
2024-01-09,16,Jawa Timur,13750.0,14750.0,1200.0,5,0.0,Rp0,True
2024-01-09,17,Bali,14400.0,14750.0,1200.0,4,0.0,Rp0,True
2024-01-09,18,Nusa Tenggara Barat,13300.0,14750.0,1200.0,5,0.0,Rp0,True
2024-01-09,19,Nusa Tenggara Timur,15100.0,14750.0,1200.0,4,0.0,Rp0,True
2024-01-09,20,Kalimantan Barat,15650.0,14750.0,1200.0,3,0.0,Rp0,True
2024-01-09,21,Kalimantan Selatan,17700.0,14750.0,1200.0,1,0.0,Rp0,True
2024-01-09,22,Kalimantan Tengah,18800.0,14750.0,1200.0,1,0.0,Rp0,True
2024-01-09,23,Kalimantan Timur,15050.0,14750.0,1200.0,4,0.0,Rp0,True
2024-01-09,24,Kalimantan Utara,16150.0,14750.0,1200.0,3,0.0,Rp0,True
2024-01-09,25,Gorontalo,14400.0,14750.0,1200.0,4,0.0,Rp0,True
2024-01-09,26,Sulawesi Selatan,13000.0,14750.0,1200.0,5,0.0,Rp0,True
2024-01-09,27,Sulawesi Tenggara,14100.0,14750.0,1200.0,5,0.0,Rp0,True
2024-01-09,28,Sulawesi Tengah,13900.0,14750.0,1200.0,5,0.36,Rp50,True
2024-01-09,29,Sulawesi Utara,13650.0,14750.0,1200.0,5,0.0,Rp0,True
2024-01-09,30,Sulawesi Barat,13400.0,14750.0,1200.0,5,0.0,Rp0,True
2024-01-09,31,Maluku,15200.0,14750.0,1200.0,4,0.0,Rp0,True
2024-01-09,32,Maluku Utara,15750.0,14750.0,1200.0,3,0.0,Rp0,True
2024-01-09,33,Papua,15350.0,14750.0,1200.0,3,0.0,Rp0,True
2024-01-09,34,Papua Barat,15600.0,14750.0,1200.0,3,-0.32,-Rp50,True
2024-01-10,1,Aceh,13800.0,14800.0,1250.0,5,0.0,Rp0,True
2024-01-10,2,Sumatera Utara,13500.0,14800.0,1250.0,5,0.0,Rp0,True
2024-01-10,3,Sumatera Barat,16350.0,14800.0,1250.0,3,0.0,Rp0,True
2024-01-10,4,Riau,15400.0,14800.0,1250.0,3,1.99,Rp300,True
2024-01-10,5,Kepulauan Riau,14300.0,14800.0,1250.0,4,0.0,Rp0,True
2024-01-10,6,Jambi,14150.0,14800.0,1250.0,5,0.0,Rp0,True
2024-01-10,7,Bengkulu,14950.0,14800.0,1250.0,4,0.0,Rp0,True
2024-01-10,8,Sumatera Selatan,14400.0,14800.0,1250.0,4,0.0,Rp0,True
2024-01-10,9,Kepulauan Bangka Belitung,14650.0,14800.0,1250.0,4,0.0,Rp0,True
2024-01-10,10,Lampung,13650.0,14800.0,1250.0,5,0.0,Rp0,True
2024-01-10,11,Banten,14600.0,14800.0,1250.0,4,0.0,Rp0,True
2024-01-10,12,Jawa Barat,14050.0,14800.0,1250.0,5,0.0,Rp0,True
2024-01-10,13,DKI Jakarta,15400.0,14800.0,1250.0,3,0.0,Rp0,True
2024-01-10,14,Jawa Tengah,13900.0,14800.0,1250.0,5,0.0,Rp0,True
2024-01-10,15,DI Yogyakarta,14000.0,14800.0,1250.0,5,0.0,Rp0,True
2024-01-10,16,Jawa Timur,13750.0,14800.0,1250.0,5,0.0,Rp0,True
2024-01-10,17,Bali,14400.0,14800.0,1250.0,4,0.0,Rp0,True
2024-01-10,18,Nusa Tenggara Barat,13300.0,14800.0,1250.0,5,0.0,Rp0,True
2024-01-10,19,Nusa Tenggara Timur,15100.0,14800.0,1250.0,4,0.0,Rp0,True
2024-01-10,20,Kalimantan Barat,15650.0,14800.0,1250.0,3,0.0,Rp0,True
2024-01-10,21,Kalimantan Selatan,17700.0,14800.0,1250.0,1,0.0,Rp0,True
2024-01-10,22,Kalimantan Tengah,18800.0,14800.0,1250.0,1,0.0,Rp0,True
2024-01-10,23,Kalimantan Timur,16900.0,14800.0,1250.0,2,12.29,Rp1850,True
2024-01-10,24,Kalimantan Utara,16150.0,14800.0,1250.0,3,0.0,Rp0,True
2024-01-10,25,Gorontalo,14400.0,14800.0,1250.0,4,0.0,Rp0,True
2024-01-10,26,Sulawesi Selatan,13000.0,14800.0,1250.0,5,0.0,Rp0,True
2024-01-10,27,Sulawesi Tenggara,14100.0,14800.0,1250.0,5,0.0,Rp0,True
2024-01-10,28,Sulawesi Tengah,13900.0,14800.0,1250.0,5,0.0,Rp0,True
2024-01-10,29,Sulawesi Utara,13650.0,14800.0,1250.0,5,0.0,Rp0,True
2024-01-10,30,Sulawesi Barat,13400.0,14800.0,1250.0,5,0.0,Rp0,True
2024-01-10,31,Maluku,15200.0,14800.0,1250.0,4,0.0,Rp0,True
2024-01-10,32,Maluku Utara,15750.0,14800.0,1250.0,3,0.0,Rp0,True
2024-01-10,33,Papua,15350.0,14800.0,1250.0,3,0.0,Rp0,True
2024-01-10,34,Papua Barat,15600.0,14800.0,1250.0,3,0.0,Rp0,True
2024-01-11,1,Aceh,13800.0,14750.0,1200.0,5,0.0,Rp0,True
2024-01-11,2,Sumatera Utara,13500.0,14750.0,1200.0,5,0.0,Rp0,True
2024-01-11,3,Sumatera Barat,16350.0,14750.0,1200.0,3,0.0,Rp0,True
2024-01-11,4,Riau,15250.0,14750.0,1200.0,4,-0.97,-Rp150,True
2024-01-11,5,Kepulauan Riau,14300.0,14750.0,1200.0,4,0.0,Rp0,True
2024-01-11,6,Jambi,14150.0,14750.0,1200.0,5,0.0,Rp0,True
2024-01-11,7,Bengkulu,14950.0,14750.0,1200.0,4,0.0,Rp0,True
2024-01-11,8,Sumatera Selatan,14400.0,14750.0,1200.0,4,0.0,Rp0,True
2024-01-11,9,Kepulauan Bangka Belitung,14650.0,14750.0,1200.0,4,0.0,Rp0,True
2024-01-11,10,Lampung,13700.0,14750.0,1200.0,5,0.37,Rp50,True
2024-01-11,11,Banten,14600.0,14750.0,1200.0,4,0.0,Rp0,True
2024-01-11,12,Jawa Barat,14100.0,14750.0,1200.0,5,0.36,Rp50,True
2024-01-11,13,DKI Jakarta,15400.0,14750.0,1200.0,3,0.0,Rp0,True
2024-01-11,14,Jawa Tengah,13900.0,14750.0,1200.0,5,0.0,Rp0,True
2024-01-11,15,DI Yogyakarta,14000.0,14750.0,1200.0,5,0.0,Rp0,True
2024-01-11,16,Jawa Timur,13750.0,14750.0,1200.0,5,0.0,Rp0,True
2024-01-11,17,Bali,14400.0,14750.0,1200.0,4,0.0,Rp0,True
2024-01-11,18,Nusa Tenggara Barat,13300.0,14750.0,1200.0,5,0.0,Rp0,True
2024-01-11,19,Nusa Tenggara Timur,15100.0,14750.0,1200.0,4,0.0,Rp0,True
2024-01-11,20,Kalimantan Barat,15650.0,14750.0,1200.0,3,0.0,Rp0,True
2024-01-11,21,Kalimantan Selatan,17700.0,14750.0,1200.0,1,0.0,Rp0,True
2024-01-11,22,Kalimantan Tengah,18800.0,14750.0,1200.0,1,0.0,Rp0,True
2024-01-11,23,Kalimantan Timur,15400.0,14750.0,1200.0,3,-8.88,-Rp1500,True
2024-01-11,24,Kalimantan Utara,16000.0,14750.0,1200.0,3,-0.93,-Rp150,True
2024-01-11,25,Gorontalo,14400.0,14750.0,1200.0,4,0.0,Rp0,True
2024-01-11,26,Sulawesi Selatan,13000.0,14750.0,1200.0,5,0.0,Rp0,True
2024-01-11,27,Sulawesi Tenggara,14100.0,14750.0,1200.0,5,0.0,Rp0,True
2024-01-11,28,Sulawesi Tengah,13900.0,14750.0,1200.0,5,0.0,Rp0,True
2024-01-11,29,Sulawesi Utara,13650.0,14750.0,1200.0,5,0.0,Rp0,True
2024-01-11,30,Sulawesi Barat,13450.0,14750.0,1200.0,5,0.37,Rp50,True
2024-01-11,31,Maluku,15200.0,14750.0,1200.0,4,0.0,Rp0,True
2024-01-11,32,Maluku Utara,15750.0,14750.0,1200.0,3,0.0,Rp0,True
2024-01-11,33,Papua,15350.0,14750.0,1200.0,3,0.0,Rp0,True
2024-01-11,34,Papua Barat,15600.0,14750.0,1200.0,3,0.0,Rp0,True
2024-01-12,1,Aceh,13800.0,14750.0,1200.0,5,0.0,Rp0,True
2024-01-12,2,Sumatera Utara,13500.0,14750.0,1200.0,5,0.0,Rp0,True
2024-01-12,3,Sumatera Barat,16350.0,14750.0,1200.0,3,0.0,Rp0,True
2024-01-12,4,Riau,15250.0,14750.0,1200.0,4,0.0,Rp0,True
2024-01-12,5,Kepulauan Riau,14300.0,14750.0,1200.0,4,0.0,Rp0,True
2024-01-12,6,Jambi,14150.0,14750.0,1200.0,5,0.0,Rp0,True
2024-01-12,7,Bengkulu,15000.0,14750.0,1200.0,4,0.33,Rp50,True
2024-01-12,8,Sumatera Selatan,14400.0,14750.0,1200.0,4,0.0,Rp0,True
2024-01-12,9,Kepulauan Bangka Belitung,14650.0,14750.0,1200.0,4,0.0,Rp0,True
2024-01-12,10,Lampung,13700.0,14750.0,1200.0,5,0.0,Rp0,True
2024-01-12,11,Banten,14600.0,14750.0,1200.0,4,0.0,Rp0,True
2024-01-12,12,Jawa Barat,14100.0,14750.0,1200.0,5,0.0,Rp0,True
2024-01-12,13,DKI Jakarta,15400.0,14750.0,1200.0,3,0.0,Rp0,True
2024-01-12,14,Jawa Tengah,13900.0,14750.0,1200.0,5,0.0,Rp0,True
2024-01-12,15,DI Yogyakarta,14000.0,14750.0,1200.0,5,0.0,Rp0,True
2024-01-12,16,Jawa Timur,13750.0,14750.0,1200.0,5,0.0,Rp0,True
2024-01-12,17,Bali,14400.0,14750.0,1200.0,4,0.0,Rp0,True
2024-01-12,18,Nusa Tenggara Barat,13300.0,14750.0,1200.0,5,0.0,Rp0,True
2024-01-12,19,Nusa Tenggara Timur,15100.0,14750.0,1200.0,4,0.0,Rp0,True
2024-01-12,20,Kalimantan Barat,15650.0,14750.0,1200.0,3,0.0,Rp0,True
2024-01-12,21,Kalimantan Selatan,17700.0,14750.0,1200.0,1,0.0,Rp0,True
2024-01-12,22,Kalimantan Tengah,18800.0,14750.0,1200.0,1,0.0,Rp0,True
2024-01-12,23,Kalimantan Timur,15050.0,14750.0,1200.0,4,-2.27,-Rp350,True
2024-01-12,24,Kalimantan Utara,16150.0,14750.0,1200.0,3,0.94,Rp150,True
2024-01-12,25,Gorontalo,14400.0,14750.0,1200.0,4,0.0,Rp0,True
2024-01-12,26,Sulawesi Selatan,13000.0,14750.0,1200.0,5,0.0,Rp0,True
2024-01-12,27,Sulawesi Tenggara,14100.0,14750.0,1200.0,5,0.0,Rp0,True
2024-01-12,28,Sulawesi Tengah,13900.0,14750.0,1200.0,5,0.0,Rp0,True
2024-01-12,29,Sulawesi Utara,13650.0,14750.0,1200.0,5,0.0,Rp0,True
2024-01-12,30,Sulawesi Barat,13450.0,14750.0,1200.0,5,0.0,Rp0,True
2024-01-12,31,Maluku,15200.0,14750.0,1200.0,4,0.0,Rp0,True
2024-01-12,32,Maluku Utara,15750.0,14750.0,1200.0,3,0.0,Rp0,True
2024-01-12,33,Papua,15350.0,14750.0,1200.0,3,0.0,Rp0,True
2024-01-12,34,Papua Barat,15600.0,14750.0,1200.0,3,0.0,Rp0,True
2024-01-13,1,Aceh,13800.0,14750.0,1200.0,5,0.0,Rp0,True
2024-01-13,2,Sumatera Utara,13500.0,14750.0,1200.0,5,0.0,Rp0,True
2024-01-13,3,Sumatera Barat,16350.0,14750.0,1200.0,3,0.0,Rp0,True
2024-01-13,4,Riau,15250.0,14750.0,1200.0,4,0.0,Rp0,True
2024-01-13,5,Kepulauan Riau,14300.0,14750.0,1200.0,4,0.0,Rp0,True
2024-01-13,6,Jambi,14150.0,14750.0,1200.0,5,0.0,Rp0,True
2024-01-13,7,Bengkulu,15000.0,14750.0,1200.0,4,0.33,Rp50,True
2024-01-13,8,Sumatera Selatan,14400.0,14750.0,1200.0,4,0.0,Rp0,True
2024-01-13,9,Kepulauan Bangka Belitung,14650.0,14750.0,1200.0,4,0.0,Rp0,True
2024-01-13,10,Lampung,13700.0,14750.0,1200.0,5,0.0,Rp0,True
2024-01-13,11,Banten,14600.0,14750.0,1200.0,4,0.0,Rp0,True
2024-01-13,12,Jawa Barat,14100.0,14750.0,1200.0,5,0.0,Rp0,True
2024-01-13,13,DKI Jakarta,15400.0,14750.0,1200.0,3,0.0,Rp0,True
2024-01-13,14,Jawa Tengah,13900.0,14750.0,1200.0,5,0.0,Rp0,True
2024-01-13,15,DI Yogyakarta,14000.0,14750.0,1200.0,5,0.0,Rp0,True
2024-01-13,16,Jawa Timur,13750.0,14750.0,1200.0,5,0.0,Rp0,True
2024-01-13,17,Bali,14400.0,14750.0,1200.0,4,0.0,Rp0,True
2024-01-13,18,Nusa Tenggara Barat,13300.0,14750.0,1200.0,5,0.0,Rp0,True
2024-01-13,19,Nusa Tenggara Timur,15100.0,14750.0,1200.0,4,0.0,Rp0,True
2024-01-13,20,Kalimantan Barat,15650.0,14750.0,1200.0,3,0.0,Rp0,True
2024-01-13,21,Kalimantan Selatan,17700.0,14750.0,1200.0,1,0.0,Rp0,True
2024-01-13,22,Kalimantan Tengah,18800.0,14750.0,1200.0,1,0.0,Rp0,True
2024-01-13,23,Kalimantan Timur,15050.0,14750.0,1200.0,4,-2.27,-Rp350,True
2024-01-13,24,Kalimantan Utara,16150.0,14750.0,1200.0,3,0.94,Rp150,True
2024-01-13,25,Gorontalo,14400.0,14750.0,1200.0,4,0.0,Rp0,True
2024-01-13,26,Sulawesi Selatan,13000.0,14750.0,1200.0,5,0.0,Rp0,True
2024-01-13,27,Sulawesi Tenggara,14100.0,14750.0,1200.0,5,0.0,Rp0,True
2024-01-13,28,Sulawesi Tengah,13900.0,14750.0,1200.0,5,0.0,Rp0,True
2024-01-13,29,Sulawesi Utara,13650.0,14750.0,1200.0,5,0.0,Rp0,True
2024-01-13,30,Sulawesi Barat,13450.0,14750.0,1200.0,5,0.0,Rp0,True
2024-01-13,31,Maluku,15200.0,14750.0,1200.0,4,0.0,Rp0,True
2024-01-13,32,Maluku Utara,15750.0,14750.0,1200.0,3,0.0,Rp0,True
2024-01-13,33,Papua,15350.0,14750.0,1200.0,3,0.0,Rp0,True
2024-01-13,34,Papua Barat,15600.0,14750.0,1200.0,3,0.0,Rp0,True
2024-01-14,1,Aceh,13800.0,14750.0,1200.0,5,0.0,Rp0,True
2024-01-14,2,Sumatera Utara,13500.0,14750.0,1200.0,5,0.0,Rp0,True
2024-01-14,3,Sumatera Barat,16350.0,14750.0,1200.0,3,0.0,Rp0,True
2024-01-14,4,Riau,15250.0,14750.0,1200.0,4,0.0,Rp0,True
2024-01-14,5,Kepulauan Riau,14300.0,14750.0,1200.0,4,0.0,Rp0,True
2024-01-14,6,Jambi,14150.0,14750.0,1200.0,5,0.0,Rp0,True
2024-01-14,7,Bengkulu,15000.0,14750.0,1200.0,4,0.33,Rp50,True
2024-01-14,8,Sumatera Selatan,14400.0,14750.0,1200.0,4,0.0,Rp0,True
2024-01-14,9,Kepulauan Bangka Belitung,14650.0,14750.0,1200.0,4,0.0,Rp0,True
2024-01-14,10,Lampung,13700.0,14750.0,1200.0,5,0.0,Rp0,True
2024-01-14,11,Banten,14600.0,14750.0,1200.0,4,0.0,Rp0,True
2024-01-14,12,Jawa Barat,14100.0,14750.0,1200.0,5,0.0,Rp0,True
2024-01-14,13,DKI Jakarta,15400.0,14750.0,1200.0,3,0.0,Rp0,True
2024-01-14,14,Jawa Tengah,13900.0,14750.0,1200.0,5,0.0,Rp0,True
2024-01-14,15,DI Yogyakarta,14000.0,14750.0,1200.0,5,0.0,Rp0,True
2024-01-14,16,Jawa Timur,13750.0,14750.0,1200.0,5,0.0,Rp0,True
2024-01-14,17,Bali,14400.0,14750.0,1200.0,4,0.0,Rp0,True
2024-01-14,18,Nusa Tenggara Barat,13300.0,14750.0,1200.0,5,0.0,Rp0,True
2024-01-14,19,Nusa Tenggara Timur,15100.0,14750.0,1200.0,4,0.0,Rp0,True
2024-01-14,20,Kalimantan Barat,15650.0,14750.0,1200.0,3,0.0,Rp0,True
2024-01-14,21,Kalimantan Selatan,17700.0,14750.0,1200.0,1,0.0,Rp0,True
2024-01-14,22,Kalimantan Tengah,18800.0,14750.0,1200.0,1,0.0,Rp0,True
2024-01-14,23,Kalimantan Timur,15050.0,14750.0,1200.0,4,-2.27,-Rp350,True
2024-01-14,24,Kalimantan Utara,16150.0,14750.0,1200.0,3,0.94,Rp150,True
2024-01-14,25,Gorontalo,14400.0,14750.0,1200.0,4,0.0,Rp0,True
2024-01-14,26,Sulawesi Selatan,13000.0,14750.0,1200.0,5,0.0,Rp0,True
2024-01-14,27,Sulawesi Tenggara,14100.0,14750.0,1200.0,5,0.0,Rp0,True
2024-01-14,28,Sulawesi Tengah,13900.0,14750.0,1200.0,5,0.0,Rp0,True
2024-01-14,29,Sulawesi Utara,13650.0,14750.0,1200.0,5,0.0,Rp0,True
2024-01-14,30,Sulawesi Barat,13450.0,14750.0,1200.0,5,0.0,Rp0,True
2024-01-14,31,Maluku,15200.0,14750.0,1200.0,4,0.0,Rp0,True
2024-01-14,32,Maluku Utara,15750.0,14750.0,1200.0,3,0.0,Rp0,True
2024-01-14,33,Papua,15350.0,14750.0,1200.0,3,0.0,Rp0,True
2024-01-14,34,Papua Barat,15600.0,14750.0,1200.0,3,0.0,Rp0,True
2024-01-15,1,Aceh,13800.0,14800.0,1200.0,6,0.0,,True
2024-01-15,2,Sumatera Utara,13500.0,14800.0,1200.0,6,0.0,,True
2024-01-15,3,Sumatera Barat,16350.0,14800.0,1200.0,6,0.0,,True
2024-01-15,4,Riau,15250.0,14800.0,1200.0,6,0.0,,True
2024-01-15,5,Kepulauan Riau,14300.0,14800.0,1200.0,6,0.0,,True
2024-01-15,6,Jambi,14150.0,14800.0,1200.0,6,0.0,,True
2024-01-15,7,Bengkulu,15000.0,14800.0,1200.0,6,0.0,,True
2024-01-15,8,Sumatera Selatan,14400.0,14800.0,1200.0,6,0.0,,True
2024-01-15,9,Kepulauan Bangka Belitung,14650.0,14800.0,1200.0,6,0.0,,True
2024-01-15,10,Lampung,13700.0,14800.0,1200.0,6,0.0,,True
2024-01-15,11,Banten,14600.0,14800.0,1200.0,6,0.0,,True
2024-01-15,12,Jawa Barat,14150.0,14800.0,1200.0,6,0.0,,True
2024-01-15,13,DKI Jakarta,15400.0,14800.0,1200.0,6,0.0,,True
2024-01-15,14,Jawa Tengah,14000.0,14800.0,1200.0,6,0.0,,True
2024-01-15,15,DI Yogyakarta,14000.0,14800.0,1200.0,6,0.0,,True
2024-01-15,16,Jawa Timur,13750.0,14800.0,1200.0,6,0.0,,True
2024-01-15,17,Bali,14400.0,14800.0,1200.0,6,0.0,,True
2024-01-15,18,Nusa Tenggara Barat,13300.0,14800.0,1200.0,6,0.0,,True
2024-01-15,19,Nusa Tenggara Timur,15100.0,14800.0,1200.0,6,0.0,,True
2024-01-15,20,Kalimantan Barat,15650.0,14800.0,1200.0,6,0.0,,True
2024-01-15,21,Kalimantan Selatan,17700.0,14800.0,1200.0,6,0.0,,True
2024-01-15,22,Kalimantan Tengah,18800.0,14800.0,1200.0,6,0.0,,True
2024-01-15,23,Kalimantan Timur,15100.0,14800.0,1200.0,6,0.0,,True
2024-01-15,24,Kalimantan Utara,16150.0,14800.0,1200.0,6,0.0,,True
2024-01-15,25,Gorontalo,14650.0,14800.0,1200.0,6,0.0,,True
2024-01-15,26,Sulawesi Selatan,13050.0,14800.0,1200.0,6,0.0,,True
2024-01-15,27,Sulawesi Tenggara,14100.0,14800.0,1200.0,6,0.0,,True
2024-01-15,28,Sulawesi Tengah,14400.0,14800.0,1200.0,6,0.0,,True
2024-01-15,29,Sulawesi Utara,13650.0,14800.0,1200.0,6,0.0,,True
2024-01-15,30,Sulawesi Barat,13500.0,14800.0,1200.0,6,0.0,,True
2024-01-15,31,Maluku,15200.0,14800.0,1200.0,6,0.0,,True
2024-01-15,32,Maluku Utara,15750.0,14800.0,1200.0,6,0.0,,True
2024-01-15,33,Papua,15350.0,14800.0,1200.0,6,0.0,,True
2024-01-15,34,Papua Barat,15600.0,14800.0,1200.0,6,0.0,,True
2024-01-16,1,Aceh,13800.0,14800.0,1200.0,5,0.0,Rp0,True
2024-01-16,2,Sumatera Utara,13500.0,14800.0,1200.0,5,0.0,Rp0,True
2024-01-16,3,Sumatera Barat,16350.0,14800.0,1200.0,3,0.0,Rp0,True
2024-01-16,4,Riau,15300.0,14800.0,1200.0,4,0.33,Rp50,True
2024-01-16,5,Kepulauan Riau,14300.0,14800.0,1200.0,4,0.0,Rp0,True
2024-01-16,6,Jambi,14150.0,14800.0,1200.0,5,0.0,Rp0,True
2024-01-16,7,Bengkulu,15000.0,14800.0,1200.0,4,0.0,Rp0,True
2024-01-16,8,Sumatera Selatan,14400.0,14800.0,1200.0,4,0.0,Rp0,True
2024-01-16,9,Kepulauan Bangka Belitung,14650.0,14800.0,1200.0,4,0.0,Rp0,True
2024-01-16,10,Lampung,13700.0,14800.0,1200.0,5,0.0,Rp0,True
2024-01-16,11,Banten,14600.0,14800.0,1200.0,4,0.0,Rp0,True
2024-01-16,12,Jawa Barat,14250.0,14800.0,1200.0,4,0.71,Rp100,True
2024-01-16,13,DKI Jakarta,15400.0,14800.0,1200.0,3,0.0,Rp0,True
2024-01-16,14,Jawa Tengah,14000.0,14800.0,1200.0,5,0.0,Rp0,True
2024-01-16,15,DI Yogyakarta,14000.0,14800.0,1200.0,5,0.0,Rp0,True
2024-01-16,16,Jawa Timur,13750.0,14800.0,1200.0,5,0.0,Rp0,True
2024-01-16,17,Bali,14400.0,14800.0,1200.0,4,0.0,Rp0,True
2024-01-16,18,Nusa Tenggara Barat,13300.0,14800.0,1200.0,5,0.0,Rp0,True
2024-01-16,19,Nusa Tenggara Timur,15100.0,14800.0,1200.0,4,0.0,Rp0,True
2024-01-16,20,Kalimantan Barat,15650.0,14800.0,1200.0,3,0.0,Rp0,True
2024-01-16,21,Kalimantan Selatan,17700.0,14800.0,1200.0,1,0.0,Rp0,True
2024-01-16,22,Kalimantan Tengah,18800.0,14800.0,1200.0,1,0.0,Rp0,True
2024-01-16,23,Kalimantan Timur,15050.0,14800.0,1200.0,4,-0.33,-Rp50,True
2024-01-16,24,Kalimantan Utara,16150.0,14800.0,1200.0,3,0.0,Rp0,True
2024-01-16,25,Gorontalo,14650.0,14800.0,1200.0,4,0.0,Rp0,True
2024-01-16,26,Sulawesi Selatan,13050.0,14800.0,1200.0,5,0.0,Rp0,True
2024-01-16,27,Sulawesi Tenggara,14150.0,14800.0,1200.0,5,0.35,Rp50,True
2024-01-16,28,Sulawesi Tengah,14400.0,14800.0,1200.0,4,0.0,Rp0,True
2024-01-16,29,Sulawesi Utara,13650.0,14800.0,1200.0,5,0.0,Rp0,True
2024-01-16,30,Sulawesi Barat,13550.0,14800.0,1200.0,5,0.37,Rp50,True
2024-01-16,31,Maluku,15200.0,14800.0,1200.0,4,0.0,Rp0,True
2024-01-16,32,Maluku Utara,15750.0,14800.0,1200.0,3,0.0,Rp0,True
2024-01-16,33,Papua,15350.0,14800.0,1200.0,4,0.0,Rp0,True
2024-01-16,34,Papua Barat,15600.0,14800.0,1200.0,3,0.0,Rp0,True
2024-01-17,1,Aceh,13800.0,14800.0,1200.0,5,0.0,Rp0,True
2024-01-17,2,Sumatera Utara,13500.0,14800.0,1200.0,5,0.0,Rp0,True
2024-01-17,3,Sumatera Barat,16350.0,14800.0,1200.0,3,0.0,Rp0,True
2024-01-17,4,Riau,15300.0,14800.0,1200.0,4,0.0,Rp0,True
2024-01-17,5,Kepulauan Riau,14300.0,14800.0,1200.0,4,0.0,Rp0,True
2024-01-17,6,Jambi,14150.0,14800.0,1200.0,5,0.0,Rp0,True
2024-01-17,7,Bengkulu,15000.0,14800.0,1200.0,4,0.0,Rp0,True
2024-01-17,8,Sumatera Selatan,14400.0,14800.0,1200.0,4,0.0,Rp0,True
2024-01-17,9,Kepulauan Bangka Belitung,14650.0,14800.0,1200.0,4,0.0,Rp0,True
2024-01-17,10,Lampung,13700.0,14800.0,1200.0,5,0.0,Rp0,True
2024-01-17,11,Banten,14600.0,14800.0,1200.0,4,0.0,Rp0,True
2024-01-17,12,Jawa Barat,14300.0,14800.0,1200.0,4,0.35,Rp50,True
2024-01-17,13,DKI Jakarta,15400.0,14800.0,1200.0,3,0.0,Rp0,True
2024-01-17,14,Jawa Tengah,14000.0,14800.0,1200.0,5,0.0,Rp0,True
2024-01-17,15,DI Yogyakarta,14000.0,14800.0,1200.0,5,0.0,Rp0,True
2024-01-17,16,Jawa Timur,13800.0,14800.0,1200.0,5,0.36,Rp50,True
2024-01-17,17,Bali,14400.0,14800.0,1200.0,4,0.0,Rp0,True
2024-01-17,18,Nusa Tenggara Barat,13300.0,14800.0,1200.0,5,0.0,Rp0,True
2024-01-17,19,Nusa Tenggara Timur,15100.0,14800.0,1200.0,4,0.0,Rp0,True
2024-01-17,20,Kalimantan Barat,15650.0,14800.0,1200.0,3,0.0,Rp0,True
2024-01-17,21,Kalimantan Selatan,17700.0,14800.0,1200.0,1,0.0,Rp0,True
2024-01-17,22,Kalimantan Tengah,18800.0,14800.0,1200.0,1,0.0,Rp0,True
2024-01-17,23,Kalimantan Timur,15100.0,14800.0,1200.0,4,0.33,Rp50,True
2024-01-17,24,Kalimantan Utara,16150.0,14800.0,1200.0,3,0.0,Rp0,True
2024-01-17,25,Gorontalo,14650.0,14800.0,1200.0,4,0.0,Rp0,True
2024-01-17,26,Sulawesi Selatan,13050.0,14800.0,1200.0,5,0.0,Rp0,True
2024-01-17,27,Sulawesi Tenggara,14150.0,14800.0,1200.0,5,0.0,Rp0,True
2024-01-17,28,Sulawesi Tengah,14400.0,14800.0,1200.0,4,0.0,Rp0,True
2024-01-17,29,Sulawesi Utara,13650.0,14800.0,1200.0,5,0.0,Rp0,True
2024-01-17,30,Sulawesi Barat,13650.0,14800.0,1200.0,5,0.74,Rp100,True
2024-01-17,31,Maluku,15200.0,14800.0,1200.0,4,0.0,Rp0,True
2024-01-17,32,Maluku Utara,15750.0,14800.0,1200.0,3,0.0,Rp0,True
2024-01-17,33,Papua,15350.0,14800.0,1200.0,4,0.0,Rp0,True
2024-01-17,34,Papua Barat,15600.0,14800.0,1200.0,3,0.0,Rp0,True
2024-01-18,1,Aceh,13800.0,14800.0,1200.0,5,0.0,Rp0,True
2024-01-18,2,Sumatera Utara,13500.0,14800.0,1200.0,5,0.0,Rp0,True
2024-01-18,3,Sumatera Barat,16350.0,14800.0,1200.0,3,0.0,Rp0,True
2024-01-18,4,Riau,15300.0,14800.0,1200.0,4,0.0,Rp0,True
2024-01-18,5,Kepulauan Riau,14300.0,14800.0,1200.0,4,0.0,Rp0,True
2024-01-18,6,Jambi,14150.0,14800.0,1200.0,5,0.0,Rp0,True
2024-01-18,7,Bengkulu,15000.0,14800.0,1200.0,4,0.0,Rp0,True
2024-01-18,8,Sumatera Selatan,14400.0,14800.0,1200.0,4,0.0,Rp0,True
2024-01-18,9,Kepulauan Bangka Belitung,14650.0,14800.0,1200.0,4,0.0,Rp0,True
2024-01-18,10,Lampung,13650.0,14800.0,1200.0,5,-0.36,-Rp50,True
2024-01-18,11,Banten,14600.0,14800.0,1200.0,4,0.0,Rp0,True
2024-01-18,12,Jawa Barat,14300.0,14800.0,1200.0,4,0.0,Rp0,True
2024-01-18,13,DKI Jakarta,15400.0,14800.0,1200.0,3,0.0,Rp0,True
2024-01-18,14,Jawa Tengah,14050.0,14800.0,1200.0,5,0.36,Rp50,True
2024-01-18,15,DI Yogyakarta,14000.0,14800.0,1200.0,5,0.0,Rp0,True
2024-01-18,16,Jawa Timur,13800.0,14800.0,1200.0,5,0.0,Rp0,True
2024-01-18,17,Bali,14400.0,14800.0,1200.0,4,0.0,Rp0,True
2024-01-18,18,Nusa Tenggara Barat,13300.0,14800.0,1200.0,5,0.0,Rp0,True
2024-01-18,19,Nusa Tenggara Timur,15100.0,14800.0,1200.0,4,0.0,Rp0,True
2024-01-18,20,Kalimantan Barat,15650.0,14800.0,1200.0,3,0.0,Rp0,True
2024-01-18,21,Kalimantan Selatan,17700.0,14800.0,1200.0,1,0.0,Rp0,True
2024-01-18,22,Kalimantan Tengah,18800.0,14800.0,1200.0,1,0.0,Rp0,True
2024-01-18,23,Kalimantan Timur,15100.0,14800.0,1200.0,4,0.0,Rp0,True
2024-01-18,24,Kalimantan Utara,16150.0,14800.0,1200.0,3,0.0,Rp0,True
2024-01-18,25,Gorontalo,14650.0,14800.0,1200.0,4,0.0,Rp0,True
2024-01-18,26,Sulawesi Selatan,13050.0,14800.0,1200.0,5,0.0,Rp0,True
2024-01-18,27,Sulawesi Tenggara,14150.0,14800.0,1200.0,5,0.0,Rp0,True
2024-01-18,28,Sulawesi Tengah,14400.0,14800.0,1200.0,4,0.0,Rp0,True
2024-01-18,29,Sulawesi Utara,13650.0,14800.0,1200.0,5,0.0,Rp0,True
2024-01-18,30,Sulawesi Barat,13650.0,14800.0,1200.0,5,0.0,Rp0,True
2024-01-18,31,Maluku,15200.0,14800.0,1200.0,4,0.0,Rp0,True
2024-01-18,32,Maluku Utara,15750.0,14800.0,1200.0,3,0.0,Rp0,True
2024-01-18,33,Papua,15350.0,14800.0,1200.0,4,0.0,Rp0,True
2024-01-18,34,Papua Barat,15600.0,14800.0,1200.0,3,0.0,Rp0,True
2024-01-19,1,Aceh,13800.0,14800.0,1200.0,5,0.0,Rp0,True
2024-01-19,2,Sumatera Utara,13500.0,14800.0,1200.0,5,0.0,Rp0,True
2024-01-19,3,Sumatera Barat,16350.0,14800.0,1200.0,3,0.0,Rp0,True
2024-01-19,4,Riau,15300.0,14800.0,1200.0,4,0.0,Rp0,True
2024-01-19,5,Kepulauan Riau,14300.0,14800.0,1200.0,4,0.0,Rp0,True
2024-01-19,6,Jambi,14150.0,14800.0,1200.0,5,0.0,Rp0,True
2024-01-19,7,Bengkulu,15000.0,14800.0,1200.0,4,0.0,Rp0,True
2024-01-19,8,Sumatera Selatan,14400.0,14800.0,1200.0,4,0.0,Rp0,True
2024-01-19,9,Kepulauan Bangka Belitung,14650.0,14800.0,1200.0,4,0.0,Rp0,True
2024-01-19,10,Lampung,13700.0,14800.0,1200.0,5,0.37,Rp50,True
2024-01-19,11,Banten,14600.0,14800.0,1200.0,4,0.0,Rp0,True
2024-01-19,12,Jawa Barat,14300.0,14800.0,1200.0,4,0.0,Rp0,True
2024-01-19,13,DKI Jakarta,15400.0,14800.0,1200.0,3,0.0,Rp0,True
2024-01-19,14,Jawa Tengah,14050.0,14800.0,1200.0,5,0.0,Rp0,True
2024-01-19,15,DI Yogyakarta,14000.0,14800.0,1200.0,5,0.0,Rp0,True
2024-01-19,16,Jawa Timur,13800.0,14800.0,1200.0,5,0.0,Rp0,True
2024-01-19,17,Bali,14550.0,14800.0,1200.0,4,1.04,Rp150,True
2024-01-19,18,Nusa Tenggara Barat,13300.0,14800.0,1200.0,5,0.0,Rp0,True
2024-01-19,19,Nusa Tenggara Timur,15100.0,14800.0,1200.0,4,0.0,Rp0,True
2024-01-19,20,Kalimantan Barat,15650.0,14800.0,1200.0,3,0.0,Rp0,True
2024-01-19,21,Kalimantan Selatan,17700.0,14800.0,1200.0,1,0.0,Rp0,True
2024-01-19,22,Kalimantan Tengah,18800.0,14800.0,1200.0,1,0.0,Rp0,True
2024-01-19,23,Kalimantan Timur,15050.0,14800.0,1200.0,4,-0.33,-Rp50,True
2024-01-19,24,Kalimantan Utara,16150.0,14800.0,1200.0,3,0.0,Rp0,True
2024-01-19,25,Gorontalo,14650.0,14800.0,1200.0,4,0.0,Rp0,True
2024-01-19,26,Sulawesi Selatan,13050.0,14800.0,1200.0,5,0.0,Rp0,True
2024-01-19,27,Sulawesi Tenggara,14150.0,14800.0,1200.0,5,0.0,Rp0,True
2024-01-19,28,Sulawesi Tengah,14400.0,14800.0,1200.0,4,0.0,Rp0,True
2024-01-19,29,Sulawesi Utara,13650.0,14800.0,1200.0,5,0.0,Rp0,True
2024-01-19,30,Sulawesi Barat,13700.0,14800.0,1200.0,5,0.37,Rp50,True
2024-01-19,31,Maluku,15200.0,14800.0,1200.0,4,0.0,Rp0,True
2024-01-19,32,Maluku Utara,15750.0,14800.0,1200.0,3,0.0,Rp0,True
2024-01-19,33,Papua,15400.0,14800.0,1200.0,3,0.33,Rp50,True
2024-01-19,34,Papua Barat,15600.0,14800.0,1200.0,3,0.0,Rp0,True
2024-01-20,1,Aceh,13800.0,14800.0,1200.0,5,0.0,Rp0,True
2024-01-20,2,Sumatera Utara,13500.0,14800.0,1200.0,5,0.0,Rp0,True
2024-01-20,3,Sumatera Barat,16350.0,14800.0,1200.0,3,0.0,Rp0,True
2024-01-20,4,Riau,15300.0,14800.0,1200.0,4,0.0,Rp0,True
2024-01-20,5,Kepulauan Riau,14300.0,14800.0,1200.0,4,0.0,Rp0,True
2024-01-20,6,Jambi,14150.0,14800.0,1200.0,5,0.0,Rp0,True
2024-01-20,7,Bengkulu,15000.0,14800.0,1200.0,4,0.0,Rp0,True
2024-01-20,8,Sumatera Selatan,14400.0,14800.0,1200.0,4,0.0,Rp0,True
2024-01-20,9,Kepulauan Bangka Belitung,14650.0,14800.0,1200.0,4,0.0,Rp0,True
2024-01-20,10,Lampung,13700.0,14800.0,1200.0,5,0.37,Rp50,True
2024-01-20,11,Banten,14600.0,14800.0,1200.0,4,0.0,Rp0,True
2024-01-20,12,Jawa Barat,14300.0,14800.0,1200.0,4,0.0,Rp0,True
2024-01-20,13,DKI Jakarta,15400.0,14800.0,1200.0,3,0.0,Rp0,True
2024-01-20,14,Jawa Tengah,14050.0,14800.0,1200.0,5,0.0,Rp0,True
2024-01-20,15,DI Yogyakarta,14000.0,14800.0,1200.0,5,0.0,Rp0,True
2024-01-20,16,Jawa Timur,13800.0,14800.0,1200.0,5,0.0,Rp0,True
2024-01-20,17,Bali,14550.0,14800.0,1200.0,4,1.04,Rp150,True
2024-01-20,18,Nusa Tenggara Barat,13300.0,14800.0,1200.0,5,0.0,Rp0,True
2024-01-20,19,Nusa Tenggara Timur,15100.0,14800.0,1200.0,4,0.0,Rp0,True
2024-01-20,20,Kalimantan Barat,15650.0,14800.0,1200.0,3,0.0,Rp0,True
2024-01-20,21,Kalimantan Selatan,17700.0,14800.0,1200.0,1,0.0,Rp0,True
2024-01-20,22,Kalimantan Tengah,18800.0,14800.0,1200.0,1,0.0,Rp0,True
2024-01-20,23,Kalimantan Timur,15050.0,14800.0,1200.0,4,-0.33,-Rp50,True
2024-01-20,24,Kalimantan Utara,16150.0,14800.0,1200.0,3,0.0,Rp0,True
2024-01-20,25,Gorontalo,14650.0,14800.0,1200.0,4,0.0,Rp0,True
2024-01-20,26,Sulawesi Selatan,13050.0,14800.0,1200.0,5,0.0,Rp0,True
2024-01-20,27,Sulawesi Tenggara,14150.0,14800.0,1200.0,5,0.0,Rp0,True
2024-01-20,28,Sulawesi Tengah,14400.0,14800.0,1200.0,4,0.0,Rp0,True
2024-01-20,29,Sulawesi Utara,13650.0,14800.0,1200.0,5,0.0,Rp0,True
2024-01-20,30,Sulawesi Barat,13700.0,14800.0,1200.0,5,0.37,Rp50,True
2024-01-20,31,Maluku,15200.0,14800.0,1200.0,4,0.0,Rp0,True
2024-01-20,32,Maluku Utara,15750.0,14800.0,1200.0,3,0.0,Rp0,True
2024-01-20,33,Papua,15400.0,14800.0,1200.0,3,0.33,Rp50,True
2024-01-20,34,Papua Barat,15600.0,14800.0,1200.0,3,0.0,Rp0,True
2024-01-21,1,Aceh,13800.0,14800.0,1200.0,5,0.0,Rp0,True
2024-01-21,2,Sumatera Utara,13500.0,14800.0,1200.0,5,0.0,Rp0,True
2024-01-21,3,Sumatera Barat,16350.0,14800.0,1200.0,3,0.0,Rp0,True
2024-01-21,4,Riau,15300.0,14800.0,1200.0,4,0.0,Rp0,True
2024-01-21,5,Kepulauan Riau,14300.0,14800.0,1200.0,4,0.0,Rp0,True
2024-01-21,6,Jambi,14150.0,14800.0,1200.0,5,0.0,Rp0,True
2024-01-21,7,Bengkulu,15000.0,14800.0,1200.0,4,0.0,Rp0,True
2024-01-21,8,Sumatera Selatan,14400.0,14800.0,1200.0,4,0.0,Rp0,True
2024-01-21,9,Kepulauan Bangka Belitung,14650.0,14800.0,1200.0,4,0.0,Rp0,True
2024-01-21,10,Lampung,13700.0,14800.0,1200.0,5,0.37,Rp50,True
2024-01-21,11,Banten,14600.0,14800.0,1200.0,4,0.0,Rp0,True
2024-01-21,12,Jawa Barat,14300.0,14800.0,1200.0,4,0.0,Rp0,True
2024-01-21,13,DKI Jakarta,15400.0,14800.0,1200.0,3,0.0,Rp0,True
2024-01-21,14,Jawa Tengah,14050.0,14800.0,1200.0,5,0.0,Rp0,True
2024-01-21,15,DI Yogyakarta,14000.0,14800.0,1200.0,5,0.0,Rp0,True
2024-01-21,16,Jawa Timur,13800.0,14800.0,1200.0,5,0.0,Rp0,True
2024-01-21,17,Bali,14550.0,14800.0,1200.0,4,1.04,Rp150,True
2024-01-21,18,Nusa Tenggara Barat,13300.0,14800.0,1200.0,5,0.0,Rp0,True
2024-01-21,19,Nusa Tenggara Timur,15100.0,14800.0,1200.0,4,0.0,Rp0,True
2024-01-21,20,Kalimantan Barat,15650.0,14800.0,1200.0,3,0.0,Rp0,True
2024-01-21,21,Kalimantan Selatan,17700.0,14800.0,1200.0,1,0.0,Rp0,True
2024-01-21,22,Kalimantan Tengah,18800.0,14800.0,1200.0,1,0.0,Rp0,True
2024-01-21,23,Kalimantan Timur,15050.0,14800.0,1200.0,4,-0.33,-Rp50,True
2024-01-21,24,Kalimantan Utara,16150.0,14800.0,1200.0,3,0.0,Rp0,True
2024-01-21,25,Gorontalo,14650.0,14800.0,1200.0,4,0.0,Rp0,True
2024-01-21,26,Sulawesi Selatan,13050.0,14800.0,1200.0,5,0.0,Rp0,True
2024-01-21,27,Sulawesi Tenggara,14150.0,14800.0,1200.0,5,0.0,Rp0,True
2024-01-21,28,Sulawesi Tengah,14400.0,14800.0,1200.0,4,0.0,Rp0,True
2024-01-21,29,Sulawesi Utara,13650.0,14800.0,1200.0,5,0.0,Rp0,True
2024-01-21,30,Sulawesi Barat,13700.0,14800.0,1200.0,5,0.37,Rp50,True
2024-01-21,31,Maluku,15200.0,14800.0,1200.0,4,0.0,Rp0,True
2024-01-21,32,Maluku Utara,15750.0,14800.0,1200.0,3,0.0,Rp0,True
2024-01-21,33,Papua,15400.0,14800.0,1200.0,3,0.33,Rp50,True
2024-01-21,34,Papua Barat,15600.0,14800.0,1200.0,3,0.0,Rp0,True
2024-01-22,1,Aceh,13800.0,14850.0,1200.0,5,0.0,Rp0,True
2024-01-22,2,Sumatera Utara,13500.0,14850.0,1200.0,5,0.0,Rp0,True
2024-01-22,3,Sumatera Barat,16350.0,14850.0,1200.0,3,0.0,Rp0,True
2024-01-22,4,Riau,15300.0,14850.0,1200.0,4,0.0,Rp0,True
2024-01-22,5,Kepulauan Riau,14300.0,14850.0,1200.0,4,0.0,Rp0,True
2024-01-22,6,Jambi,14150.0,14850.0,1200.0,5,0.0,Rp0,True
2024-01-22,7,Bengkulu,15000.0,14850.0,1200.0,4,0.0,Rp0,True
2024-01-22,8,Sumatera Selatan,14400.0,14850.0,1200.0,4,0.0,Rp0,True
2024-01-22,9,Kepulauan Bangka Belitung,14650.0,14850.0,1200.0,4,0.0,Rp0,True
2024-01-22,10,Lampung,13700.0,14850.0,1200.0,5,0.0,Rp0,True
2024-01-22,11,Banten,14900.0,14850.0,1200.0,4,2.05,Rp300,True
2024-01-22,12,Jawa Barat,14300.0,14850.0,1200.0,4,0.0,Rp0,True
2024-01-22,13,DKI Jakarta,15400.0,14850.0,1200.0,3,0.0,Rp0,True
2024-01-22,14,Jawa Tengah,14100.0,14850.0,1200.0,5,0.36,Rp50,True
2024-01-22,15,DI Yogyakarta,14150.0,14850.0,1200.0,5,1.07,Rp150,True
2024-01-22,16,Jawa Timur,13950.0,14850.0,1200.0,5,1.09,Rp150,True
2024-01-22,17,Bali,14600.0,14850.0,1200.0,4,0.34,Rp50,True
2024-01-22,18,Nusa Tenggara Barat,13300.0,14850.0,1200.0,5,0.0,Rp0,True
2024-01-22,19,Nusa Tenggara Timur,15100.0,14850.0,1200.0,4,0.0,Rp0,True
2024-01-22,20,Kalimantan Barat,15650.0,14850.0,1200.0,3,0.0,Rp0,True
2024-01-22,21,Kalimantan Selatan,17800.0,14850.0,1200.0,1,0.56,Rp100,True
2024-01-22,22,Kalimantan Tengah,18800.0,14850.0,1200.0,1,0.0,Rp0,True
2024-01-22,23,Kalimantan Timur,15100.0,14850.0,1200.0,4,0.33,Rp50,True
2024-01-22,24,Kalimantan Utara,16150.0,14850.0,1200.0,3,0.0,Rp0,True
2024-01-22,25,Gorontalo,14650.0,14850.0,1200.0,4,0.0,Rp0,True
2024-01-22,26,Sulawesi Selatan,13050.0,14850.0,1200.0,5,0.0,Rp0,True
2024-01-22,27,Sulawesi Tenggara,14150.0,14850.0,1200.0,5,0.0,Rp0,True
2024-01-22,28,Sulawesi Tengah,14400.0,14850.0,1200.0,4,0.0,Rp0,True
2024-01-22,29,Sulawesi Utara,13650.0,14850.0,1200.0,5,0.0,Rp0,True
2024-01-22,30,Sulawesi Barat,13850.0,14850.0,1200.0,5,1.09,Rp150,True
2024-01-22,31,Maluku,15200.0,14850.0,1200.0,4,0.0,Rp0,True
2024-01-22,32,Maluku Utara,15750.0,14850.0,1200.0,3,0.0,Rp0,True
2024-01-22,33,Papua,15400.0,14850.0,1200.0,3,0.0,Rp0,True
2024-01-22,34,Papua Barat,15600.0,14850.0,1200.0,3,0.0,Rp0,True
2024-01-23,1,Aceh,13800.0,14850.0,1200.0,5,0.0,Rp0,True
2024-01-23,2,Sumatera Utara,13500.0,14850.0,1200.0,5,0.0,Rp0,True
2024-01-23,3,Sumatera Barat,16350.0,14850.0,1200.0,3,0.0,Rp0,True
2024-01-23,4,Riau,15300.0,14850.0,1200.0,4,0.0,Rp0,True
2024-01-23,5,Kepulauan Riau,14300.0,14850.0,1200.0,4,0.0,Rp0,True
2024-01-23,6,Jambi,14150.0,14850.0,1200.0,5,0.0,Rp0,True
2024-01-23,7,Bengkulu,15000.0,14850.0,1200.0,4,0.0,Rp0,True
2024-01-23,8,Sumatera Selatan,14400.0,14850.0,1200.0,4,0.0,Rp0,True
2024-01-23,9,Kepulauan Bangka Belitung,14600.0,14850.0,1200.0,4,-0.34,-Rp50,True
2024-01-23,10,Lampung,13700.0,14850.0,1200.0,5,0.0,Rp0,True
2024-01-23,11,Banten,14900.0,14850.0,1200.0,4,0.0,Rp0,True
2024-01-23,12,Jawa Barat,14450.0,14850.0,1200.0,4,1.05,Rp150,True
2024-01-23,13,DKI Jakarta,15450.0,14850.0,1200.0,3,0.32,Rp50,True
2024-01-23,14,Jawa Tengah,14150.0,14850.0,1200.0,5,0.35,Rp50,True
2024-01-23,15,DI Yogyakarta,14200.0,14850.0,1200.0,5,0.35,Rp50,True
2024-01-23,16,Jawa Timur,13950.0,14850.0,1200.0,5,0.0,Rp0,True
2024-01-23,17,Bali,14650.0,14850.0,1200.0,4,0.34,Rp50,True
2024-01-23,18,Nusa Tenggara Barat,13350.0,14850.0,1200.0,5,0.38,Rp50,True
2024-01-23,19,Nusa Tenggara Timur,15100.0,14850.0,1200.0,4,0.0,Rp0,True
2024-01-23,20,Kalimantan Barat,15650.0,14850.0,1200.0,3,0.0,Rp0,True
2024-01-23,21,Kalimantan Selatan,17800.0,14850.0,1200.0,1,0.0,Rp0,True
2024-01-23,22,Kalimantan Tengah,18800.0,14850.0,1200.0,1,0.0,Rp0,True
2024-01-23,23,Kalimantan Timur,15100.0,14850.0,1200.0,4,0.0,Rp0,True
2024-01-23,24,Kalimantan Utara,16150.0,14850.0,1200.0,3,0.0,Rp0,True
2024-01-23,25,Gorontalo,14650.0,14850.0,1200.0,4,0.0,Rp0,True
2024-01-23,26,Sulawesi Selatan,13050.0,14850.0,1200.0,5,0.0,Rp0,True
2024-01-23,27,Sulawesi Tenggara,14200.0,14850.0,1200.0,5,0.35,Rp50,True
2024-01-23,28,Sulawesi Tengah,14400.0,14850.0,1200.0,4,0.0,Rp0,True
2024-01-23,29,Sulawesi Utara,13700.0,14850.0,1200.0,5,0.37,Rp50,True
2024-01-23,30,Sulawesi Barat,13850.0,14850.0,1200.0,5,0.0,Rp0,True
2024-01-23,31,Maluku,15200.0,14850.0,1200.0,4,0.0,Rp0,True
2024-01-23,32,Maluku Utara,15750.0,14850.0,1200.0,3,0.0,Rp0,True
2024-01-23,33,Papua,15350.0,14850.0,1200.0,4,-0.32,-Rp50,True
2024-01-23,34,Papua Barat,15600.0,14850.0,1200.0,3,0.0,Rp0,True
2024-01-24,1,Aceh,13800.0,14850.0,1150.0,5,0.0,Rp0,True
2024-01-24,2,Sumatera Utara,13600.0,14850.0,1150.0,5,0.74,Rp100,True
2024-01-24,3,Sumatera Barat,16350.0,14850.0,1150.0,3,0.0,Rp0,True
2024-01-24,4,Riau,15300.0,14850.0,1150.0,4,0.0,Rp0,True
2024-01-24,5,Kepulauan Riau,14300.0,14850.0,1150.0,4,0.0,Rp0,True
2024-01-24,6,Jambi,14150.0,14850.0,1150.0,5,0.0,Rp0,True
2024-01-24,7,Bengkulu,15000.0,14850.0,1150.0,4,0.0,Rp0,True
2024-01-24,8,Sumatera Selatan,14400.0,14850.0,1150.0,4,0.0,Rp0,True
2024-01-24,9,Kepulauan Bangka Belitung,14600.0,14850.0,1150.0,4,0.0,Rp0,True
2024-01-24,10,Lampung,13850.0,14850.0,1150.0,5,1.09,Rp150,True
2024-01-24,11,Banten,14900.0,14850.0,1150.0,4,0.0,Rp0,True
2024-01-24,12,Jawa Barat,14500.0,14850.0,1150.0,4,0.35,Rp50,True
2024-01-24,13,DKI Jakarta,15550.0,14850.0,1150.0,3,0.65,Rp100,True
2024-01-24,14,Jawa Tengah,14200.0,14850.0,1150.0,5,0.35,Rp50,True
2024-01-24,15,DI Yogyakarta,14200.0,14850.0,1150.0,5,0.0,Rp0,True
2024-01-24,16,Jawa Timur,13950.0,14850.0,1150.0,5,0.0,Rp0,True
2024-01-24,17,Bali,14650.0,14850.0,1150.0,4,0.0,Rp0,True
2024-01-24,18,Nusa Tenggara Barat,13350.0,14850.0,1150.0,5,0.0,Rp0,True
2024-01-24,19,Nusa Tenggara Timur,15100.0,14850.0,1150.0,4,0.0,Rp0,True
2024-01-24,20,Kalimantan Barat,15650.0,14850.0,1150.0,3,0.0,Rp0,True
2024-01-24,21,Kalimantan Selatan,17800.0,14850.0,1150.0,1,0.0,Rp0,True
2024-01-24,22,Kalimantan Tengah,18800.0,14850.0,1150.0,1,0.0,Rp0,True
2024-01-24,23,Kalimantan Timur,15100.0,14850.0,1150.0,4,0.0,Rp0,True
2024-01-24,24,Kalimantan Utara,16150.0,14850.0,1150.0,3,0.0,Rp0,True
2024-01-24,25,Gorontalo,14450.0,14850.0,1150.0,4,-1.37,-Rp200,True
2024-01-24,26,Sulawesi Selatan,13050.0,14850.0,1150.0,5,0.0,Rp0,True
2024-01-24,27,Sulawesi Tenggara,14200.0,14850.0,1150.0,5,0.0,Rp0,True
2024-01-24,28,Sulawesi Tengah,14400.0,14850.0,1150.0,4,0.0,Rp0,True
2024-01-24,29,Sulawesi Utara,13700.0,14850.0,1150.0,5,0.0,Rp0,True
2024-01-24,30,Sulawesi Barat,13850.0,14850.0,1150.0,5,0.0,Rp0,True
2024-01-24,31,Maluku,15200.0,14850.0,1150.0,4,0.0,Rp0,True
2024-01-24,32,Maluku Utara,15750.0,14850.0,1150.0,3,0.0,Rp0,True
2024-01-24,33,Papua,15350.0,14850.0,1150.0,4,0.0,Rp0,True
2024-01-24,34,Papua Barat,15600.0,14850.0,1150.0,3,0.0,Rp0,True
2024-01-25,1,Aceh,13800.0,14850.0,1150.0,5,0.0,Rp0,True
2024-01-25,2,Sumatera Utara,13600.0,14850.0,1150.0,5,0.0,Rp0,True
2024-01-25,3,Sumatera Barat,16350.0,14850.0,1150.0,3,0.0,Rp0,True
2024-01-25,4,Riau,15300.0,14850.0,1150.0,4,0.0,Rp0,True
2024-01-25,5,Kepulauan Riau,14300.0,14850.0,1150.0,4,0.0,Rp0,True
2024-01-25,6,Jambi,14150.0,14850.0,1150.0,5,0.0,Rp0,True
2024-01-25,7,Bengkulu,15000.0,14850.0,1150.0,4,0.0,Rp0,True
2024-01-25,8,Sumatera Selatan,14400.0,14850.0,1150.0,4,0.0,Rp0,True
2024-01-25,9,Kepulauan Bangka Belitung,14600.0,14850.0,1150.0,4,0.0,Rp0,True
2024-01-25,10,Lampung,13850.0,14850.0,1150.0,5,0.0,Rp0,True
2024-01-25,11,Banten,14900.0,14850.0,1150.0,4,0.0,Rp0,True
2024-01-25,12,Jawa Barat,14550.0,14850.0,1150.0,4,0.34,Rp50,True
2024-01-25,13,DKI Jakarta,15550.0,14850.0,1150.0,3,0.0,Rp0,True
2024-01-25,14,Jawa Tengah,14250.0,14850.0,1150.0,4,0.35,Rp50,True
2024-01-25,15,DI Yogyakarta,14200.0,14850.0,1150.0,5,0.0,Rp0,True
2024-01-25,16,Jawa Timur,13950.0,14850.0,1150.0,5,0.0,Rp0,True
2024-01-25,17,Bali,14650.0,14850.0,1150.0,4,0.0,Rp0,True
2024-01-25,18,Nusa Tenggara Barat,13350.0,14850.0,1150.0,5,0.0,Rp0,True
2024-01-25,19,Nusa Tenggara Timur,15100.0,14850.0,1150.0,4,0.0,Rp0,True
2024-01-25,20,Kalimantan Barat,15650.0,14850.0,1150.0,3,0.0,Rp0,True
2024-01-25,21,Kalimantan Selatan,17800.0,14850.0,1150.0,1,0.0,Rp0,True
2024-01-25,22,Kalimantan Tengah,18800.0,14850.0,1150.0,1,0.0,Rp0,True
2024-01-25,23,Kalimantan Timur,15100.0,14850.0,1150.0,4,0.0,Rp0,True
2024-01-25,24,Kalimantan Utara,16150.0,14850.0,1150.0,3,0.0,Rp0,True
2024-01-25,25,Gorontalo,14500.0,14850.0,1150.0,4,0.35,Rp50,True
2024-01-25,26,Sulawesi Selatan,13050.0,14850.0,1150.0,5,0.0,Rp0,True
2024-01-25,27,Sulawesi Tenggara,14200.0,14850.0,1150.0,5,0.0,Rp0,True
2024-01-25,28,Sulawesi Tengah,14400.0,14850.0,1150.0,4,0.0,Rp0,True
2024-01-25,29,Sulawesi Utara,13700.0,14850.0,1150.0,5,0.0,Rp0,True
2024-01-25,30,Sulawesi Barat,13850.0,14850.0,1150.0,5,0.0,Rp0,True
2024-01-25,31,Maluku,15200.0,14850.0,1150.0,4,0.0,Rp0,True
2024-01-25,32,Maluku Utara,15750.0,14850.0,1150.0,3,0.0,Rp0,True
2024-01-25,33,Papua,15350.0,14850.0,1150.0,4,0.0,Rp0,True
2024-01-25,34,Papua Barat,15600.0,14850.0,1150.0,3,0.0,Rp0,True
2024-01-26,1,Aceh,13800.0,14850.0,1150.0,5,0.0,Rp0,True
2024-01-26,2,Sumatera Utara,13600.0,14850.0,1150.0,5,0.0,Rp0,True
2024-01-26,3,Sumatera Barat,16350.0,14850.0,1150.0,3,0.0,Rp0,True
2024-01-26,4,Riau,15300.0,14850.0,1150.0,4,0.0,Rp0,True
2024-01-26,5,Kepulauan Riau,14300.0,14850.0,1150.0,4,0.0,Rp0,True
2024-01-26,6,Jambi,14150.0,14850.0,1150.0,5,0.0,Rp0,True
2024-01-26,7,Bengkulu,15000.0,14850.0,1150.0,4,0.0,Rp0,True
2024-01-26,8,Sumatera Selatan,14400.0,14850.0,1150.0,4,0.0,Rp0,True
2024-01-26,9,Kepulauan Bangka Belitung,14600.0,14850.0,1150.0,4,0.0,Rp0,True
2024-01-26,10,Lampung,13850.0,14850.0,1150.0,5,0.0,Rp0,True
2024-01-26,11,Banten,14900.0,14850.0,1150.0,4,0.0,Rp0,True
2024-01-26,12,Jawa Barat,14550.0,14850.0,1150.0,4,0.0,Rp0,True
2024-01-26,13,DKI Jakarta,15550.0,14850.0,1150.0,3,0.0,Rp0,True
2024-01-26,14,Jawa Tengah,14250.0,14850.0,1150.0,4,0.0,Rp0,True
2024-01-26,15,DI Yogyakarta,14200.0,14850.0,1150.0,5,0.0,Rp0,True
2024-01-26,16,Jawa Timur,14100.0,14850.0,1150.0,5,1.08,Rp150,True
2024-01-26,17,Bali,14650.0,14850.0,1150.0,4,0.0,Rp0,True
2024-01-26,18,Nusa Tenggara Barat,13400.0,14850.0,1150.0,5,0.37,Rp50,True
2024-01-26,19,Nusa Tenggara Timur,15100.0,14850.0,1150.0,4,0.0,Rp0,True
2024-01-26,20,Kalimantan Barat,15650.0,14850.0,1150.0,3,0.0,Rp0,True
2024-01-26,21,Kalimantan Selatan,17800.0,14850.0,1150.0,1,0.0,Rp0,True
2024-01-26,22,Kalimantan Tengah,18800.0,14850.0,1150.0,1,0.0,Rp0,True
2024-01-26,23,Kalimantan Timur,15100.0,14850.0,1150.0,4,0.0,Rp0,True
2024-01-26,24,Kalimantan Utara,16250.0,14850.0,1150.0,3,0.62,Rp100,True
2024-01-26,25,Gorontalo,14500.0,14850.0,1150.0,4,0.0,Rp0,True
2024-01-26,26,Sulawesi Selatan,13050.0,14850.0,1150.0,5,0.0,Rp0,True
2024-01-26,27,Sulawesi Tenggara,14200.0,14850.0,1150.0,5,0.0,Rp0,True
2024-01-26,28,Sulawesi Tengah,14400.0,14850.0,1150.0,4,0.0,Rp0,True
2024-01-26,29,Sulawesi Utara,13700.0,14850.0,1150.0,5,0.0,Rp0,True
2024-01-26,30,Sulawesi Barat,13850.0,14850.0,1150.0,5,0.0,Rp0,True
2024-01-26,31,Maluku,15200.0,14850.0,1150.0,4,0.0,Rp0,True
2024-01-26,32,Maluku Utara,15750.0,14850.0,1150.0,3,0.0,Rp0,True
2024-01-26,33,Papua,15350.0,14850.0,1150.0,4,0.0,Rp0,True
2024-01-26,34,Papua Barat,15600.0,14850.0,1150.0,3,0.0,Rp0,True
2024-01-27,1,Aceh,13800.0,14850.0,1150.0,5,0.0,Rp0,True
2024-01-27,2,Sumatera Utara,13600.0,14850.0,1150.0,5,0.0,Rp0,True
2024-01-27,3,Sumatera Barat,16350.0,14850.0,1150.0,3,0.0,Rp0,True
2024-01-27,4,Riau,15300.0,14850.0,1150.0,4,0.0,Rp0,True
2024-01-27,5,Kepulauan Riau,14300.0,14850.0,1150.0,4,0.0,Rp0,True
2024-01-27,6,Jambi,14150.0,14850.0,1150.0,5,0.0,Rp0,True
2024-01-27,7,Bengkulu,15000.0,14850.0,1150.0,4,0.0,Rp0,True
2024-01-27,8,Sumatera Selatan,14400.0,14850.0,1150.0,4,0.0,Rp0,True
2024-01-27,9,Kepulauan Bangka Belitung,14600.0,14850.0,1150.0,4,0.0,Rp0,True
2024-01-27,10,Lampung,13850.0,14850.0,1150.0,5,0.0,Rp0,True
2024-01-27,11,Banten,14900.0,14850.0,1150.0,4,0.0,Rp0,True
2024-01-27,12,Jawa Barat,14550.0,14850.0,1150.0,4,0.0,Rp0,True
2024-01-27,13,DKI Jakarta,15550.0,14850.0,1150.0,3,0.0,Rp0,True
2024-01-27,14,Jawa Tengah,14250.0,14850.0,1150.0,4,0.0,Rp0,True
2024-01-27,15,DI Yogyakarta,14200.0,14850.0,1150.0,5,0.0,Rp0,True
2024-01-27,16,Jawa Timur,14100.0,14850.0,1150.0,5,1.08,Rp150,True
2024-01-27,17,Bali,14650.0,14850.0,1150.0,4,0.0,Rp0,True
2024-01-27,18,Nusa Tenggara Barat,13400.0,14850.0,1150.0,5,0.37,Rp50,True
2024-01-27,19,Nusa Tenggara Timur,15100.0,14850.0,1150.0,4,0.0,Rp0,True
2024-01-27,20,Kalimantan Barat,15650.0,14850.0,1150.0,3,0.0,Rp0,True
2024-01-27,21,Kalimantan Selatan,17800.0,14850.0,1150.0,1,0.0,Rp0,True
2024-01-27,22,Kalimantan Tengah,18800.0,14850.0,1150.0,1,0.0,Rp0,True
2024-01-27,23,Kalimantan Timur,15100.0,14850.0,1150.0,4,0.0,Rp0,True
2024-01-27,24,Kalimantan Utara,16250.0,14850.0,1150.0,3,0.62,Rp100,True
2024-01-27,25,Gorontalo,14500.0,14850.0,1150.0,4,0.0,Rp0,True
2024-01-27,26,Sulawesi Selatan,13050.0,14850.0,1150.0,5,0.0,Rp0,True
2024-01-27,27,Sulawesi Tenggara,14200.0,14850.0,1150.0,5,0.0,Rp0,True
2024-01-27,28,Sulawesi Tengah,14400.0,14850.0,1150.0,4,0.0,Rp0,True
2024-01-27,29,Sulawesi Utara,13700.0,14850.0,1150.0,5,0.0,Rp0,True
2024-01-27,30,Sulawesi Barat,13850.0,14850.0,1150.0,5,0.0,Rp0,True
2024-01-27,31,Maluku,15200.0,14850.0,1150.0,4,0.0,Rp0,True
2024-01-27,32,Maluku Utara,15750.0,14850.0,1150.0,3,0.0,Rp0,True
2024-01-27,33,Papua,15350.0,14850.0,1150.0,4,0.0,Rp0,True
2024-01-27,34,Papua Barat,15600.0,14850.0,1150.0,3,0.0,Rp0,True
2024-01-28,1,Aceh,13800.0,14850.0,1150.0,5,0.0,Rp0,True
2024-01-28,2,Sumatera Utara,13600.0,14850.0,1150.0,5,0.0,Rp0,True
2024-01-28,3,Sumatera Barat,16350.0,14850.0,1150.0,3,0.0,Rp0,True
2024-01-28,4,Riau,15300.0,14850.0,1150.0,4,0.0,Rp0,True
2024-01-28,5,Kepulauan Riau,14300.0,14850.0,1150.0,4,0.0,Rp0,True
2024-01-28,6,Jambi,14150.0,14850.0,1150.0,5,0.0,Rp0,True
2024-01-28,7,Bengkulu,15000.0,14850.0,1150.0,4,0.0,Rp0,True
2024-01-28,8,Sumatera Selatan,14400.0,14850.0,1150.0,4,0.0,Rp0,True
2024-01-28,9,Kepulauan Bangka Belitung,14600.0,14850.0,1150.0,4,0.0,Rp0,True
2024-01-28,10,Lampung,13850.0,14850.0,1150.0,5,0.0,Rp0,True
2024-01-28,11,Banten,14900.0,14850.0,1150.0,4,0.0,Rp0,True
2024-01-28,12,Jawa Barat,14550.0,14850.0,1150.0,4,0.0,Rp0,True
2024-01-28,13,DKI Jakarta,15550.0,14850.0,1150.0,3,0.0,Rp0,True
2024-01-28,14,Jawa Tengah,14250.0,14850.0,1150.0,4,0.0,Rp0,True
2024-01-28,15,DI Yogyakarta,14200.0,14850.0,1150.0,5,0.0,Rp0,True
2024-01-28,16,Jawa Timur,14100.0,14850.0,1150.0,5,1.08,Rp150,True
2024-01-28,17,Bali,14650.0,14850.0,1150.0,4,0.0,Rp0,True
2024-01-28,18,Nusa Tenggara Barat,13400.0,14850.0,1150.0,5,0.37,Rp50,True
2024-01-28,19,Nusa Tenggara Timur,15100.0,14850.0,1150.0,4,0.0,Rp0,True
2024-01-28,20,Kalimantan Barat,15650.0,14850.0,1150.0,3,0.0,Rp0,True
2024-01-28,21,Kalimantan Selatan,17800.0,14850.0,1150.0,1,0.0,Rp0,True
2024-01-28,22,Kalimantan Tengah,18800.0,14850.0,1150.0,1,0.0,Rp0,True
2024-01-28,23,Kalimantan Timur,15100.0,14850.0,1150.0,4,0.0,Rp0,True
2024-01-28,24,Kalimantan Utara,16250.0,14850.0,1150.0,3,0.62,Rp100,True
2024-01-28,25,Gorontalo,14500.0,14850.0,1150.0,4,0.0,Rp0,True
2024-01-28,26,Sulawesi Selatan,13050.0,14850.0,1150.0,5,0.0,Rp0,True
2024-01-28,27,Sulawesi Tenggara,14200.0,14850.0,1150.0,5,0.0,Rp0,True
2024-01-28,28,Sulawesi Tengah,14400.0,14850.0,1150.0,4,0.0,Rp0,True
2024-01-28,29,Sulawesi Utara,13700.0,14850.0,1150.0,5,0.0,Rp0,True
2024-01-28,30,Sulawesi Barat,13850.0,14850.0,1150.0,5,0.0,Rp0,True
2024-01-28,31,Maluku,15200.0,14850.0,1150.0,4,0.0,Rp0,True
2024-01-28,32,Maluku Utara,15750.0,14850.0,1150.0,3,0.0,Rp0,True
2024-01-28,33,Papua,15350.0,14850.0,1150.0,4,0.0,Rp0,True
2024-01-28,34,Papua Barat,15600.0,14850.0,1150.0,3,0.0,Rp0,True
2024-01-29,1,Aceh,13800.0,14900.0,1150.0,5,0.0,Rp0,True
2024-01-29,2,Sumatera Utara,13600.0,14900.0,1150.0,5,0.0,Rp0,True
2024-01-29,3,Sumatera Barat,16350.0,14900.0,1150.0,3,0.0,Rp0,True
2024-01-29,4,Riau,15300.0,14900.0,1150.0,4,0.0,Rp0,True
2024-01-29,5,Kepulauan Riau,14300.0,14900.0,1150.0,4,0.0,Rp0,True
2024-01-29,6,Jambi,14150.0,14900.0,1150.0,5,0.0,Rp0,True
2024-01-29,7,Bengkulu,15000.0,14900.0,1150.0,4,0.0,Rp0,True
2024-01-29,8,Sumatera Selatan,14400.0,14900.0,1150.0,4,0.0,Rp0,True
2024-01-29,9,Kepulauan Bangka Belitung,14600.0,14900.0,1150.0,4,0.0,Rp0,True
2024-01-29,10,Lampung,13850.0,14900.0,1150.0,5,0.0,Rp0,True
2024-01-29,11,Banten,15250.0,14900.0,1150.0,4,2.35,Rp350,True
2024-01-29,12,Jawa Barat,14600.0,14900.0,1150.0,4,0.34,Rp50,True
2024-01-29,13,DKI Jakarta,15600.0,14900.0,1150.0,3,0.32,Rp50,True
2024-01-29,14,Jawa Tengah,14350.0,14900.0,1150.0,4,0.7,Rp100,True
2024-01-29,15,DI Yogyakarta,14200.0,14900.0,1150.0,5,0.0,Rp0,True
2024-01-29,16,Jawa Timur,14350.0,14900.0,1150.0,4,1.77,Rp250,True
2024-01-29,17,Bali,14900.0,14900.0,1150.0,4,1.71,Rp250,True
2024-01-29,18,Nusa Tenggara Barat,13650.0,14900.0,1150.0,5,1.87,Rp250,True
2024-01-29,19,Nusa Tenggara Timur,15100.0,14900.0,1150.0,4,0.0,Rp0,True
2024-01-29,20,Kalimantan Barat,15700.0,14900.0,1150.0,3,0.32,Rp50,True
2024-01-29,21,Kalimantan Selatan,17900.0,14900.0,1150.0,1,0.56,Rp100,True
2024-01-29,22,Kalimantan Tengah,18800.0,14900.0,1150.0,1,0.0,Rp0,True
2024-01-29,23,Kalimantan Timur,15200.0,14900.0,1150.0,4,0.66,Rp100,True
2024-01-29,24,Kalimantan Utara,16250.0,14900.0,1150.0,3,0.0,Rp0,True
2024-01-29,25,Gorontalo,14500.0,14900.0,1150.0,4,0.0,Rp0,True
2024-01-29,26,Sulawesi Selatan,13050.0,14900.0,1150.0,5,0.0,Rp0,True
2024-01-29,27,Sulawesi Tenggara,14200.0,14900.0,1150.0,5,0.0,Rp0,True
2024-01-29,28,Sulawesi Tengah,14400.0,14900.0,1150.0,4,0.0,Rp0,True
2024-01-29,29,Sulawesi Utara,13750.0,14900.0,1150.0,5,0.36,Rp50,True
2024-01-29,30,Sulawesi Barat,14050.0,14900.0,1150.0,5,1.44,Rp200,True
2024-01-29,31,Maluku,15200.0,14900.0,1150.0,4,0.0,Rp0,True
2024-01-29,32,Maluku Utara,15750.0,14900.0,1150.0,3,0.0,Rp0,True
2024-01-29,33,Papua,15350.0,14900.0,1150.0,4,0.0,Rp0,True
2024-01-29,34,Papua Barat,15600.0,14900.0,1150.0,3,0.0,Rp0,True
2024-01-30,1,Aceh,13850.0,14950.0,1150.0,5,0.36,Rp50,True
2024-01-30,2,Sumatera Utara,13700.0,14950.0,1150.0,5,0.74,Rp100,True
2024-01-30,3,Sumatera Barat,16350.0,14950.0,1150.0,3,0.0,Rp0,True
2024-01-30,4,Riau,15350.0,14950.0,1150.0,4,0.33,Rp50,True
2024-01-30,5,Kepulauan Riau,14300.0,14950.0,1150.0,4,0.0,Rp0,True
2024-01-30,6,Jambi,14150.0,14950.0,1150.0,5,0.0,Rp0,True
2024-01-30,7,Bengkulu,15000.0,14950.0,1150.0,4,0.0,Rp0,True
2024-01-30,8,Sumatera Selatan,14400.0,14950.0,1150.0,4,0.0,Rp0,True
2024-01-30,9,Kepulauan Bangka Belitung,14650.0,14950.0,1150.0,4,0.34,Rp50,True
2024-01-30,10,Lampung,13900.0,14950.0,1150.0,5,0.36,Rp50,True
2024-01-30,11,Banten,15250.0,14950.0,1150.0,4,0.0,Rp0,True
2024-01-30,12,Jawa Barat,14650.0,14950.0,1150.0,4,0.34,Rp50,True
2024-01-30,13,DKI Jakarta,15650.0,14950.0,1150.0,3,0.32,Rp50,True
2024-01-30,14,Jawa Tengah,14400.0,14950.0,1150.0,4,0.35,Rp50,True
2024-01-30,15,DI Yogyakarta,14200.0,14950.0,1150.0,5,0.0,Rp0,True
2024-01-30,16,Jawa Timur,14400.0,14950.0,1150.0,4,0.35,Rp50,True
2024-01-30,17,Bali,15250.0,14950.0,1150.0,4,2.35,Rp350,True
2024-01-30,18,Nusa Tenggara Barat,13650.0,14950.0,1150.0,5,0.0,Rp0,True
2024-01-30,19,Nusa Tenggara Timur,15100.0,14950.0,1150.0,4,0.0,Rp0,True
2024-01-30,20,Kalimantan Barat,15650.0,14950.0,1150.0,3,-0.32,-Rp50,True
2024-01-30,21,Kalimantan Selatan,17900.0,14950.0,1150.0,1,0.0,Rp0,True
2024-01-30,22,Kalimantan Tengah,18800.0,14950.0,1150.0,1,0.0,Rp0,True
2024-01-30,23,Kalimantan Timur,15200.0,14950.0,1150.0,4,0.0,Rp0,True
2024-01-30,24,Kalimantan Utara,16300.0,14950.0,1150.0,3,0.31,Rp50,True
2024-01-30,25,Gorontalo,14500.0,14950.0,1150.0,4,0.0,Rp0,True
2024-01-30,26,Sulawesi Selatan,13050.0,14950.0,1150.0,5,0.0,Rp0,True
2024-01-30,27,Sulawesi Tenggara,14200.0,14950.0,1150.0,5,0.0,Rp0,True
2024-01-30,28,Sulawesi Tengah,14400.0,14950.0,1150.0,4,0.0,Rp0,True
2024-01-30,29,Sulawesi Utara,13750.0,14950.0,1150.0,5,0.0,Rp0,True
2024-01-30,30,Sulawesi Barat,14050.0,14950.0,1150.0,5,0.0,Rp0,True
2024-01-30,31,Maluku,15150.0,14950.0,1150.0,4,-0.33,-Rp50,True
2024-01-30,32,Maluku Utara,15750.0,14950.0,1150.0,3,0.0,Rp0,True
2024-01-30,33,Papua,15350.0,14950.0,1150.0,4,0.0,Rp0,True
2024-01-30,34,Papua Barat,15600.0,14950.0,1150.0,3,0.0,Rp0,True
2024-01-31,1,Aceh,13850.0,14950.0,1150.0,5,0.0,Rp0,True
2024-01-31,2,Sumatera Utara,13700.0,14950.0,1150.0,5,0.0,Rp0,True
2024-01-31,3,Sumatera Barat,16400.0,14950.0,1150.0,3,0.31,Rp50,True
2024-01-31,4,Riau,15350.0,14950.0,1150.0,4,0.0,Rp0,True
2024-01-31,5,Kepulauan Riau,14300.0,14950.0,1150.0,4,0.0,Rp0,True
2024-01-31,6,Jambi,14150.0,14950.0,1150.0,5,0.0,Rp0,True
2024-01-31,7,Bengkulu,15000.0,14950.0,1150.0,4,0.0,Rp0,True
2024-01-31,8,Sumatera Selatan,14400.0,14950.0,1150.0,4,0.0,Rp0,True
2024-01-31,9,Kepulauan Bangka Belitung,14800.0,14950.0,1150.0,4,1.02,Rp150,True
2024-01-31,10,Lampung,13900.0,14950.0,1150.0,5,0.0,Rp0,True
2024-01-31,11,Banten,15250.0,14950.0,1150.0,4,0.0,Rp0,True
2024-01-31,12,Jawa Barat,14750.0,14950.0,1150.0,4,0.68,Rp100,True
2024-01-31,13,DKI Jakarta,15650.0,14950.0,1150.0,3,0.0,Rp0,True
2024-01-31,14,Jawa Tengah,14400.0,14950.0,1150.0,4,0.0,Rp0,True
2024-01-31,15,DI Yogyakarta,14200.0,14950.0,1150.0,5,0.0,Rp0,True
2024-01-31,16,Jawa Timur,14450.0,14950.0,1150.0,4,0.35,Rp50,True
2024-01-31,17,Bali,15250.0,14950.0,1150.0,4,0.0,Rp0,True
2024-01-31,18,Nusa Tenggara Barat,13650.0,14950.0,1150.0,5,0.0,Rp0,True
2024-01-31,19,Nusa Tenggara Timur,15100.0,14950.0,1150.0,4,0.0,Rp0,True
2024-01-31,20,Kalimantan Barat,15650.0,14950.0,1150.0,3,0.0,Rp0,True
2024-01-31,21,Kalimantan Selatan,17900.0,14950.0,1150.0,1,0.0,Rp0,True
2024-01-31,22,Kalimantan Tengah,18800.0,14950.0,1150.0,1,0.0,Rp0,True
2024-01-31,23,Kalimantan Timur,15200.0,14950.0,1150.0,4,0.0,Rp0,True
2024-01-31,24,Kalimantan Utara,16400.0,14950.0,1150.0,3,0.61,Rp100,True
2024-01-31,25,Gorontalo,14500.0,14950.0,1150.0,4,0.0,Rp0,True
2024-01-31,26,Sulawesi Selatan,13050.0,14950.0,1150.0,5,0.0,Rp0,True
2024-01-31,27,Sulawesi Tenggara,14200.0,14950.0,1150.0,5,0.0,Rp0,True
2024-01-31,28,Sulawesi Tengah,14400.0,14950.0,1150.0,4,0.0,Rp0,True
2024-01-31,29,Sulawesi Utara,13750.0,14950.0,1150.0,5,0.0,Rp0,True
2024-01-31,30,Sulawesi Barat,14050.0,14950.0,1150.0,5,0.0,Rp0,True
2024-01-31,31,Maluku,15200.0,14950.0,1150.0,4,0.33,Rp50,True
2024-01-31,32,Maluku Utara,15750.0,14950.0,1150.0,3,0.0,Rp0,True
2024-01-31,33,Papua,15350.0,14950.0,1150.0,4,0.0,Rp0,True
2024-01-31,34,Papua Barat,15650.0,14950.0,1150.0,3,0.32,Rp50,True
2024-02-01,1,Aceh,13850.0,14950.0,1150.0,5,0.0,Rp0,True
2024-02-01,2,Sumatera Utara,13700.0,14950.0,1150.0,5,0.0,Rp0,True
2024-02-01,3,Sumatera Barat,16400.0,14950.0,1150.0,3,0.0,Rp0,True
2024-02-01,4,Riau,15350.0,14950.0,1150.0,4,0.0,Rp0,True
2024-02-01,5,Kepulauan Riau,14300.0,14950.0,1150.0,4,0.0,Rp0,True
2024-02-01,6,Jambi,14150.0,14950.0,1150.0,5,0.0,Rp0,True
2024-02-01,7,Bengkulu,15000.0,14950.0,1150.0,4,0.0,Rp0,True
2024-02-01,8,Sumatera Selatan,14400.0,14950.0,1150.0,4,0.0,Rp0,True
2024-02-01,9,Kepulauan Bangka Belitung,14900.0,14950.0,1150.0,4,0.68,Rp100,True
2024-02-01,10,Lampung,13950.0,14950.0,1150.0,5,0.36,Rp50,True
2024-02-01,11,Banten,15250.0,14950.0,1150.0,4,0.0,Rp0,True
2024-02-01,12,Jawa Barat,14750.0,14950.0,1150.0,4,0.0,Rp0,True
2024-02-01,13,DKI Jakarta,15700.0,14950.0,1150.0,3,0.32,Rp50,True
2024-02-01,14,Jawa Tengah,14500.0,14950.0,1150.0,4,0.69,Rp100,True
2024-02-01,15,DI Yogyakarta,14200.0,14950.0,1150.0,5,0.0,Rp0,True
2024-02-01,16,Jawa Timur,14550.0,14950.0,1150.0,4,0.69,Rp100,True
2024-02-01,17,Bali,15150.0,14950.0,1150.0,4,-0.66,-Rp100,True
2024-02-01,18,Nusa Tenggara Barat,13650.0,14950.0,1150.0,5,0.0,Rp0,True
2024-02-01,19,Nusa Tenggara Timur,15100.0,14950.0,1150.0,4,0.0,Rp0,True
2024-02-01,20,Kalimantan Barat,15650.0,14950.0,1150.0,3,0.0,Rp0,True
2024-02-01,21,Kalimantan Selatan,17900.0,14950.0,1150.0,1,0.0,Rp0,True
2024-02-01,22,Kalimantan Tengah,18800.0,14950.0,1150.0,1,0.0,Rp0,True
2024-02-01,23,Kalimantan Timur,15200.0,14950.0,1150.0,4,0.0,Rp0,True
2024-02-01,24,Kalimantan Utara,16400.0,14950.0,1150.0,3,0.0,Rp0,True
2024-02-01,25,Gorontalo,14500.0,14950.0,1150.0,4,0.0,Rp0,True
2024-02-01,26,Sulawesi Selatan,13050.0,14950.0,1150.0,5,0.0,Rp0,True
2024-02-01,27,Sulawesi Tenggara,14200.0,14950.0,1150.0,5,0.0,Rp0,True
2024-02-01,28,Sulawesi Tengah,14400.0,14950.0,1150.0,4,0.0,Rp0,True
2024-02-01,29,Sulawesi Utara,13750.0,14950.0,1150.0,5,0.0,Rp0,True
2024-02-01,30,Sulawesi Barat,14050.0,14950.0,1150.0,5,0.0,Rp0,True
2024-02-01,31,Maluku,15200.0,14950.0,1150.0,4,0.0,Rp0,True
2024-02-01,32,Maluku Utara,15750.0,14950.0,1150.0,3,0.0,Rp0,True
2024-02-01,33,Papua,15350.0,14950.0,1150.0,4,0.0,Rp0,True
2024-02-01,34,Papua Barat,15650.0,14950.0,1150.0,3,0.0,Rp0,True
2024-02-02,1,Aceh,13850.0,15000.0,1150.0,5,0.0,Rp0,True
2024-02-02,2,Sumatera Utara,13700.0,15000.0,1150.0,5,0.0,Rp0,True
2024-02-02,3,Sumatera Barat,16400.0,15000.0,1150.0,3,0.0,Rp0,True
2024-02-02,4,Riau,15350.0,15000.0,1150.0,4,0.0,Rp0,True
2024-02-02,5,Kepulauan Riau,14300.0,15000.0,1150.0,4,0.0,Rp0,True
2024-02-02,6,Jambi,14150.0,15000.0,1150.0,5,0.0,Rp0,True
2024-02-02,7,Bengkulu,15200.0,15000.0,1150.0,4,1.33,Rp200,True
2024-02-02,8,Sumatera Selatan,14550.0,15000.0,1150.0,4,1.04,Rp150,True
2024-02-02,9,Kepulauan Bangka Belitung,15000.0,15000.0,1150.0,4,0.67,Rp100,True
2024-02-02,10,Lampung,13950.0,15000.0,1150.0,5,0.0,Rp0,True
2024-02-02,11,Banten,15250.0,15000.0,1150.0,4,0.0,Rp0,True
2024-02-02,12,Jawa Barat,14800.0,15000.0,1150.0,4,0.34,Rp50,True
2024-02-02,13,DKI Jakarta,15750.0,15000.0,1150.0,3,0.32,Rp50,True
2024-02-02,14,Jawa Tengah,14500.0,15000.0,1150.0,4,0.0,Rp0,True
2024-02-02,15,DI Yogyakarta,14200.0,15000.0,1150.0,5,0.0,Rp0,True
2024-02-02,16,Jawa Timur,14550.0,15000.0,1150.0,4,0.0,Rp0,True
2024-02-02,17,Bali,15600.0,15000.0,1150.0,3,2.97,Rp450,True
2024-02-02,18,Nusa Tenggara Barat,13650.0,15000.0,1150.0,5,0.0,Rp0,True
2024-02-02,19,Nusa Tenggara Timur,15100.0,15000.0,1150.0,4,0.0,Rp0,True
2024-02-02,20,Kalimantan Barat,15650.0,15000.0,1150.0,3,0.0,Rp0,True
2024-02-02,21,Kalimantan Selatan,17900.0,15000.0,1150.0,1,0.0,Rp0,True
2024-02-02,22,Kalimantan Tengah,18800.0,15000.0,1150.0,1,0.0,Rp0,True
2024-02-02,23,Kalimantan Timur,15200.0,15000.0,1150.0,4,0.0,Rp0,True
2024-02-02,24,Kalimantan Utara,16400.0,15000.0,1150.0,3,0.0,Rp0,True
2024-02-02,25,Gorontalo,14500.0,15000.0,1150.0,4,0.0,Rp0,True
2024-02-02,26,Sulawesi Selatan,13150.0,15000.0,1150.0,5,0.77,Rp100,True
2024-02-02,27,Sulawesi Tenggara,14200.0,15000.0,1150.0,5,0.0,Rp0,True
2024-02-02,28,Sulawesi Tengah,14500.0,15000.0,1150.0,4,0.69,Rp100,True
2024-02-02,29,Sulawesi Utara,13750.0,15000.0,1150.0,5,0.0,Rp0,True
2024-02-02,30,Sulawesi Barat,14050.0,15000.0,1150.0,5,0.0,Rp0,True
2024-02-02,31,Maluku,15200.0,15000.0,1150.0,4,0.0,Rp0,True
2024-02-02,32,Maluku Utara,15750.0,15000.0,1150.0,3,0.0,Rp0,True
2024-02-02,33,Papua,15400.0,15000.0,1150.0,4,0.33,Rp50,True
2024-02-02,34,Papua Barat,15650.0,15000.0,1150.0,3,0.0,Rp0,True
2024-02-03,1,Aceh,13850.0,15000.0,1150.0,5,0.0,Rp0,True
2024-02-03,2,Sumatera Utara,13700.0,15000.0,1150.0,5,0.0,Rp0,True
2024-02-03,3,Sumatera Barat,16400.0,15000.0,1150.0,3,0.0,Rp0,True
2024-02-03,4,Riau,15350.0,15000.0,1150.0,4,0.0,Rp0,True
2024-02-03,5,Kepulauan Riau,14300.0,15000.0,1150.0,4,0.0,Rp0,True
2024-02-03,6,Jambi,14150.0,15000.0,1150.0,5,0.0,Rp0,True
2024-02-03,7,Bengkulu,15200.0,15000.0,1150.0,4,1.33,Rp200,True
2024-02-03,8,Sumatera Selatan,14550.0,15000.0,1150.0,4,1.04,Rp150,True
2024-02-03,9,Kepulauan Bangka Belitung,15000.0,15000.0,1150.0,4,0.67,Rp100,True
2024-02-03,10,Lampung,13950.0,15000.0,1150.0,5,0.0,Rp0,True
2024-02-03,11,Banten,15250.0,15000.0,1150.0,4,0.0,Rp0,True
2024-02-03,12,Jawa Barat,14800.0,15000.0,1150.0,4,0.34,Rp50,True
2024-02-03,13,DKI Jakarta,15750.0,15000.0,1150.0,3,0.32,Rp50,True
2024-02-03,14,Jawa Tengah,14500.0,15000.0,1150.0,4,0.0,Rp0,True
2024-02-03,15,DI Yogyakarta,14200.0,15000.0,1150.0,5,0.0,Rp0,True
2024-02-03,16,Jawa Timur,14550.0,15000.0,1150.0,4,0.0,Rp0,True
2024-02-03,17,Bali,15600.0,15000.0,1150.0,3,2.97,Rp450,True
2024-02-03,18,Nusa Tenggara Barat,13650.0,15000.0,1150.0,5,0.0,Rp0,True
2024-02-03,19,Nusa Tenggara Timur,15100.0,15000.0,1150.0,4,0.0,Rp0,True
2024-02-03,20,Kalimantan Barat,15650.0,15000.0,1150.0,3,0.0,Rp0,True
2024-02-03,21,Kalimantan Selatan,17900.0,15000.0,1150.0,1,0.0,Rp0,True
2024-02-03,22,Kalimantan Tengah,18800.0,15000.0,1150.0,1,0.0,Rp0,True
2024-02-03,23,Kalimantan Timur,15200.0,15000.0,1150.0,4,0.0,Rp0,True
2024-02-03,24,Kalimantan Utara,16400.0,15000.0,1150.0,3,0.0,Rp0,True
2024-02-03,25,Gorontalo,14500.0,15000.0,1150.0,4,0.0,Rp0,True
2024-02-03,26,Sulawesi Selatan,13150.0,15000.0,1150.0,5,0.77,Rp100,True
2024-02-03,27,Sulawesi Tenggara,14200.0,15000.0,1150.0,5,0.0,Rp0,True
2024-02-03,28,Sulawesi Tengah,14500.0,15000.0,1150.0,4,0.69,Rp100,True
2024-02-03,29,Sulawesi Utara,13750.0,15000.0,1150.0,5,0.0,Rp0,True
2024-02-03,30,Sulawesi Barat,14050.0,15000.0,1150.0,5,0.0,Rp0,True
2024-02-03,31,Maluku,15200.0,15000.0,1150.0,4,0.0,Rp0,True
2024-02-03,32,Maluku Utara,15750.0,15000.0,1150.0,3,0.0,Rp0,True
2024-02-03,33,Papua,15400.0,15000.0,1150.0,4,0.33,Rp50,True
2024-02-03,34,Papua Barat,15650.0,15000.0,1150.0,3,0.0,Rp0,True
2024-02-04,1,Aceh,13850.0,15000.0,1150.0,5,0.0,Rp0,True
2024-02-04,2,Sumatera Utara,13700.0,15000.0,1150.0,5,0.0,Rp0,True
2024-02-04,3,Sumatera Barat,16400.0,15000.0,1150.0,3,0.0,Rp0,True
2024-02-04,4,Riau,15350.0,15000.0,1150.0,4,0.0,Rp0,True
2024-02-04,5,Kepulauan Riau,14300.0,15000.0,1150.0,4,0.0,Rp0,True
2024-02-04,6,Jambi,14150.0,15000.0,1150.0,5,0.0,Rp0,True
2024-02-04,7,Bengkulu,15200.0,15000.0,1150.0,4,1.33,Rp200,True
2024-02-04,8,Sumatera Selatan,14550.0,15000.0,1150.0,4,1.04,Rp150,True
2024-02-04,9,Kepulauan Bangka Belitung,15000.0,15000.0,1150.0,4,0.67,Rp100,True
2024-02-04,10,Lampung,13950.0,15000.0,1150.0,5,0.0,Rp0,True
2024-02-04,11,Banten,15250.0,15000.0,1150.0,4,0.0,Rp0,True
2024-02-04,12,Jawa Barat,14800.0,15000.0,1150.0,4,0.34,Rp50,True
2024-02-04,13,DKI Jakarta,15750.0,15000.0,1150.0,3,0.32,Rp50,True
2024-02-04,14,Jawa Tengah,14500.0,15000.0,1150.0,4,0.0,Rp0,True
2024-02-04,15,DI Yogyakarta,14200.0,15000.0,1150.0,5,0.0,Rp0,True
2024-02-04,16,Jawa Timur,14550.0,15000.0,1150.0,4,0.0,Rp0,True
2024-02-04,17,Bali,15600.0,15000.0,1150.0,3,2.97,Rp450,True
2024-02-04,18,Nusa Tenggara Barat,13650.0,15000.0,1150.0,5,0.0,Rp0,True
2024-02-04,19,Nusa Tenggara Timur,15100.0,15000.0,1150.0,4,0.0,Rp0,True
2024-02-04,20,Kalimantan Barat,15650.0,15000.0,1150.0,3,0.0,Rp0,True
2024-02-04,21,Kalimantan Selatan,17900.0,15000.0,1150.0,1,0.0,Rp0,True
2024-02-04,22,Kalimantan Tengah,18800.0,15000.0,1150.0,1,0.0,Rp0,True
2024-02-04,23,Kalimantan Timur,15200.0,15000.0,1150.0,4,0.0,Rp0,True
2024-02-04,24,Kalimantan Utara,16400.0,15000.0,1150.0,3,0.0,Rp0,True
2024-02-04,25,Gorontalo,14500.0,15000.0,1150.0,4,0.0,Rp0,True
2024-02-04,26,Sulawesi Selatan,13150.0,15000.0,1150.0,5,0.77,Rp100,True
2024-02-04,27,Sulawesi Tenggara,14200.0,15000.0,1150.0,5,0.0,Rp0,True
2024-02-04,28,Sulawesi Tengah,14500.0,15000.0,1150.0,4,0.69,Rp100,True
2024-02-04,29,Sulawesi Utara,13750.0,15000.0,1150.0,5,0.0,Rp0,True
2024-02-04,30,Sulawesi Barat,14050.0,15000.0,1150.0,5,0.0,Rp0,True
2024-02-04,31,Maluku,15200.0,15000.0,1150.0,4,0.0,Rp0,True
2024-02-04,32,Maluku Utara,15750.0,15000.0,1150.0,3,0.0,Rp0,True
2024-02-04,33,Papua,15400.0,15000.0,1150.0,4,0.33,Rp50,True
2024-02-04,34,Papua Barat,15650.0,15000.0,1150.0,3,0.0,Rp0,True
2024-02-05,1,Aceh,13850.0,15150.0,1150.0,5,0.0,Rp0,True
2024-02-05,2,Sumatera Utara,13700.0,15150.0,1150.0,5,0.0,Rp0,True
2024-02-05,3,Sumatera Barat,16400.0,15150.0,1150.0,3,0.0,Rp0,True
2024-02-05,4,Riau,15350.0,15150.0,1150.0,4,0.0,Rp0,True
2024-02-05,5,Kepulauan Riau,14400.0,15150.0,1150.0,4,0.7,Rp100,True
2024-02-05,6,Jambi,14150.0,15150.0,1150.0,5,0.0,Rp0,True
2024-02-05,7,Bengkulu,15200.0,15150.0,1150.0,4,0.0,Rp0,True
2024-02-05,8,Sumatera Selatan,15150.0,15150.0,1150.0,4,4.12,Rp600,True
2024-02-05,9,Kepulauan Bangka Belitung,15550.0,15150.0,1150.0,3,3.67,Rp550,True
2024-02-05,10,Lampung,14050.0,15150.0,1150.0,5,0.72,Rp100,True
2024-02-05,11,Banten,15750.0,15150.0,1150.0,3,3.28,Rp500,True
2024-02-05,12,Jawa Barat,15150.0,15150.0,1150.0,4,2.36,Rp350,True
2024-02-05,13,DKI Jakarta,15750.0,15150.0,1150.0,3,0.0,Rp0,True
2024-02-05,14,Jawa Tengah,14700.0,15150.0,1150.0,4,1.38,Rp200,True
2024-02-05,15,DI Yogyakarta,14950.0,15150.0,1150.0,4,5.28,Rp750,True
2024-02-05,16,Jawa Timur,14650.0,15150.0,1150.0,4,0.69,Rp100,True
2024-02-05,17,Bali,15650.0,15150.0,1150.0,3,0.32,Rp50,True
2024-02-05,18,Nusa Tenggara Barat,13650.0,15150.0,1150.0,5,0.0,Rp0,True
2024-02-05,19,Nusa Tenggara Timur,15100.0,15150.0,1150.0,4,0.0,Rp0,True
2024-02-05,20,Kalimantan Barat,15650.0,15150.0,1150.0,3,0.0,Rp0,True
2024-02-05,21,Kalimantan Selatan,17900.0,15150.0,1150.0,1,0.0,Rp0,True
2024-02-05,22,Kalimantan Tengah,18900.0,15150.0,1150.0,1,0.53,Rp100,True
2024-02-05,23,Kalimantan Timur,15200.0,15150.0,1150.0,4,0.0,Rp0,True
2024-02-05,24,Kalimantan Utara,16450.0,15150.0,1150.0,3,0.3,Rp50,True
2024-02-05,25,Gorontalo,14550.0,15150.0,1150.0,4,0.34,Rp50,True
2024-02-05,26,Sulawesi Selatan,13250.0,15150.0,1150.0,5,0.76,Rp100,True
2024-02-05,27,Sulawesi Tenggara,14250.0,15150.0,1150.0,5,0.35,Rp50,True
2024-02-05,28,Sulawesi Tengah,14600.0,15150.0,1150.0,4,0.69,Rp100,True
2024-02-05,29,Sulawesi Utara,14300.0,15150.0,1150.0,5,4.0,Rp550,True
2024-02-05,30,Sulawesi Barat,14050.0,15150.0,1150.0,5,0.0,Rp0,True
2024-02-05,31,Maluku,15350.0,15150.0,1150.0,4,0.99,Rp150,True
2024-02-05,32,Maluku Utara,15750.0,15150.0,1150.0,3,0.0,Rp0,True
2024-02-05,33,Papua,15400.0,15150.0,1150.0,4,0.0,Rp0,True
2024-02-05,34,Papua Barat,15650.0,15150.0,1150.0,3,0.0,Rp0,True
2024-02-06,1,Aceh,13850.0,15150.0,1150.0,5,0.0,Rp0,True
2024-02-06,2,Sumatera Utara,13700.0,15150.0,1150.0,5,0.0,Rp0,True
2024-02-06,3,Sumatera Barat,16450.0,15150.0,1150.0,3,0.3,Rp50,True
2024-02-06,4,Riau,15350.0,15150.0,1150.0,4,0.0,Rp0,True
2024-02-06,5,Kepulauan Riau,14400.0,15150.0,1150.0,4,0.0,Rp0,True
2024-02-06,6,Jambi,14150.0,15150.0,1150.0,5,0.0,Rp0,True
2024-02-06,7,Bengkulu,15200.0,15150.0,1150.0,4,0.0,Rp0,True
2024-02-06,8,Sumatera Selatan,15150.0,15150.0,1150.0,4,0.0,Rp0,True
2024-02-06,9,Kepulauan Bangka Belitung,15500.0,15150.0,1150.0,4,-0.32,-Rp50,True
2024-02-06,10,Lampung,14050.0,15150.0,1150.0,5,0.0,Rp0,True
2024-02-06,11,Banten,15750.0,15150.0,1150.0,3,0.0,Rp0,True
2024-02-06,12,Jawa Barat,15250.0,15150.0,1150.0,4,0.66,Rp100,True
2024-02-06,13,DKI Jakarta,15900.0,15150.0,1150.0,3,0.95,Rp150,True
2024-02-06,14,Jawa Tengah,14750.0,15150.0,1150.0,4,0.34,Rp50,True
2024-02-06,15,DI Yogyakarta,15100.0,15150.0,1150.0,4,1.0,Rp150,True
2024-02-06,16,Jawa Timur,14750.0,15150.0,1150.0,4,0.68,Rp100,True
2024-02-06,17,Bali,15550.0,15150.0,1150.0,3,-0.64,-Rp100,True
2024-02-06,18,Nusa Tenggara Barat,13650.0,15150.0,1150.0,5,0.0,Rp0,True
2024-02-06,19,Nusa Tenggara Timur,15100.0,15150.0,1150.0,4,0.0,Rp0,True
2024-02-06,20,Kalimantan Barat,15700.0,15150.0,1150.0,3,0.32,Rp50,True
2024-02-06,21,Kalimantan Selatan,17900.0,15150.0,1150.0,1,0.0,Rp0,True
2024-02-06,22,Kalimantan Tengah,18900.0,15150.0,1150.0,1,0.0,Rp0,True
2024-02-06,23,Kalimantan Timur,15200.0,15150.0,1150.0,4,0.0,Rp0,True
2024-02-06,24,Kalimantan Utara,16450.0,15150.0,1150.0,3,0.0,Rp0,True
2024-02-06,25,Gorontalo,14550.0,15150.0,1150.0,4,0.0,Rp0,True
2024-02-06,26,Sulawesi Selatan,13250.0,15150.0,1150.0,5,0.0,Rp0,True
2024-02-06,27,Sulawesi Tenggara,14300.0,15150.0,1150.0,5,0.35,Rp50,True
2024-02-06,28,Sulawesi Tengah,14700.0,15150.0,1150.0,4,0.68,Rp100,True
2024-02-06,29,Sulawesi Utara,13900.0,15150.0,1150.0,5,-2.8,-Rp400,True
2024-02-06,30,Sulawesi Barat,14050.0,15150.0,1150.0,5,0.0,Rp0,True
2024-02-06,31,Maluku,15400.0,15150.0,1150.0,4,0.33,Rp50,True
2024-02-06,32,Maluku Utara,15750.0,15150.0,1150.0,3,0.0,Rp0,True
2024-02-06,33,Papua,15400.0,15150.0,1150.0,4,0.0,Rp0,True
2024-02-06,34,Papua Barat,15650.0,15150.0,1150.0,3,0.0,Rp0,True
2024-02-07,1,Aceh,13850.0,15150.0,2800.0,5,0.0,Rp0,True
2024-02-07,2,Sumatera Utara,13700.0,15150.0,2800.0,5,0.0,Rp0,True
2024-02-07,3,Sumatera Barat,16450.0,15150.0,2800.0,3,0.0,Rp0,True
2024-02-07,4,Riau,15350.0,15150.0,2800.0,4,0.0,Rp0,True
2024-02-07,5,Kepulauan Riau,14400.0,15150.0,2800.0,4,0.0,Rp0,True
2024-02-07,6,Jambi,14150.0,15150.0,2800.0,5,0.0,Rp0,True
2024-02-07,7,Bengkulu,15200.0,15150.0,2800.0,4,0.0,Rp0,True
2024-02-07,8,Sumatera Selatan,15150.0,15150.0,2800.0,4,0.0,Rp0,True
2024-02-07,9,Kepulauan Bangka Belitung,15500.0,15150.0,2800.0,4,0.0,Rp0,True
2024-02-07,10,Lampung,14250.0,15150.0,2800.0,5,1.42,Rp200,True
2024-02-07,11,Banten,15750.0,15150.0,2800.0,3,0.0,Rp0,True
2024-02-07,12,Jawa Barat,15250.0,15150.0,2800.0,4,0.0,Rp0,True
2024-02-07,13,DKI Jakarta,15900.0,15150.0,2800.0,3,0.0,Rp0,True
2024-02-07,14,Jawa Tengah,14750.0,15150.0,2800.0,4,0.0,Rp0,True
2024-02-07,15,DI Yogyakarta,15100.0,15150.0,2800.0,4,0.0,Rp0,True
2024-02-07,16,Jawa Timur,14750.0,15150.0,2800.0,4,0.0,Rp0,True
2024-02-07,17,Bali,15650.0,15150.0,2800.0,3,0.64,Rp100,True
2024-02-07,18,Nusa Tenggara Barat,13650.0,15150.0,2800.0,5,0.0,Rp0,True
2024-02-07,19,Nusa Tenggara Timur,15150.0,15150.0,2800.0,4,0.33,Rp50,True
2024-02-07,20,Kalimantan Barat,15700.0,15150.0,2800.0,3,0.0,Rp0,True
2024-02-07,21,Kalimantan Selatan,17900.0,15150.0,2800.0,1,0.0,Rp0,True
2024-02-07,22,Kalimantan Tengah,18900.0,15150.0,2800.0,1,0.0,Rp0,True
2024-02-07,23,Kalimantan Timur,15250.0,15150.0,2800.0,4,0.33,Rp50,True
2024-02-07,24,Kalimantan Utara,16450.0,15150.0,2800.0,3,0.0,Rp0,True
2024-02-07,25,Gorontalo,14550.0,15150.0,2800.0,4,0.0,Rp0,True
2024-02-07,26,Sulawesi Selatan,13250.0,15150.0,2800.0,5,0.0,Rp0,True
2024-02-07,27,Sulawesi Tenggara,14300.0,15150.0,2800.0,5,0.0,Rp0,True
2024-02-07,28,Sulawesi Tengah,14700.0,15150.0,2800.0,4,0.0,Rp0,True
2024-02-07,29,Sulawesi Utara,14300.0,15150.0,2800.0,5,2.88,Rp400,True
2024-02-07,30,Sulawesi Barat,14100.0,15150.0,2800.0,5,0.36,Rp50,True
2024-02-07,31,Maluku,0.0,15150.0,2800.0,6,0.0,,False
2024-02-07,32,Maluku Utara,15750.0,15150.0,2800.0,3,0.0,Rp0,True
2024-02-07,33,Papua,15500.0,15150.0,2800.0,4,0.65,Rp100,True
2024-02-07,34,Papua Barat,15650.0,15150.0,2800.0,3,0.0,Rp0,True
2024-02-08,1,Aceh,13850.0,15150.0,1150.0,5,0.0,Rp0,True
2024-02-08,2,Sumatera Utara,13700.0,15150.0,1150.0,5,0.0,Rp0,True
2024-02-08,3,Sumatera Barat,16450.0,15150.0,1150.0,3,0.0,Rp0,True
2024-02-08,4,Riau,15350.0,15150.0,1150.0,4,0.0,Rp0,True
2024-02-08,5,Kepulauan Riau,14400.0,15150.0,1150.0,4,0.0,Rp0,True
2024-02-08,6,Jambi,14150.0,15150.0,1150.0,5,0.0,Rp0,True
2024-02-08,7,Bengkulu,15200.0,15150.0,1150.0,4,0.0,Rp0,True
2024-02-08,8,Sumatera Selatan,15150.0,15150.0,1150.0,4,0.0,Rp0,True
2024-02-08,9,Kepulauan Bangka Belitung,15500.0,15150.0,1150.0,4,0.0,Rp0,True
2024-02-08,10,Lampung,14250.0,15150.0,1150.0,5,0.0,Rp0,True
2024-02-08,11,Banten,15750.0,15150.0,1150.0,3,0.0,Rp0,True
2024-02-08,12,Jawa Barat,15250.0,15150.0,1150.0,4,0.0,Rp0,True
2024-02-08,13,DKI Jakarta,16000.0,15150.0,1150.0,3,0.63,Rp100,True
2024-02-08,14,Jawa Tengah,14550.0,15150.0,1150.0,4,-1.36,-Rp200,True
2024-02-08,15,DI Yogyakarta,15100.0,15150.0,1150.0,4,0.0,Rp0,True
2024-02-08,16,Jawa Timur,14750.0,15150.0,1150.0,4,0.0,Rp0,True
2024-02-08,17,Bali,15650.0,15150.0,1150.0,3,0.0,Rp0,True
2024-02-08,18,Nusa Tenggara Barat,13650.0,15150.0,1150.0,5,0.0,Rp0,True
2024-02-08,19,Nusa Tenggara Timur,15150.0,15150.0,1150.0,4,0.0,Rp0,True
2024-02-08,20,Kalimantan Barat,15700.0,15150.0,1150.0,3,0.0,Rp0,True
2024-02-08,21,Kalimantan Selatan,17900.0,15150.0,1150.0,1,0.0,Rp0,True
2024-02-08,22,Kalimantan Tengah,18900.0,15150.0,1150.0,1,0.0,Rp0,True
2024-02-08,23,Kalimantan Timur,15150.0,15150.0,1150.0,4,-0.66,-Rp100,True
2024-02-08,24,Kalimantan Utara,16600.0,15150.0,1150.0,3,0.91,Rp150,True
2024-02-08,25,Gorontalo,14550.0,15150.0,1150.0,4,0.0,Rp0,True
2024-02-08,26,Sulawesi Selatan,13250.0,15150.0,1150.0,5,0.0,Rp0,True
2024-02-08,27,Sulawesi Tenggara,14300.0,15150.0,1150.0,5,0.0,Rp0,True
2024-02-08,28,Sulawesi Tengah,14700.0,15150.0,1150.0,4,0.0,Rp0,True
2024-02-08,29,Sulawesi Utara,13900.0,15150.0,1150.0,5,-2.8,-Rp400,True
2024-02-08,30,Sulawesi Barat,14100.0,15150.0,1150.0,5,0.0,Rp0,True
2024-02-08,31,Maluku,15400.0,15150.0,1150.0,6,0.0,,True
2024-02-08,32,Maluku Utara,15750.0,15150.0,1150.0,3,0.0,Rp0,True
2024-02-08,33,Papua,15500.0,15150.0,1150.0,4,0.0,Rp0,True
2024-02-08,34,Papua Barat,15650.0,15150.0,1150.0,3,0.0,Rp0,True
2024-02-09,1,Aceh,13850.0,15150.0,2800.0,5,0.0,Rp0,True
2024-02-09,2,Sumatera Utara,13700.0,15150.0,2800.0,5,0.0,Rp0,True
2024-02-09,3,Sumatera Barat,16450.0,15150.0,2800.0,3,0.0,Rp0,True
2024-02-09,4,Riau,15350.0,15150.0,2800.0,4,0.0,Rp0,True
2024-02-09,5,Kepulauan Riau,14400.0,15150.0,2800.0,4,0.0,Rp0,True
2024-02-09,6,Jambi,14150.0,15150.0,2800.0,5,0.0,Rp0,True
2024-02-09,7,Bengkulu,15200.0,15150.0,2800.0,4,0.0,Rp0,True
2024-02-09,8,Sumatera Selatan,15150.0,15150.0,2800.0,4,0.0,Rp0,True
2024-02-09,9,Kepulauan Bangka Belitung,15500.0,15150.0,2800.0,4,0.0,Rp0,True
2024-02-09,10,Lampung,14250.0,15150.0,2800.0,5,0.0,Rp0,True
2024-02-09,11,Banten,15750.0,15150.0,2800.0,3,0.0,Rp0,True
2024-02-09,12,Jawa Barat,15250.0,15150.0,2800.0,4,0.0,Rp0,True
2024-02-09,13,DKI Jakarta,0.0,15150.0,2800.0,6,0.0,,False
2024-02-09,14,Jawa Tengah,14600.0,15150.0,2800.0,4,0.34,Rp50,True
2024-02-09,15,DI Yogyakarta,15100.0,15150.0,2800.0,4,0.0,Rp0,True
2024-02-09,16,Jawa Timur,14750.0,15150.0,2800.0,4,0.0,Rp0,True
2024-02-09,17,Bali,15650.0,15150.0,2800.0,3,0.0,Rp0,True
2024-02-09,18,Nusa Tenggara Barat,13650.0,15150.0,2800.0,5,0.0,Rp0,True
2024-02-09,19,Nusa Tenggara Timur,15150.0,15150.0,2800.0,4,0.0,Rp0,True
2024-02-09,20,Kalimantan Barat,15700.0,15150.0,2800.0,3,0.0,Rp0,True
2024-02-09,21,Kalimantan Selatan,17900.0,15150.0,2800.0,1,0.0,Rp0,True
2024-02-09,22,Kalimantan Tengah,18900.0,15150.0,2800.0,1,0.0,Rp0,True
2024-02-09,23,Kalimantan Timur,15150.0,15150.0,2800.0,4,0.0,Rp0,True
2024-02-09,24,Kalimantan Utara,16600.0,15150.0,2800.0,3,0.0,Rp0,True
2024-02-09,25,Gorontalo,14550.0,15150.0,2800.0,4,0.0,Rp0,True
2024-02-09,26,Sulawesi Selatan,13250.0,15150.0,2800.0,5,0.0,Rp0,True
2024-02-09,27,Sulawesi Tenggara,14300.0,15150.0,2800.0,5,0.0,Rp0,True
2024-02-09,28,Sulawesi Tengah,14700.0,15150.0,2800.0,4,0.0,Rp0,True
2024-02-09,29,Sulawesi Utara,13900.0,15150.0,2800.0,5,0.0,Rp0,True
2024-02-09,30,Sulawesi Barat,14100.0,15150.0,2800.0,5,0.0,Rp0,True
2024-02-09,31,Maluku,15400.0,15150.0,2800.0,4,0.0,Rp0,True
2024-02-09,32,Maluku Utara,15750.0,15150.0,2800.0,3,0.0,Rp0,True
2024-02-09,33,Papua,15500.0,15150.0,2800.0,4,0.0,Rp0,True
2024-02-09,34,Papua Barat,15650.0,15150.0,2800.0,3,0.0,Rp0,True
2024-02-10,1,Aceh,13850.0,15150.0,2800.0,5,0.0,Rp0,True
2024-02-10,2,Sumatera Utara,13700.0,15150.0,2800.0,5,0.0,Rp0,True
2024-02-10,3,Sumatera Barat,16450.0,15150.0,2800.0,3,0.0,Rp0,True
2024-02-10,4,Riau,15350.0,15150.0,2800.0,4,0.0,Rp0,True
2024-02-10,5,Kepulauan Riau,14400.0,15150.0,2800.0,4,0.0,Rp0,True
2024-02-10,6,Jambi,14150.0,15150.0,2800.0,5,0.0,Rp0,True
2024-02-10,7,Bengkulu,15200.0,15150.0,2800.0,4,0.0,Rp0,True
2024-02-10,8,Sumatera Selatan,15150.0,15150.0,2800.0,4,0.0,Rp0,True
2024-02-10,9,Kepulauan Bangka Belitung,15500.0,15150.0,2800.0,4,0.0,Rp0,True
2024-02-10,10,Lampung,14250.0,15150.0,2800.0,5,0.0,Rp0,True
2024-02-10,11,Banten,15750.0,15150.0,2800.0,3,0.0,Rp0,True
2024-02-10,12,Jawa Barat,15250.0,15150.0,2800.0,4,0.0,Rp0,True
2024-02-10,13,DKI Jakarta,0.0,15150.0,2800.0,6,0.0,,False
2024-02-10,14,Jawa Tengah,14600.0,15150.0,2800.0,4,0.34,Rp50,True
2024-02-10,15,DI Yogyakarta,15100.0,15150.0,2800.0,4,0.0,Rp0,True
2024-02-10,16,Jawa Timur,14750.0,15150.0,2800.0,4,0.0,Rp0,True
2024-02-10,17,Bali,15650.0,15150.0,2800.0,3,0.0,Rp0,True
2024-02-10,18,Nusa Tenggara Barat,13650.0,15150.0,2800.0,5,0.0,Rp0,True
2024-02-10,19,Nusa Tenggara Timur,15150.0,15150.0,2800.0,4,0.0,Rp0,True
2024-02-10,20,Kalimantan Barat,15700.0,15150.0,2800.0,3,0.0,Rp0,True
2024-02-10,21,Kalimantan Selatan,17900.0,15150.0,2800.0,1,0.0,Rp0,True
2024-02-10,22,Kalimantan Tengah,18900.0,15150.0,2800.0,1,0.0,Rp0,True
2024-02-10,23,Kalimantan Timur,15150.0,15150.0,2800.0,4,0.0,Rp0,True
2024-02-10,24,Kalimantan Utara,16600.0,15150.0,2800.0,3,0.0,Rp0,True
2024-02-10,25,Gorontalo,14550.0,15150.0,2800.0,4,0.0,Rp0,True
2024-02-10,26,Sulawesi Selatan,13250.0,15150.0,2800.0,5,0.0,Rp0,True
2024-02-10,27,Sulawesi Tenggara,14300.0,15150.0,2800.0,5,0.0,Rp0,True
2024-02-10,28,Sulawesi Tengah,14700.0,15150.0,2800.0,4,0.0,Rp0,True
2024-02-10,29,Sulawesi Utara,13900.0,15150.0,2800.0,5,0.0,Rp0,True
2024-02-10,30,Sulawesi Barat,14100.0,15150.0,2800.0,5,0.0,Rp0,True
2024-02-10,31,Maluku,15400.0,15150.0,2800.0,4,0.0,Rp0,True
2024-02-10,32,Maluku Utara,15750.0,15150.0,2800.0,3,0.0,Rp0,True
2024-02-10,33,Papua,15500.0,15150.0,2800.0,4,0.0,Rp0,True
2024-02-10,34,Papua Barat,15650.0,15150.0,2800.0,3,0.0,Rp0,True
2024-02-11,1,Aceh,13850.0,15150.0,2800.0,5,0.0,Rp0,True
2024-02-11,2,Sumatera Utara,13700.0,15150.0,2800.0,5,0.0,Rp0,True
2024-02-11,3,Sumatera Barat,16450.0,15150.0,2800.0,3,0.0,Rp0,True
2024-02-11,4,Riau,15350.0,15150.0,2800.0,4,0.0,Rp0,True
2024-02-11,5,Kepulauan Riau,14400.0,15150.0,2800.0,4,0.0,Rp0,True
2024-02-11,6,Jambi,14150.0,15150.0,2800.0,5,0.0,Rp0,True
2024-02-11,7,Bengkulu,15200.0,15150.0,2800.0,4,0.0,Rp0,True
2024-02-11,8,Sumatera Selatan,15150.0,15150.0,2800.0,4,0.0,Rp0,True
2024-02-11,9,Kepulauan Bangka Belitung,15500.0,15150.0,2800.0,4,0.0,Rp0,True
2024-02-11,10,Lampung,14250.0,15150.0,2800.0,5,0.0,Rp0,True
2024-02-11,11,Banten,15750.0,15150.0,2800.0,3,0.0,Rp0,True
2024-02-11,12,Jawa Barat,15250.0,15150.0,2800.0,4,0.0,Rp0,True
2024-02-11,13,DKI Jakarta,0.0,15150.0,2800.0,6,0.0,,False
2024-02-11,14,Jawa Tengah,14600.0,15150.0,2800.0,4,0.34,Rp50,True
2024-02-11,15,DI Yogyakarta,15100.0,15150.0,2800.0,4,0.0,Rp0,True
2024-02-11,16,Jawa Timur,14750.0,15150.0,2800.0,4,0.0,Rp0,True
2024-02-11,17,Bali,15650.0,15150.0,2800.0,3,0.0,Rp0,True
2024-02-11,18,Nusa Tenggara Barat,13650.0,15150.0,2800.0,5,0.0,Rp0,True
2024-02-11,19,Nusa Tenggara Timur,15150.0,15150.0,2800.0,4,0.0,Rp0,True
2024-02-11,20,Kalimantan Barat,15700.0,15150.0,2800.0,3,0.0,Rp0,True
2024-02-11,21,Kalimantan Selatan,17900.0,15150.0,2800.0,1,0.0,Rp0,True
2024-02-11,22,Kalimantan Tengah,18900.0,15150.0,2800.0,1,0.0,Rp0,True
2024-02-11,23,Kalimantan Timur,15150.0,15150.0,2800.0,4,0.0,Rp0,True
2024-02-11,24,Kalimantan Utara,16600.0,15150.0,2800.0,3,0.0,Rp0,True
2024-02-11,25,Gorontalo,14550.0,15150.0,2800.0,4,0.0,Rp0,True
2024-02-11,26,Sulawesi Selatan,13250.0,15150.0,2800.0,5,0.0,Rp0,True
2024-02-11,27,Sulawesi Tenggara,14300.0,15150.0,2800.0,5,0.0,Rp0,True
2024-02-11,28,Sulawesi Tengah,14700.0,15150.0,2800.0,4,0.0,Rp0,True
2024-02-11,29,Sulawesi Utara,13900.0,15150.0,2800.0,5,0.0,Rp0,True
2024-02-11,30,Sulawesi Barat,14100.0,15150.0,2800.0,5,0.0,Rp0,True
2024-02-11,31,Maluku,15400.0,15150.0,2800.0,4,0.0,Rp0,True
2024-02-11,32,Maluku Utara,15750.0,15150.0,2800.0,3,0.0,Rp0,True
2024-02-11,33,Papua,15500.0,15150.0,2800.0,4,0.0,Rp0,True
2024-02-11,34,Papua Barat,15650.0,15150.0,2800.0,3,0.0,Rp0,True
2024-02-12,1,Aceh,13800.0,15250.0,1150.0,5,-0.36,-Rp50,True
2024-02-12,2,Sumatera Utara,13700.0,15250.0,1150.0,5,0.0,Rp0,True
2024-02-12,3,Sumatera Barat,16700.0,15250.0,1150.0,2,1.52,Rp250,True
2024-02-12,4,Riau,15350.0,15250.0,1150.0,4,0.0,Rp0,True
2024-02-12,5,Kepulauan Riau,14400.0,15250.0,1150.0,4,0.0,Rp0,True
2024-02-12,6,Jambi,14150.0,15250.0,1150.0,5,0.0,Rp0,True
2024-02-12,7,Bengkulu,15200.0,15250.0,1150.0,4,0.0,Rp0,True
2024-02-12,8,Sumatera Selatan,15300.0,15250.0,1150.0,4,0.99,Rp150,True
2024-02-12,9,Kepulauan Bangka Belitung,15700.0,15250.0,1150.0,3,1.29,Rp200,True
2024-02-12,10,Lampung,14250.0,15250.0,1150.0,5,0.0,Rp0,True
2024-02-12,11,Banten,15900.0,15250.0,1150.0,3,0.95,Rp150,True
2024-02-12,12,Jawa Barat,15450.0,15250.0,1150.0,4,1.31,Rp200,True
2024-02-12,13,DKI Jakarta,15900.0,15250.0,1150.0,6,0.0,,True
2024-02-12,14,Jawa Tengah,15050.0,15250.0,1150.0,4,3.08,Rp450,True
2024-02-12,15,DI Yogyakarta,15400.0,15250.0,1150.0,4,1.99,Rp300,True
2024-02-12,16,Jawa Timur,14950.0,15250.0,1150.0,4,1.36,Rp200,True
2024-02-12,17,Bali,16400.0,15250.0,1150.0,3,4.79,Rp750,True
2024-02-12,18,Nusa Tenggara Barat,13700.0,15250.0,1150.0,5,0.37,Rp50,True
2024-02-12,19,Nusa Tenggara Timur,15250.0,15250.0,1150.0,4,0.66,Rp100,True
2024-02-12,20,Kalimantan Barat,15700.0,15250.0,1150.0,3,0.0,Rp0,True
2024-02-12,21,Kalimantan Selatan,17900.0,15250.0,1150.0,1,0.0,Rp0,True
2024-02-12,22,Kalimantan Tengah,18900.0,15250.0,1150.0,1,0.0,Rp0,True
2024-02-12,23,Kalimantan Timur,15250.0,15250.0,1150.0,4,0.66,Rp100,True
2024-02-12,24,Kalimantan Utara,16450.0,15250.0,1150.0,3,-0.9,-Rp150,True
2024-02-12,25,Gorontalo,14600.0,15250.0,1150.0,4,0.34,Rp50,True
2024-02-12,26,Sulawesi Selatan,13250.0,15250.0,1150.0,5,0.0,Rp0,True
2024-02-12,27,Sulawesi Tenggara,14450.0,15250.0,1150.0,4,1.05,Rp150,True
2024-02-12,28,Sulawesi Tengah,14700.0,15250.0,1150.0,4,0.0,Rp0,True
2024-02-12,29,Sulawesi Utara,14500.0,15250.0,1150.0,4,4.32,Rp600,True
2024-02-12,30,Sulawesi Barat,14200.0,15250.0,1150.0,5,0.71,Rp100,True
2024-02-12,31,Maluku,15400.0,15250.0,1150.0,4,0.0,Rp0,True
2024-02-12,32,Maluku Utara,15750.0,15250.0,1150.0,3,0.0,Rp0,True
2024-02-12,33,Papua,15550.0,15250.0,1150.0,3,0.32,Rp50,True
2024-02-12,34,Papua Barat,15650.0,15250.0,1150.0,3,0.0,Rp0,True
2024-02-13,1,Aceh,13800.0,15300.0,1150.0,5,0.0,Rp0,True
2024-02-13,2,Sumatera Utara,13700.0,15300.0,1150.0,5,0.0,Rp0,True
2024-02-13,3,Sumatera Barat,16950.0,15300.0,1150.0,2,1.5,Rp250,True
2024-02-13,4,Riau,15350.0,15300.0,1150.0,4,0.0,Rp0,True
2024-02-13,5,Kepulauan Riau,14400.0,15300.0,1150.0,5,0.0,Rp0,True
2024-02-13,6,Jambi,14150.0,15300.0,1150.0,5,0.0,Rp0,True
2024-02-13,7,Bengkulu,15350.0,15300.0,1150.0,4,0.99,Rp150,True
2024-02-13,8,Sumatera Selatan,15150.0,15300.0,1150.0,4,-0.98,-Rp150,True
2024-02-13,9,Kepulauan Bangka Belitung,15850.0,15300.0,1150.0,3,0.96,Rp150,True
2024-02-13,10,Lampung,14300.0,15300.0,1150.0,5,0.35,Rp50,True
2024-02-13,11,Banten,16100.0,15300.0,1150.0,3,1.26,Rp200,True
2024-02-13,12,Jawa Barat,15500.0,15300.0,1150.0,4,0.32,Rp50,True
2024-02-13,13,DKI Jakarta,15950.0,15300.0,1150.0,3,0.31,Rp50,True
2024-02-13,14,Jawa Tengah,15100.0,15300.0,1150.0,4,0.33,Rp50,True
2024-02-13,15,DI Yogyakarta,15400.0,15300.0,1150.0,4,0.0,Rp0,True
2024-02-13,16,Jawa Timur,15100.0,15300.0,1150.0,4,1.0,Rp150,True
2024-02-13,17,Bali,16550.0,15300.0,1150.0,3,0.91,Rp150,True
2024-02-13,18,Nusa Tenggara Barat,13700.0,15300.0,1150.0,5,0.0,Rp0,True
2024-02-13,19,Nusa Tenggara Timur,15300.0,15300.0,1150.0,4,0.33,Rp50,True
2024-02-13,20,Kalimantan Barat,15700.0,15300.0,1150.0,3,0.0,Rp0,True
2024-02-13,21,Kalimantan Selatan,17900.0,15300.0,1150.0,1,0.0,Rp0,True
2024-02-13,22,Kalimantan Tengah,18900.0,15300.0,1150.0,1,0.0,Rp0,True
2024-02-13,23,Kalimantan Timur,15300.0,15300.0,1150.0,4,0.33,Rp50,True
2024-02-13,24,Kalimantan Utara,16550.0,15300.0,1150.0,3,0.61,Rp100,True
2024-02-13,25,Gorontalo,14750.0,15300.0,1150.0,4,1.03,Rp150,True
2024-02-13,26,Sulawesi Selatan,13350.0,15300.0,1150.0,5,0.75,Rp100,True
2024-02-13,27,Sulawesi Tenggara,14650.0,15300.0,1150.0,4,1.38,Rp200,True
2024-02-13,28,Sulawesi Tengah,14950.0,15300.0,1150.0,4,1.7,Rp250,True
2024-02-13,29,Sulawesi Utara,14500.0,15300.0,1150.0,4,0.0,Rp0,True
2024-02-13,30,Sulawesi Barat,14200.0,15300.0,1150.0,5,0.0,Rp0,True
2024-02-13,31,Maluku,15400.0,15300.0,1150.0,4,0.0,Rp0,True
2024-02-13,32,Maluku Utara,15750.0,15300.0,1150.0,3,0.0,Rp0,True
2024-02-13,33,Papua,15600.0,15300.0,1150.0,3,0.32,Rp50,True
2024-02-13,34,Papua Barat,15750.0,15300.0,1150.0,3,0.64,Rp100,True
2024-02-14,1,Aceh,13800.0,15250.0,4500.0,5,0.0,Rp0,True
2024-02-14,2,Sumatera Utara,13700.0,15250.0,4500.0,5,0.0,Rp0,True
2024-02-14,3,Sumatera Barat,16950.0,15250.0,4500.0,2,0.0,Rp0,True
2024-02-14,4,Riau,0.0,15250.0,4500.0,6,0.0,,False
2024-02-14,5,Kepulauan Riau,14400.0,15250.0,4500.0,5,0.0,Rp0,True
2024-02-14,6,Jambi,14150.0,15250.0,4500.0,5,0.0,Rp0,True
2024-02-14,7,Bengkulu,15350.0,15250.0,4500.0,4,0.0,Rp0,True
2024-02-14,8,Sumatera Selatan,15150.0,15250.0,4500.0,4,0.0,Rp0,True
2024-02-14,9,Kepulauan Bangka Belitung,15850.0,15250.0,4500.0,3,0.0,Rp0,True
2024-02-14,10,Lampung,14300.0,15250.0,4500.0,5,0.0,Rp0,True
2024-02-14,11,Banten,16100.0,15250.0,4500.0,3,0.0,Rp0,True
2024-02-14,12,Jawa Barat,15500.0,15250.0,4500.0,4,0.0,Rp0,True
2024-02-14,13,DKI Jakarta,16000.0,15250.0,4500.0,3,0.31,Rp50,True
2024-02-14,14,Jawa Tengah,14850.0,15250.0,4500.0,4,-1.66,-Rp250,True
2024-02-14,15,DI Yogyakarta,15400.0,15250.0,4500.0,4,0.0,Rp0,True
2024-02-14,16,Jawa Timur,15100.0,15250.0,4500.0,4,0.0,Rp0,True
2024-02-14,17,Bali,16550.0,15250.0,4500.0,3,0.0,Rp0,True
2024-02-14,18,Nusa Tenggara Barat,13700.0,15250.0,4500.0,5,0.0,Rp0,True
2024-02-14,19,Nusa Tenggara Timur,15300.0,15250.0,4500.0,4,0.0,Rp0,True
2024-02-14,20,Kalimantan Barat,15700.0,15250.0,4500.0,3,0.0,Rp0,True
2024-02-14,21,Kalimantan Selatan,17900.0,15250.0,4500.0,1,0.0,Rp0,True
2024-02-14,22,Kalimantan Tengah,18900.0,15250.0,4500.0,1,0.0,Rp0,True
2024-02-14,23,Kalimantan Timur,15300.0,15250.0,4500.0,4,0.0,Rp0,True
2024-02-14,24,Kalimantan Utara,0.0,15250.0,4500.0,6,0.0,,False
2024-02-14,25,Gorontalo,14750.0,15250.0,4500.0,4,0.0,Rp0,True
2024-02-14,26,Sulawesi Selatan,13350.0,15250.0,4500.0,5,0.0,Rp0,True
2024-02-14,27,Sulawesi Tenggara,14650.0,15250.0,4500.0,4,0.0,Rp0,True
2024-02-14,28,Sulawesi Tengah,14950.0,15250.0,4500.0,4,0.0,Rp0,True
2024-02-14,29,Sulawesi Utara,14050.0,15250.0,4500.0,5,-3.1,-Rp450,True
2024-02-14,30,Sulawesi Barat,14200.0,15250.0,4500.0,5,0.0,Rp0,True
2024-02-14,31,Maluku,0.0,15250.0,4500.0,6,0.0,,False
2024-02-14,32,Maluku Utara,15750.0,15250.0,4500.0,3,0.0,Rp0,True
2024-02-14,33,Papua,15600.0,15250.0,4500.0,3,0.0,Rp0,True
2024-02-14,34,Papua Barat,15750.0,15250.0,4500.0,3,0.0,Rp0,True
2024-02-15,1,Aceh,13800.0,15350.0,1150.0,5,0.0,Rp0,True
2024-02-15,2,Sumatera Utara,13700.0,15350.0,1150.0,5,0.0,Rp0,True
2024-02-15,3,Sumatera Barat,16950.0,15350.0,1150.0,2,0.0,Rp0,True
2024-02-15,4,Riau,15350.0,15350.0,1150.0,6,0.0,,True
2024-02-15,5,Kepulauan Riau,14450.0,15350.0,1150.0,5,0.35,Rp50,True
2024-02-15,6,Jambi,14150.0,15350.0,1150.0,5,0.0,Rp0,True
2024-02-15,7,Bengkulu,15350.0,15350.0,1150.0,4,0.0,Rp0,True
2024-02-15,8,Sumatera Selatan,15150.0,15350.0,1150.0,4,0.0,Rp0,True
2024-02-15,9,Kepulauan Bangka Belitung,15850.0,15350.0,1150.0,3,0.0,Rp0,True
2024-02-15,10,Lampung,14300.0,15350.0,1150.0,5,0.0,Rp0,True
2024-02-15,11,Banten,16100.0,15350.0,1150.0,3,0.0,Rp0,True
2024-02-15,12,Jawa Barat,15550.0,15350.0,1150.0,4,0.32,Rp50,True
2024-02-15,13,DKI Jakarta,16000.0,15350.0,1150.0,3,0.0,Rp0,True
2024-02-15,14,Jawa Tengah,15250.0,15350.0,1150.0,4,2.69,Rp400,True
2024-02-15,15,DI Yogyakarta,15400.0,15350.0,1150.0,4,0.0,Rp0,True
2024-02-15,16,Jawa Timur,15200.0,15350.0,1150.0,4,0.66,Rp100,True
2024-02-15,17,Bali,16550.0,15350.0,1150.0,3,0.0,Rp0,True
2024-02-15,18,Nusa Tenggara Barat,13700.0,15350.0,1150.0,5,0.0,Rp0,True
2024-02-15,19,Nusa Tenggara Timur,15350.0,15350.0,1150.0,4,0.33,Rp50,True
2024-02-15,20,Kalimantan Barat,15700.0,15350.0,1150.0,3,0.0,Rp0,True
2024-02-15,21,Kalimantan Selatan,17900.0,15350.0,1150.0,1,0.0,Rp0,True
2024-02-15,22,Kalimantan Tengah,18900.0,15350.0,1150.0,1,0.0,Rp0,True
2024-02-15,23,Kalimantan Timur,15350.0,15350.0,1150.0,4,0.33,Rp50,True
2024-02-15,24,Kalimantan Utara,16650.0,15350.0,1150.0,6,0.0,,True
2024-02-15,25,Gorontalo,14750.0,15350.0,1150.0,4,0.0,Rp0,True
2024-02-15,26,Sulawesi Selatan,13450.0,15350.0,1150.0,5,0.75,Rp100,True
2024-02-15,27,Sulawesi Tenggara,14650.0,15350.0,1150.0,4,0.0,Rp0,True
2024-02-15,28,Sulawesi Tengah,14950.0,15350.0,1150.0,4,0.0,Rp0,True
2024-02-15,29,Sulawesi Utara,14500.0,15350.0,1150.0,5,3.2,Rp450,True
2024-02-15,30,Sulawesi Barat,14250.0,15350.0,1150.0,5,0.35,Rp50,True
2024-02-15,31,Maluku,15500.0,15350.0,1150.0,6,0.0,,True
2024-02-15,32,Maluku Utara,16250.0,15350.0,1150.0,3,3.17,Rp500,True
2024-02-15,33,Papua,15600.0,15350.0,1150.0,4,0.0,Rp0,True
2024-02-15,34,Papua Barat,15750.0,15350.0,1150.0,3,0.0,Rp0,True
2024-02-16,1,Aceh,13800.0,15400.0,1150.0,5,0.0,Rp0,True
2024-02-16,2,Sumatera Utara,13750.0,15400.0,1150.0,5,0.36,Rp50,True
2024-02-16,3,Sumatera Barat,17000.0,15400.0,1150.0,2,0.29,Rp50,True
2024-02-16,4,Riau,15350.0,15400.0,1150.0,4,0.0,Rp0,True
2024-02-16,5,Kepulauan Riau,14450.0,15400.0,1150.0,5,0.0,Rp0,True
2024-02-16,6,Jambi,14150.0,15400.0,1150.0,5,0.0,Rp0,True
2024-02-16,7,Bengkulu,15350.0,15400.0,1150.0,4,0.0,Rp0,True
2024-02-16,8,Sumatera Selatan,15200.0,15400.0,1150.0,4,0.33,Rp50,True
2024-02-16,9,Kepulauan Bangka Belitung,15900.0,15400.0,1150.0,3,0.32,Rp50,True
2024-02-16,10,Lampung,14300.0,15400.0,1150.0,5,0.0,Rp0,True
2024-02-16,11,Banten,16100.0,15400.0,1150.0,3,0.0,Rp0,True
2024-02-16,12,Jawa Barat,15600.0,15400.0,1150.0,4,0.32,Rp50,True
2024-02-16,13,DKI Jakarta,16000.0,15400.0,1150.0,3,0.0,Rp0,True
2024-02-16,14,Jawa Tengah,15300.0,15400.0,1150.0,4,0.33,Rp50,True
2024-02-16,15,DI Yogyakarta,15400.0,15400.0,1150.0,4,0.0,Rp0,True
2024-02-16,16,Jawa Timur,15200.0,15400.0,1150.0,4,0.0,Rp0,True
2024-02-16,17,Bali,16550.0,15400.0,1150.0,3,0.0,Rp0,True
2024-02-16,18,Nusa Tenggara Barat,13950.0,15400.0,1150.0,5,1.82,Rp250,True
2024-02-16,19,Nusa Tenggara Timur,15400.0,15400.0,1150.0,4,0.33,Rp50,True
2024-02-16,20,Kalimantan Barat,15700.0,15400.0,1150.0,3,0.0,Rp0,True
2024-02-16,21,Kalimantan Selatan,17900.0,15400.0,1150.0,1,0.0,Rp0,True
2024-02-16,22,Kalimantan Tengah,19000.0,15400.0,1150.0,1,0.53,Rp100,True
2024-02-16,23,Kalimantan Timur,15400.0,15400.0,1150.0,4,0.33,Rp50,True
2024-02-16,24,Kalimantan Utara,16650.0,15400.0,1150.0,3,0.0,Rp0,True
2024-02-16,25,Gorontalo,14750.0,15400.0,1150.0,4,0.0,Rp0,True
2024-02-16,26,Sulawesi Selatan,13450.0,15400.0,1150.0,5,0.0,Rp0,True
2024-02-16,27,Sulawesi Tenggara,14650.0,15400.0,1150.0,4,0.0,Rp0,True
2024-02-16,28,Sulawesi Tengah,14950.0,15400.0,1150.0,4,0.0,Rp0,True
2024-02-16,29,Sulawesi Utara,14550.0,15400.0,1150.0,5,0.34,Rp50,True
2024-02-16,30,Sulawesi Barat,14300.0,15400.0,1150.0,5,0.35,Rp50,True
2024-02-16,31,Maluku,15500.0,15400.0,1150.0,4,0.0,Rp0,True
2024-02-16,32,Maluku Utara,16250.0,15400.0,1150.0,3,0.0,Rp0,True
2024-02-16,33,Papua,15650.0,15400.0,1150.0,4,0.32,Rp50,True
2024-02-16,34,Papua Barat,15750.0,15400.0,1150.0,3,0.0,Rp0,True
2024-02-17,1,Aceh,13800.0,15400.0,1150.0,5,0.0,Rp0,True
2024-02-17,2,Sumatera Utara,13750.0,15400.0,1150.0,5,0.36,Rp50,True
2024-02-17,3,Sumatera Barat,17000.0,15400.0,1150.0,2,0.29,Rp50,True
2024-02-17,4,Riau,15350.0,15400.0,1150.0,4,0.0,Rp0,True
2024-02-17,5,Kepulauan Riau,14450.0,15400.0,1150.0,5,0.0,Rp0,True
2024-02-17,6,Jambi,14150.0,15400.0,1150.0,5,0.0,Rp0,True
2024-02-17,7,Bengkulu,15350.0,15400.0,1150.0,4,0.0,Rp0,True
2024-02-17,8,Sumatera Selatan,15200.0,15400.0,1150.0,4,0.33,Rp50,True
2024-02-17,9,Kepulauan Bangka Belitung,15900.0,15400.0,1150.0,3,0.32,Rp50,True
2024-02-17,10,Lampung,14300.0,15400.0,1150.0,5,0.0,Rp0,True
2024-02-17,11,Banten,16100.0,15400.0,1150.0,3,0.0,Rp0,True
2024-02-17,12,Jawa Barat,15600.0,15400.0,1150.0,4,0.32,Rp50,True
2024-02-17,13,DKI Jakarta,16000.0,15400.0,1150.0,3,0.0,Rp0,True
2024-02-17,14,Jawa Tengah,15300.0,15400.0,1150.0,4,0.33,Rp50,True
2024-02-17,15,DI Yogyakarta,15400.0,15400.0,1150.0,4,0.0,Rp0,True
2024-02-17,16,Jawa Timur,15200.0,15400.0,1150.0,4,0.0,Rp0,True
2024-02-17,17,Bali,16550.0,15400.0,1150.0,3,0.0,Rp0,True
2024-02-17,18,Nusa Tenggara Barat,13950.0,15400.0,1150.0,5,1.82,Rp250,True
2024-02-17,19,Nusa Tenggara Timur,15400.0,15400.0,1150.0,4,0.33,Rp50,True
2024-02-17,20,Kalimantan Barat,15700.0,15400.0,1150.0,3,0.0,Rp0,True
2024-02-17,21,Kalimantan Selatan,17900.0,15400.0,1150.0,1,0.0,Rp0,True
2024-02-17,22,Kalimantan Tengah,19000.0,15400.0,1150.0,1,0.53,Rp100,True
2024-02-17,23,Kalimantan Timur,15400.0,15400.0,1150.0,4,0.33,Rp50,True
2024-02-17,24,Kalimantan Utara,16650.0,15400.0,1150.0,3,0.0,Rp0,True
2024-02-17,25,Gorontalo,14750.0,15400.0,1150.0,4,0.0,Rp0,True
2024-02-17,26,Sulawesi Selatan,13450.0,15400.0,1150.0,5,0.0,Rp0,True
2024-02-17,27,Sulawesi Tenggara,14650.0,15400.0,1150.0,4,0.0,Rp0,True
2024-02-17,28,Sulawesi Tengah,14950.0,15400.0,1150.0,4,0.0,Rp0,True
2024-02-17,29,Sulawesi Utara,14550.0,15400.0,1150.0,5,0.34,Rp50,True
2024-02-17,30,Sulawesi Barat,14300.0,15400.0,1150.0,5,0.35,Rp50,True
2024-02-17,31,Maluku,15500.0,15400.0,1150.0,4,0.0,Rp0,True
2024-02-17,32,Maluku Utara,16250.0,15400.0,1150.0,3,0.0,Rp0,True
2024-02-17,33,Papua,15650.0,15400.0,1150.0,4,0.32,Rp50,True
2024-02-17,34,Papua Barat,15750.0,15400.0,1150.0,3,0.0,Rp0,True
2024-02-18,1,Aceh,13800.0,15400.0,1150.0,5,0.0,Rp0,True
2024-02-18,2,Sumatera Utara,13750.0,15400.0,1150.0,5,0.36,Rp50,True
2024-02-18,3,Sumatera Barat,17000.0,15400.0,1150.0,2,0.29,Rp50,True
2024-02-18,4,Riau,15350.0,15400.0,1150.0,4,0.0,Rp0,True
2024-02-18,5,Kepulauan Riau,14450.0,15400.0,1150.0,5,0.0,Rp0,True
2024-02-18,6,Jambi,14150.0,15400.0,1150.0,5,0.0,Rp0,True
2024-02-18,7,Bengkulu,15350.0,15400.0,1150.0,4,0.0,Rp0,True
2024-02-18,8,Sumatera Selatan,15200.0,15400.0,1150.0,4,0.33,Rp50,True
2024-02-18,9,Kepulauan Bangka Belitung,15900.0,15400.0,1150.0,3,0.32,Rp50,True
2024-02-18,10,Lampung,14300.0,15400.0,1150.0,5,0.0,Rp0,True
2024-02-18,11,Banten,16100.0,15400.0,1150.0,3,0.0,Rp0,True
2024-02-18,12,Jawa Barat,15600.0,15400.0,1150.0,4,0.32,Rp50,True
2024-02-18,13,DKI Jakarta,16000.0,15400.0,1150.0,3,0.0,Rp0,True
2024-02-18,14,Jawa Tengah,15300.0,15400.0,1150.0,4,0.33,Rp50,True
2024-02-18,15,DI Yogyakarta,15400.0,15400.0,1150.0,4,0.0,Rp0,True
2024-02-18,16,Jawa Timur,15200.0,15400.0,1150.0,4,0.0,Rp0,True
2024-02-18,17,Bali,16550.0,15400.0,1150.0,3,0.0,Rp0,True
2024-02-18,18,Nusa Tenggara Barat,13950.0,15400.0,1150.0,5,1.82,Rp250,True
2024-02-18,19,Nusa Tenggara Timur,15400.0,15400.0,1150.0,4,0.33,Rp50,True
2024-02-18,20,Kalimantan Barat,15700.0,15400.0,1150.0,3,0.0,Rp0,True
2024-02-18,21,Kalimantan Selatan,17900.0,15400.0,1150.0,1,0.0,Rp0,True
2024-02-18,22,Kalimantan Tengah,19000.0,15400.0,1150.0,1,0.53,Rp100,True
2024-02-18,23,Kalimantan Timur,15400.0,15400.0,1150.0,4,0.33,Rp50,True
2024-02-18,24,Kalimantan Utara,16650.0,15400.0,1150.0,3,0.0,Rp0,True
2024-02-18,25,Gorontalo,14750.0,15400.0,1150.0,4,0.0,Rp0,True
2024-02-18,26,Sulawesi Selatan,13450.0,15400.0,1150.0,5,0.0,Rp0,True
2024-02-18,27,Sulawesi Tenggara,14650.0,15400.0,1150.0,4,0.0,Rp0,True
2024-02-18,28,Sulawesi Tengah,14950.0,15400.0,1150.0,4,0.0,Rp0,True
2024-02-18,29,Sulawesi Utara,14550.0,15400.0,1150.0,5,0.34,Rp50,True
2024-02-18,30,Sulawesi Barat,14300.0,15400.0,1150.0,5,0.35,Rp50,True
2024-02-18,31,Maluku,15500.0,15400.0,1150.0,4,0.0,Rp0,True
2024-02-18,32,Maluku Utara,16250.0,15400.0,1150.0,3,0.0,Rp0,True
2024-02-18,33,Papua,15650.0,15400.0,1150.0,4,0.32,Rp50,True
2024-02-18,34,Papua Barat,15750.0,15400.0,1150.0,3,0.0,Rp0,True
2024-02-19,1,Aceh,13850.0,15450.0,1150.0,5,0.36,Rp50,True
2024-02-19,2,Sumatera Utara,13800.0,15450.0,1150.0,5,0.36,Rp50,True
2024-02-19,3,Sumatera Barat,17000.0,15450.0,1150.0,2,0.0,Rp0,True
2024-02-19,4,Riau,15350.0,15450.0,1150.0,4,0.0,Rp0,True
2024-02-19,5,Kepulauan Riau,14450.0,15450.0,1150.0,5,0.0,Rp0,True
2024-02-19,6,Jambi,14150.0,15450.0,1150.0,5,0.0,Rp0,True
2024-02-19,7,Bengkulu,15350.0,15450.0,1150.0,4,0.0,Rp0,True
2024-02-19,8,Sumatera Selatan,15250.0,15450.0,1150.0,4,0.33,Rp50,True
2024-02-19,9,Kepulauan Bangka Belitung,16150.0,15450.0,1150.0,3,1.57,Rp250,True
2024-02-19,10,Lampung,14600.0,15450.0,1150.0,5,2.1,Rp300,True
2024-02-19,11,Banten,16600.0,15450.0,1150.0,3,3.11,Rp500,True
2024-02-19,12,Jawa Barat,15650.0,15450.0,1150.0,4,0.32,Rp50,True
2024-02-19,13,DKI Jakarta,16000.0,15450.0,1150.0,3,0.0,Rp0,True
2024-02-19,14,Jawa Tengah,15400.0,15450.0,1150.0,4,0.65,Rp100,True
2024-02-19,15,DI Yogyakarta,15400.0,15450.0,1150.0,4,0.0,Rp0,True
2024-02-19,16,Jawa Timur,15250.0,15450.0,1150.0,4,0.33,Rp50,True
2024-02-19,17,Bali,15550.0,15450.0,1150.0,4,-6.04,-Rp1000,True
2024-02-19,18,Nusa Tenggara Barat,14250.0,15450.0,1150.0,5,2.15,Rp300,True
2024-02-19,19,Nusa Tenggara Timur,15500.0,15450.0,1150.0,4,0.65,Rp100,True
2024-02-19,20,Kalimantan Barat,15850.0,15450.0,1150.0,3,0.96,Rp150,True
2024-02-19,21,Kalimantan Selatan,17950.0,15450.0,1150.0,2,0.28,Rp50,True
2024-02-19,22,Kalimantan Tengah,19100.0,15450.0,1150.0,1,0.53,Rp100,True
2024-02-19,23,Kalimantan Timur,15600.0,15450.0,1150.0,4,1.3,Rp200,True
2024-02-19,24,Kalimantan Utara,16600.0,15450.0,1150.0,3,-0.3,-Rp50,True
2024-02-19,25,Gorontalo,15000.0,15450.0,1150.0,4,1.69,Rp250,True
2024-02-19,26,Sulawesi Selatan,13550.0,15450.0,1150.0,5,0.74,Rp100,True
2024-02-19,27,Sulawesi Tenggara,14800.0,15450.0,1150.0,4,1.02,Rp150,True
2024-02-19,28,Sulawesi Tengah,15050.0,15450.0,1150.0,4,0.67,Rp100,True
2024-02-19,29,Sulawesi Utara,15000.0,15450.0,1150.0,4,3.09,Rp450,True
2024-02-19,30,Sulawesi Barat,14450.0,15450.0,1150.0,5,1.05,Rp150,True
2024-02-19,31,Maluku,15500.0,15450.0,1150.0,4,0.0,Rp0,True
2024-02-19,32,Maluku Utara,16700.0,15450.0,1150.0,3,2.77,Rp450,True
2024-02-19,33,Papua,15650.0,15450.0,1150.0,4,0.0,Rp0,True
2024-02-19,34,Papua Barat,15750.0,15450.0,1150.0,4,0.0,Rp0,True
2024-02-20,1,Aceh,13850.0,15550.0,1150.0,5,0.0,Rp0,True
2024-02-20,2,Sumatera Utara,13800.0,15550.0,1150.0,5,0.0,Rp0,True
2024-02-20,3,Sumatera Barat,17000.0,15550.0,1150.0,2,0.0,Rp0,True
2024-02-20,4,Riau,15350.0,15550.0,1150.0,4,0.0,Rp0,True
2024-02-20,5,Kepulauan Riau,14450.0,15550.0,1150.0,5,0.0,Rp0,True
2024-02-20,6,Jambi,14200.0,15550.0,1150.0,5,0.35,Rp50,True
2024-02-20,7,Bengkulu,15700.0,15550.0,1150.0,4,2.28,Rp350,True
2024-02-20,8,Sumatera Selatan,15250.0,15550.0,1150.0,4,0.0,Rp0,True
2024-02-20,9,Kepulauan Bangka Belitung,16150.0,15550.0,1150.0,3,0.0,Rp0,True
2024-02-20,10,Lampung,14600.0,15550.0,1150.0,5,0.0,Rp0,True
2024-02-20,11,Banten,16600.0,15550.0,1150.0,3,0.0,Rp0,True
2024-02-20,12,Jawa Barat,15700.0,15550.0,1150.0,4,0.32,Rp50,True
2024-02-20,13,DKI Jakarta,16000.0,15550.0,1150.0,3,0.0,Rp0,True
2024-02-20,14,Jawa Tengah,15500.0,15550.0,1150.0,4,0.65,Rp100,True
2024-02-20,15,DI Yogyakarta,15400.0,15550.0,1150.0,4,0.0,Rp0,True
2024-02-20,16,Jawa Timur,15300.0,15550.0,1150.0,4,0.33,Rp50,True
2024-02-20,17,Bali,16800.0,15550.0,1150.0,3,8.04,Rp1250,True
2024-02-20,18,Nusa Tenggara Barat,14400.0,15550.0,1150.0,5,1.05,Rp150,True
2024-02-20,19,Nusa Tenggara Timur,15600.0,15550.0,1150.0,4,0.65,Rp100,True
2024-02-20,20,Kalimantan Barat,15850.0,15550.0,1150.0,4,0.0,Rp0,True
2024-02-20,21,Kalimantan Selatan,17950.0,15550.0,1150.0,2,0.0,Rp0,True
2024-02-20,22,Kalimantan Tengah,19150.0,15550.0,1150.0,1,0.26,Rp50,True
2024-02-20,23,Kalimantan Timur,15600.0,15550.0,1150.0,4,0.0,Rp0,True
2024-02-20,24,Kalimantan Utara,16600.0,15550.0,1150.0,3,0.0,Rp0,True
2024-02-20,25,Gorontalo,15050.0,15550.0,1150.0,4,0.33,Rp50,True
2024-02-20,26,Sulawesi Selatan,13700.0,15550.0,1150.0,5,1.11,Rp150,True
2024-02-20,27,Sulawesi Tenggara,14850.0,15550.0,1150.0,4,0.34,Rp50,True
2024-02-20,28,Sulawesi Tengah,15050.0,15550.0,1150.0,4,0.0,Rp0,True
2024-02-20,29,Sulawesi Utara,15000.0,15550.0,1150.0,4,0.0,Rp0,True
2024-02-20,30,Sulawesi Barat,14600.0,15550.0,1150.0,5,1.04,Rp150,True
2024-02-20,31,Maluku,15550.0,15550.0,1150.0,4,0.32,Rp50,True
2024-02-20,32,Maluku Utara,16700.0,15550.0,1150.0,3,0.0,Rp0,True
2024-02-20,33,Papua,15650.0,15550.0,1150.0,4,0.0,Rp0,True
2024-02-20,34,Papua Barat,15800.0,15550.0,1150.0,4,0.32,Rp50,True
2024-02-21,1,Aceh,13850.0,15550.0,1150.0,5,0.0,Rp0,True
2024-02-21,2,Sumatera Utara,13800.0,15550.0,1150.0,5,0.0,Rp0,True
2024-02-21,3,Sumatera Barat,17000.0,15550.0,1150.0,3,0.0,Rp0,True
2024-02-21,4,Riau,15350.0,15550.0,1150.0,4,0.0,Rp0,True
2024-02-21,5,Kepulauan Riau,14500.0,15550.0,1150.0,5,0.35,Rp50,True
2024-02-21,6,Jambi,14200.0,15550.0,1150.0,5,0.0,Rp0,True
2024-02-21,7,Bengkulu,15700.0,15550.0,1150.0,4,0.0,Rp0,True
2024-02-21,8,Sumatera Selatan,15250.0,15550.0,1150.0,4,0.0,Rp0,True
2024-02-21,9,Kepulauan Bangka Belitung,16200.0,15550.0,1150.0,3,0.31,Rp50,True
2024-02-21,10,Lampung,14600.0,15550.0,1150.0,5,0.0,Rp0,True
2024-02-21,11,Banten,16600.0,15550.0,1150.0,3,0.0,Rp0,True
2024-02-21,12,Jawa Barat,15700.0,15550.0,1150.0,4,0.0,Rp0,True
2024-02-21,13,DKI Jakarta,16100.0,15550.0,1150.0,3,0.63,Rp100,True
2024-02-21,14,Jawa Tengah,15550.0,15550.0,1150.0,4,0.32,Rp50,True
2024-02-21,15,DI Yogyakarta,15400.0,15550.0,1150.0,4,0.0,Rp0,True
2024-02-21,16,Jawa Timur,15300.0,15550.0,1150.0,4,0.0,Rp0,True
2024-02-21,17,Bali,16800.0,15550.0,1150.0,3,0.0,Rp0,True
2024-02-21,18,Nusa Tenggara Barat,14500.0,15550.0,1150.0,5,0.69,Rp100,True
2024-02-21,19,Nusa Tenggara Timur,15600.0,15550.0,1150.0,4,0.0,Rp0,True
2024-02-21,20,Kalimantan Barat,15850.0,15550.0,1150.0,4,0.0,Rp0,True
2024-02-21,21,Kalimantan Selatan,17950.0,15550.0,1150.0,2,0.0,Rp0,True
2024-02-21,22,Kalimantan Tengah,19250.0,15550.0,1150.0,1,0.52,Rp100,True
2024-02-21,23,Kalimantan Timur,15600.0,15550.0,1150.0,4,0.0,Rp0,True
2024-02-21,24,Kalimantan Utara,16600.0,15550.0,1150.0,3,0.0,Rp0,True
2024-02-21,25,Gorontalo,15050.0,15550.0,1150.0,4,0.0,Rp0,True
2024-02-21,26,Sulawesi Selatan,13750.0,15550.0,1150.0,5,0.36,Rp50,True
2024-02-21,27,Sulawesi Tenggara,14900.0,15550.0,1150.0,4,0.34,Rp50,True
2024-02-21,28,Sulawesi Tengah,15050.0,15550.0,1150.0,4,0.0,Rp0,True
2024-02-21,29,Sulawesi Utara,15000.0,15550.0,1150.0,4,0.0,Rp0,True
2024-02-21,30,Sulawesi Barat,14600.0,15550.0,1150.0,5,0.0,Rp0,True
2024-02-21,31,Maluku,15550.0,15550.0,1150.0,4,0.0,Rp0,True
2024-02-21,32,Maluku Utara,16700.0,15550.0,1150.0,3,0.0,Rp0,True
2024-02-21,33,Papua,15650.0,15550.0,1150.0,4,0.0,Rp0,True
2024-02-21,34,Papua Barat,15800.0,15550.0,1150.0,4,0.0,Rp0,True
2024-02-22,1,Aceh,13850.0,15600.0,1150.0,5,0.0,Rp0,True
2024-02-22,2,Sumatera Utara,13800.0,15600.0,1150.0,5,0.0,Rp0,True
2024-02-22,3,Sumatera Barat,17000.0,15600.0,1150.0,3,0.0,Rp0,True
2024-02-22,4,Riau,15350.0,15600.0,1150.0,4,0.0,Rp0,True
2024-02-22,5,Kepulauan Riau,14500.0,15600.0,1150.0,5,0.0,Rp0,True
2024-02-22,6,Jambi,14200.0,15600.0,1150.0,5,0.0,Rp0,True
2024-02-22,7,Bengkulu,15800.0,15600.0,1150.0,4,0.64,Rp100,True
2024-02-22,8,Sumatera Selatan,15250.0,15600.0,1150.0,4,0.0,Rp0,True
2024-02-22,9,Kepulauan Bangka Belitung,16250.0,15600.0,1150.0,3,0.31,Rp50,True
2024-02-22,10,Lampung,14750.0,15600.0,1150.0,5,1.03,Rp150,True
2024-02-22,11,Banten,16600.0,15600.0,1150.0,3,0.0,Rp0,True
2024-02-22,12,Jawa Barat,15750.0,15600.0,1150.0,4,0.32,Rp50,True
2024-02-22,13,DKI Jakarta,16150.0,15600.0,1150.0,3,0.31,Rp50,True
2024-02-22,14,Jawa Tengah,15600.0,15600.0,1150.0,4,0.32,Rp50,True
2024-02-22,15,DI Yogyakarta,15400.0,15600.0,1150.0,4,0.0,Rp0,True
2024-02-22,16,Jawa Timur,15350.0,15600.0,1150.0,4,0.33,Rp50,True
2024-02-22,17,Bali,16800.0,15600.0,1150.0,3,0.0,Rp0,True
2024-02-22,18,Nusa Tenggara Barat,14500.0,15600.0,1150.0,5,0.0,Rp0,True
2024-02-22,19,Nusa Tenggara Timur,15650.0,15600.0,1150.0,4,0.32,Rp50,True
2024-02-22,20,Kalimantan Barat,16000.0,15600.0,1150.0,3,0.95,Rp150,True
2024-02-22,21,Kalimantan Selatan,17950.0,15600.0,1150.0,2,0.0,Rp0,True
2024-02-22,22,Kalimantan Tengah,19350.0,15600.0,1150.0,1,0.52,Rp100,True
2024-02-22,23,Kalimantan Timur,15600.0,15600.0,1150.0,4,0.0,Rp0,True
2024-02-22,24,Kalimantan Utara,16650.0,15600.0,1150.0,3,0.3,Rp50,True
2024-02-22,25,Gorontalo,15350.0,15600.0,1150.0,4,1.99,Rp300,True
2024-02-22,26,Sulawesi Selatan,13750.0,15600.0,1150.0,5,0.0,Rp0,True
2024-02-22,27,Sulawesi Tenggara,14900.0,15600.0,1150.0,4,0.0,Rp0,True
2024-02-22,28,Sulawesi Tengah,15250.0,15600.0,1150.0,4,1.33,Rp200,True
2024-02-22,29,Sulawesi Utara,15000.0,15600.0,1150.0,4,0.0,Rp0,True
2024-02-22,30,Sulawesi Barat,14600.0,15600.0,1150.0,5,0.0,Rp0,True
2024-02-22,31,Maluku,15550.0,15600.0,1150.0,4,0.0,Rp0,True
2024-02-22,32,Maluku Utara,16700.0,15600.0,1150.0,3,0.0,Rp0,True
2024-02-22,33,Papua,15900.0,15600.0,1150.0,4,1.6,Rp250,True
2024-02-22,34,Papua Barat,15800.0,15600.0,1150.0,4,0.0,Rp0,True
2024-02-23,1,Aceh,13850.0,15650.0,1150.0,5,0.0,Rp0,True
2024-02-23,2,Sumatera Utara,13800.0,15650.0,1150.0,5,0.0,Rp0,True
2024-02-23,3,Sumatera Barat,17000.0,15650.0,1150.0,3,0.0,Rp0,True
2024-02-23,4,Riau,15350.0,15650.0,1150.0,4,0.0,Rp0,True
2024-02-23,5,Kepulauan Riau,14500.0,15650.0,1150.0,5,0.0,Rp0,True
2024-02-23,6,Jambi,14600.0,15650.0,1150.0,5,2.82,Rp400,True
2024-02-23,7,Bengkulu,15800.0,15650.0,1150.0,4,0.0,Rp0,True
2024-02-23,8,Sumatera Selatan,15250.0,15650.0,1150.0,4,0.0,Rp0,True
2024-02-23,9,Kepulauan Bangka Belitung,16250.0,15650.0,1150.0,3,0.0,Rp0,True
2024-02-23,10,Lampung,14800.0,15650.0,1150.0,5,0.34,Rp50,True
2024-02-23,11,Banten,16600.0,15650.0,1150.0,3,0.0,Rp0,True
2024-02-23,12,Jawa Barat,15800.0,15650.0,1150.0,4,0.32,Rp50,True
2024-02-23,13,DKI Jakarta,16150.0,15650.0,1150.0,3,0.0,Rp0,True
2024-02-23,14,Jawa Tengah,15600.0,15650.0,1150.0,4,0.0,Rp0,True
2024-02-23,15,DI Yogyakarta,15400.0,15650.0,1150.0,4,0.0,Rp0,True
2024-02-23,16,Jawa Timur,15400.0,15650.0,1150.0,4,0.33,Rp50,True
2024-02-23,17,Bali,16800.0,15650.0,1150.0,3,0.0,Rp0,True
2024-02-23,18,Nusa Tenggara Barat,14550.0,15650.0,1150.0,5,0.34,Rp50,True
2024-02-23,19,Nusa Tenggara Timur,15700.0,15650.0,1150.0,4,0.32,Rp50,True
2024-02-23,20,Kalimantan Barat,16050.0,15650.0,1150.0,3,0.31,Rp50,True
2024-02-23,21,Kalimantan Selatan,17950.0,15650.0,1150.0,2,0.0,Rp0,True
2024-02-23,22,Kalimantan Tengah,19400.0,15650.0,1150.0,1,0.26,Rp50,True
2024-02-23,23,Kalimantan Timur,15650.0,15650.0,1150.0,4,0.32,Rp50,True
2024-02-23,24,Kalimantan Utara,16650.0,15650.0,1150.0,3,0.0,Rp0,True
2024-02-23,25,Gorontalo,15350.0,15650.0,1150.0,4,0.0,Rp0,True
2024-02-23,26,Sulawesi Selatan,13800.0,15650.0,1150.0,5,0.36,Rp50,True
2024-02-23,27,Sulawesi Tenggara,14950.0,15650.0,1150.0,4,0.34,Rp50,True
2024-02-23,28,Sulawesi Tengah,15350.0,15650.0,1150.0,4,0.66,Rp100,True
2024-02-23,29,Sulawesi Utara,15200.0,15650.0,1150.0,4,1.33,Rp200,True
2024-02-23,30,Sulawesi Barat,14600.0,15650.0,1150.0,5,0.0,Rp0,True
2024-02-23,31,Maluku,15600.0,15650.0,1150.0,4,0.32,Rp50,True
2024-02-23,32,Maluku Utara,16700.0,15650.0,1150.0,3,0.0,Rp0,True
2024-02-23,33,Papua,15900.0,15650.0,1150.0,4,0.0,Rp0,True
2024-02-23,34,Papua Barat,15800.0,15650.0,1150.0,4,0.0,Rp0,True
2024-02-24,1,Aceh,13850.0,15650.0,1150.0,5,0.0,Rp0,True
2024-02-24,2,Sumatera Utara,13800.0,15650.0,1150.0,5,0.0,Rp0,True
2024-02-24,3,Sumatera Barat,17000.0,15650.0,1150.0,3,0.0,Rp0,True
2024-02-24,4,Riau,15350.0,15650.0,1150.0,4,0.0,Rp0,True
2024-02-24,5,Kepulauan Riau,14500.0,15650.0,1150.0,5,0.0,Rp0,True
2024-02-24,6,Jambi,14600.0,15650.0,1150.0,5,2.82,Rp400,True
2024-02-24,7,Bengkulu,15800.0,15650.0,1150.0,4,0.0,Rp0,True
2024-02-24,8,Sumatera Selatan,15250.0,15650.0,1150.0,4,0.0,Rp0,True
2024-02-24,9,Kepulauan Bangka Belitung,16250.0,15650.0,1150.0,3,0.0,Rp0,True
2024-02-24,10,Lampung,14800.0,15650.0,1150.0,5,0.34,Rp50,True
2024-02-24,11,Banten,16600.0,15650.0,1150.0,3,0.0,Rp0,True
2024-02-24,12,Jawa Barat,15800.0,15650.0,1150.0,4,0.32,Rp50,True
2024-02-24,13,DKI Jakarta,16150.0,15650.0,1150.0,3,0.0,Rp0,True
2024-02-24,14,Jawa Tengah,15600.0,15650.0,1150.0,4,0.0,Rp0,True
2024-02-24,15,DI Yogyakarta,15400.0,15650.0,1150.0,4,0.0,Rp0,True
2024-02-24,16,Jawa Timur,15400.0,15650.0,1150.0,4,0.33,Rp50,True
2024-02-24,17,Bali,16800.0,15650.0,1150.0,3,0.0,Rp0,True
2024-02-24,18,Nusa Tenggara Barat,14550.0,15650.0,1150.0,5,0.34,Rp50,True
2024-02-24,19,Nusa Tenggara Timur,15700.0,15650.0,1150.0,4,0.32,Rp50,True
2024-02-24,20,Kalimantan Barat,16050.0,15650.0,1150.0,3,0.31,Rp50,True
2024-02-24,21,Kalimantan Selatan,17950.0,15650.0,1150.0,2,0.0,Rp0,True
2024-02-24,22,Kalimantan Tengah,19400.0,15650.0,1150.0,1,0.26,Rp50,True
2024-02-24,23,Kalimantan Timur,15650.0,15650.0,1150.0,4,0.32,Rp50,True
2024-02-24,24,Kalimantan Utara,16650.0,15650.0,1150.0,3,0.0,Rp0,True
2024-02-24,25,Gorontalo,15350.0,15650.0,1150.0,4,0.0,Rp0,True
2024-02-24,26,Sulawesi Selatan,13800.0,15650.0,1150.0,5,0.36,Rp50,True
2024-02-24,27,Sulawesi Tenggara,14950.0,15650.0,1150.0,4,0.34,Rp50,True
2024-02-24,28,Sulawesi Tengah,15350.0,15650.0,1150.0,4,0.66,Rp100,True
2024-02-24,29,Sulawesi Utara,15200.0,15650.0,1150.0,4,1.33,Rp200,True
2024-02-24,30,Sulawesi Barat,14600.0,15650.0,1150.0,5,0.0,Rp0,True
2024-02-24,31,Maluku,15600.0,15650.0,1150.0,4,0.32,Rp50,True
2024-02-24,32,Maluku Utara,16700.0,15650.0,1150.0,3,0.0,Rp0,True
2024-02-24,33,Papua,15900.0,15650.0,1150.0,4,0.0,Rp0,True
2024-02-24,34,Papua Barat,15800.0,15650.0,1150.0,4,0.0,Rp0,True
2024-02-25,1,Aceh,0.0,,0.0,6,0.0,,False
2024-02-25,2,Sumatera Utara,0.0,,0.0,6,0.0,,False
2024-02-25,3,Sumatera Barat,0.0,,0.0,6,0.0,,False
2024-02-25,4,Riau,0.0,,0.0,6,0.0,,False
2024-02-25,5,Kepulauan Riau,0.0,,0.0,6,0.0,,False
2024-02-25,6,Jambi,0.0,,0.0,6,0.0,,False
2024-02-25,7,Bengkulu,0.0,,0.0,6,0.0,,False
2024-02-25,8,Sumatera Selatan,0.0,,0.0,6,0.0,,False
2024-02-25,9,Kepulauan Bangka Belitung,0.0,,0.0,6,0.0,,False
2024-02-25,10,Lampung,0.0,,0.0,6,0.0,,False
2024-02-25,11,Banten,0.0,,0.0,6,0.0,,False
2024-02-25,12,Jawa Barat,0.0,,0.0,6,0.0,,False
2024-02-25,13,DKI Jakarta,0.0,,0.0,6,0.0,,False
2024-02-25,14,Jawa Tengah,0.0,,0.0,6,0.0,,False
2024-02-25,15,DI Yogyakarta,0.0,,0.0,6,0.0,,False
2024-02-25,16,Jawa Timur,0.0,,0.0,6,0.0,,False
2024-02-25,17,Bali,0.0,,0.0,6,0.0,,False
2024-02-25,18,Nusa Tenggara Barat,0.0,,0.0,6,0.0,,False
2024-02-25,19,Nusa Tenggara Timur,0.0,,0.0,6,0.0,,False
2024-02-25,20,Kalimantan Barat,0.0,,0.0,6,0.0,,False
2024-02-25,21,Kalimantan Selatan,0.0,,0.0,6,0.0,,False
2024-02-25,22,Kalimantan Tengah,0.0,,0.0,6,0.0,,False
2024-02-25,23,Kalimantan Timur,0.0,,0.0,6,0.0,,False
2024-02-25,24,Kalimantan Utara,0.0,,0.0,6,0.0,,False
2024-02-25,25,Gorontalo,0.0,,0.0,6,0.0,,False
2024-02-25,26,Sulawesi Selatan,0.0,,0.0,6,0.0,,False
2024-02-25,27,Sulawesi Tenggara,0.0,,0.0,6,0.0,,False
2024-02-25,28,Sulawesi Tengah,0.0,,0.0,6,0.0,,False
2024-02-25,29,Sulawesi Utara,0.0,,0.0,6,0.0,,False
2024-02-25,30,Sulawesi Barat,0.0,,0.0,6,0.0,,False
2024-02-25,31,Maluku,0.0,,0.0,6,0.0,,False
2024-02-25,32,Maluku Utara,0.0,,0.0,6,0.0,,False
2024-02-25,33,Papua,0.0,,0.0,6,0.0,,False
2024-02-25,34,Papua Barat,0.0,,0.0,6,0.0,,False
2024-02-26,1,Aceh,13850.0,15750.0,1150.0,5,0.0,Rp0,True
2024-02-26,2,Sumatera Utara,13800.0,15750.0,1150.0,5,0.0,Rp0,True
2024-02-26,3,Sumatera Barat,17050.0,15750.0,1150.0,3,0.29,Rp50,True
2024-02-26,4,Riau,15350.0,15750.0,1150.0,4,0.0,Rp0,True
2024-02-26,5,Kepulauan Riau,14500.0,15750.0,1150.0,5,0.0,Rp0,True
2024-02-26,6,Jambi,14800.0,15750.0,1150.0,5,1.37,Rp200,True
2024-02-26,7,Bengkulu,15800.0,15750.0,1150.0,4,0.0,Rp0,True
2024-02-26,8,Sumatera Selatan,15400.0,15750.0,1150.0,4,0.98,Rp150,True
2024-02-26,9,Kepulauan Bangka Belitung,16350.0,15750.0,1150.0,3,0.62,Rp100,True
2024-02-26,10,Lampung,14800.0,15750.0,1150.0,5,0.0,Rp0,True
2024-02-26,11,Banten,16750.0,15750.0,1150.0,3,0.9,Rp150,True
2024-02-26,12,Jawa Barat,15850.0,15750.0,1150.0,4,0.32,Rp50,True
2024-02-26,13,DKI Jakarta,16150.0,15750.0,1150.0,3,0.0,Rp0,True
2024-02-26,14,Jawa Tengah,15600.0,15750.0,1150.0,4,0.0,Rp0,True
2024-02-26,15,DI Yogyakarta,15400.0,15750.0,1150.0,4,0.0,Rp0,True
2024-02-26,16,Jawa Timur,15350.0,15750.0,1150.0,4,-0.32,-Rp50,True
2024-02-26,17,Bali,16050.0,15750.0,1150.0,4,-4.46,-Rp750,True
2024-02-26,18,Nusa Tenggara Barat,14550.0,15750.0,1150.0,5,0.0,Rp0,True
2024-02-26,19,Nusa Tenggara Timur,15750.0,15750.0,1150.0,4,0.32,Rp50,True
2024-02-26,20,Kalimantan Barat,16150.0,15750.0,1150.0,3,0.62,Rp100,True
2024-02-26,21,Kalimantan Selatan,18400.0,15750.0,1150.0,1,2.51,Rp450,True
2024-02-26,22,Kalimantan Tengah,19450.0,15750.0,1150.0,1,0.26,Rp50,True
2024-02-26,23,Kalimantan Timur,15750.0,15750.0,1150.0,4,0.64,Rp100,True
2024-02-26,24,Kalimantan Utara,16650.0,15750.0,1150.0,3,0.0,Rp0,True
2024-02-26,25,Gorontalo,17000.0,15750.0,1150.0,3,10.75,Rp1650,True
2024-02-26,26,Sulawesi Selatan,13900.0,15750.0,1150.0,5,0.72,Rp100,True
2024-02-26,27,Sulawesi Tenggara,15050.0,15750.0,1150.0,4,0.67,Rp100,True
2024-02-26,28,Sulawesi Tengah,15650.0,15750.0,1150.0,4,1.95,Rp300,True
2024-02-26,29,Sulawesi Utara,15250.0,15750.0,1150.0,4,0.33,Rp50,True
2024-02-26,30,Sulawesi Barat,15050.0,15750.0,1150.0,4,3.08,Rp450,True
2024-02-26,31,Maluku,15600.0,15750.0,1150.0,4,0.0,Rp0,True
2024-02-26,32,Maluku Utara,16700.0,15750.0,1150.0,3,0.0,Rp0,True
2024-02-26,33,Papua,16150.0,15750.0,1150.0,3,1.57,Rp250,True
2024-02-26,34,Papua Barat,15800.0,15750.0,1150.0,4,0.0,Rp0,True
2024-02-27,1,Aceh,13850.0,15800.0,1150.0,5,0.0,Rp0,True
2024-02-27,2,Sumatera Utara,13800.0,15800.0,1150.0,5,0.0,Rp0,True
2024-02-27,3,Sumatera Barat,17050.0,15800.0,1150.0,3,0.0,Rp0,True
2024-02-27,4,Riau,15350.0,15800.0,1150.0,4,0.0,Rp0,True
2024-02-27,5,Kepulauan Riau,14500.0,15800.0,1150.0,5,0.0,Rp0,True
2024-02-27,6,Jambi,14800.0,15800.0,1150.0,5,0.0,Rp0,True
2024-02-27,7,Bengkulu,15900.0,15800.0,1150.0,4,0.63,Rp100,True
2024-02-27,8,Sumatera Selatan,15400.0,15800.0,1150.0,4,0.0,Rp0,True
2024-02-27,9,Kepulauan Bangka Belitung,16350.0,15800.0,1150.0,3,0.0,Rp0,True
2024-02-27,10,Lampung,14800.0,15800.0,1150.0,5,0.0,Rp0,True
2024-02-27,11,Banten,16750.0,15800.0,1150.0,3,0.0,Rp0,True
2024-02-27,12,Jawa Barat,15850.0,15800.0,1150.0,4,0.0,Rp0,True
2024-02-27,13,DKI Jakarta,16150.0,15800.0,1150.0,3,0.0,Rp0,True
2024-02-27,14,Jawa Tengah,15600.0,15800.0,1150.0,4,0.0,Rp0,True
2024-02-27,15,DI Yogyakarta,15400.0,15800.0,1150.0,4,0.0,Rp0,True
2024-02-27,16,Jawa Timur,15350.0,15800.0,1150.0,4,0.0,Rp0,True
2024-02-27,17,Bali,16350.0,15800.0,1150.0,3,1.87,Rp300,True
2024-02-27,18,Nusa Tenggara Barat,14600.0,15800.0,1150.0,5,0.34,Rp50,True
2024-02-27,19,Nusa Tenggara Timur,15850.0,15800.0,1150.0,4,0.63,Rp100,True
2024-02-27,20,Kalimantan Barat,16200.0,15800.0,1150.0,3,0.31,Rp50,True
2024-02-27,21,Kalimantan Selatan,18400.0,15800.0,1150.0,1,0.0,Rp0,True
2024-02-27,22,Kalimantan Tengah,19450.0,15800.0,1150.0,1,0.0,Rp0,True
2024-02-27,23,Kalimantan Timur,15750.0,15800.0,1150.0,4,0.0,Rp0,True
2024-02-27,24,Kalimantan Utara,16650.0,15800.0,1150.0,3,0.0,Rp0,True
2024-02-27,25,Gorontalo,17150.0,15800.0,1150.0,3,0.88,Rp150,True
2024-02-27,26,Sulawesi Selatan,13900.0,15800.0,1150.0,5,0.0,Rp0,True
2024-02-27,27,Sulawesi Tenggara,15300.0,15800.0,1150.0,4,1.66,Rp250,True
2024-02-27,28,Sulawesi Tengah,15650.0,15800.0,1150.0,4,0.0,Rp0,True
2024-02-27,29,Sulawesi Utara,15300.0,15800.0,1150.0,4,0.33,Rp50,True
2024-02-27,30,Sulawesi Barat,15050.0,15800.0,1150.0,4,0.0,Rp0,True
2024-02-27,31,Maluku,15600.0,15800.0,1150.0,4,0.0,Rp0,True
2024-02-27,32,Maluku Utara,16700.0,15800.0,1150.0,3,0.0,Rp0,True
2024-02-27,33,Papua,16900.0,15800.0,1150.0,3,4.64,Rp750,True
2024-02-27,34,Papua Barat,15900.0,15800.0,1150.0,4,0.63,Rp100,True
2024-02-28,1,Aceh,13850.0,15850.0,1150.0,5,0.0,Rp0,True
2024-02-28,2,Sumatera Utara,13800.0,15850.0,1150.0,5,0.0,Rp0,True
2024-02-28,3,Sumatera Barat,17050.0,15850.0,1150.0,3,0.0,Rp0,True
2024-02-28,4,Riau,15350.0,15850.0,1150.0,4,0.0,Rp0,True
2024-02-28,5,Kepulauan Riau,14500.0,15850.0,1150.0,5,0.0,Rp0,True
2024-02-28,6,Jambi,14800.0,15850.0,1150.0,5,0.0,Rp0,True
2024-02-28,7,Bengkulu,15900.0,15850.0,1150.0,4,0.0,Rp0,True
2024-02-28,8,Sumatera Selatan,15400.0,15850.0,1150.0,4,0.0,Rp0,True
2024-02-28,9,Kepulauan Bangka Belitung,16450.0,15850.0,1150.0,3,0.61,Rp100,True
2024-02-28,10,Lampung,14800.0,15850.0,1150.0,5,0.0,Rp0,True
2024-02-28,11,Banten,16750.0,15850.0,1150.0,3,0.0,Rp0,True
2024-02-28,12,Jawa Barat,15850.0,15850.0,1150.0,4,0.0,Rp0,True
2024-02-28,13,DKI Jakarta,16150.0,15850.0,1150.0,3,0.0,Rp0,True
2024-02-28,14,Jawa Tengah,15600.0,15850.0,1150.0,4,0.0,Rp0,True
2024-02-28,15,DI Yogyakarta,15400.0,15850.0,1150.0,4,0.0,Rp0,True
2024-02-28,16,Jawa Timur,15350.0,15850.0,1150.0,4,0.0,Rp0,True
2024-02-28,17,Bali,16700.0,15850.0,1150.0,3,2.14,Rp350,True
2024-02-28,18,Nusa Tenggara Barat,14600.0,15850.0,1150.0,5,0.0,Rp0,True
2024-02-28,19,Nusa Tenggara Timur,15900.0,15850.0,1150.0,4,0.32,Rp50,True
2024-02-28,20,Kalimantan Barat,16300.0,15850.0,1150.0,3,0.62,Rp100,True
2024-02-28,21,Kalimantan Selatan,18400.0,15850.0,1150.0,1,0.0,Rp0,True
2024-02-28,22,Kalimantan Tengah,19450.0,15850.0,1150.0,1,0.0,Rp0,True
2024-02-28,23,Kalimantan Timur,15750.0,15850.0,1150.0,4,0.0,Rp0,True
2024-02-28,24,Kalimantan Utara,16650.0,15850.0,1150.0,3,0.0,Rp0,True
2024-02-28,25,Gorontalo,17150.0,15850.0,1150.0,3,0.0,Rp0,True
2024-02-28,26,Sulawesi Selatan,13950.0,15850.0,1150.0,5,0.36,Rp50,True
2024-02-28,27,Sulawesi Tenggara,15300.0,15850.0,1150.0,4,0.0,Rp0,True
2024-02-28,28,Sulawesi Tengah,15650.0,15850.0,1150.0,4,0.0,Rp0,True
2024-02-28,29,Sulawesi Utara,15250.0,15850.0,1150.0,4,-0.33,-Rp50,True
2024-02-28,30,Sulawesi Barat,15150.0,15850.0,1150.0,4,0.66,Rp100,True
2024-02-28,31,Maluku,15600.0,15850.0,1150.0,4,0.0,Rp0,True
2024-02-28,32,Maluku Utara,16700.0,15850.0,1150.0,3,0.0,Rp0,True
2024-02-28,33,Papua,16900.0,15850.0,1150.0,3,0.0,Rp0,True
2024-02-28,34,Papua Barat,15900.0,15850.0,1150.0,4,0.0,Rp0,True
2024-02-29,1,Aceh,13850.0,15850.0,1200.0,5,0.0,Rp0,True
2024-02-29,2,Sumatera Utara,13800.0,15850.0,1200.0,5,0.0,Rp0,True
2024-02-29,3,Sumatera Barat,17050.0,15850.0,1200.0,3,0.0,Rp0,True
2024-02-29,4,Riau,15350.0,15850.0,1200.0,4,0.0,Rp0,True
2024-02-29,5,Kepulauan Riau,14550.0,15850.0,1200.0,5,0.34,Rp50,True
2024-02-29,6,Jambi,14800.0,15850.0,1200.0,5,0.0,Rp0,True
2024-02-29,7,Bengkulu,15900.0,15850.0,1200.0,4,0.0,Rp0,True
2024-02-29,8,Sumatera Selatan,15400.0,15850.0,1200.0,4,0.0,Rp0,True
2024-02-29,9,Kepulauan Bangka Belitung,16450.0,15850.0,1200.0,3,0.0,Rp0,True
2024-02-29,10,Lampung,14800.0,15850.0,1200.0,5,0.0,Rp0,True
2024-02-29,11,Banten,16750.0,15850.0,1200.0,3,0.0,Rp0,True
2024-02-29,12,Jawa Barat,15850.0,15850.0,1200.0,4,0.0,Rp0,True
2024-02-29,13,DKI Jakarta,16150.0,15850.0,1200.0,3,0.0,Rp0,True
2024-02-29,14,Jawa Tengah,15600.0,15850.0,1200.0,4,0.0,Rp0,True
2024-02-29,15,DI Yogyakarta,15400.0,15850.0,1200.0,4,0.0,Rp0,True
2024-02-29,16,Jawa Timur,15400.0,15850.0,1200.0,4,0.33,Rp50,True
2024-02-29,17,Bali,16700.0,15850.0,1200.0,3,0.0,Rp0,True
2024-02-29,18,Nusa Tenggara Barat,14700.0,15850.0,1200.0,5,0.68,Rp100,True
2024-02-29,19,Nusa Tenggara Timur,15900.0,15850.0,1200.0,4,0.0,Rp0,True
2024-02-29,20,Kalimantan Barat,16350.0,15850.0,1200.0,3,0.31,Rp50,True
2024-02-29,21,Kalimantan Selatan,18500.0,15850.0,1200.0,1,0.54,Rp100,True
2024-02-29,22,Kalimantan Tengah,19450.0,15850.0,1200.0,1,0.0,Rp0,True
2024-02-29,23,Kalimantan Timur,15400.0,15850.0,1200.0,4,-2.22,-Rp350,True
2024-02-29,24,Kalimantan Utara,16750.0,15850.0,1200.0,3,0.6,Rp100,True
2024-02-29,25,Gorontalo,17300.0,15850.0,1200.0,2,0.87,Rp150,True
2024-02-29,26,Sulawesi Selatan,14000.0,15850.0,1200.0,5,0.36,Rp50,True
2024-02-29,27,Sulawesi Tenggara,16100.0,15850.0,1200.0,3,5.23,Rp800,True
2024-02-29,28,Sulawesi Tengah,15650.0,15850.0,1200.0,4,0.0,Rp0,True
2024-02-29,29,Sulawesi Utara,15350.0,15850.0,1200.0,4,0.66,Rp100,True
2024-02-29,30,Sulawesi Barat,15150.0,15850.0,1200.0,4,0.0,Rp0,True
2024-02-29,31,Maluku,15600.0,15850.0,1200.0,4,0.0,Rp0,True
2024-02-29,32,Maluku Utara,16700.0,15850.0,1200.0,3,0.0,Rp0,True
2024-02-29,33,Papua,16900.0,15850.0,1200.0,3,0.0,Rp0,True
2024-02-29,34,Papua Barat,15900.0,15850.0,1200.0,4,0.0,Rp0,True
2024-03-01,1,Aceh,13850.0,15900.0,1200.0,5,0.0,Rp0,True
2024-03-01,2,Sumatera Utara,13800.0,15900.0,1200.0,5,0.0,Rp0,True
2024-03-01,3,Sumatera Barat,17050.0,15900.0,1200.0,3,0.0,Rp0,True
2024-03-01,4,Riau,15450.0,15900.0,1200.0,4,0.65,Rp100,True
2024-03-01,5,Kepulauan Riau,14550.0,15900.0,1200.0,5,0.0,Rp0,True
2024-03-01,6,Jambi,14800.0,15900.0,1200.0,5,0.0,Rp0,True
2024-03-01,7,Bengkulu,15900.0,15900.0,1200.0,4,0.0,Rp0,True
2024-03-01,8,Sumatera Selatan,15400.0,15900.0,1200.0,4,0.0,Rp0,True
2024-03-01,9,Kepulauan Bangka Belitung,16450.0,15900.0,1200.0,3,0.0,Rp0,True
2024-03-01,10,Lampung,14800.0,15900.0,1200.0,5,0.0,Rp0,True
2024-03-01,11,Banten,16750.0,15900.0,1200.0,3,0.0,Rp0,True
2024-03-01,12,Jawa Barat,15850.0,15900.0,1200.0,4,0.0,Rp0,True
2024-03-01,13,DKI Jakarta,16150.0,15900.0,1200.0,3,0.0,Rp0,True
2024-03-01,14,Jawa Tengah,15600.0,15900.0,1200.0,4,0.0,Rp0,True
2024-03-01,15,DI Yogyakarta,15400.0,15900.0,1200.0,4,0.0,Rp0,True
2024-03-01,16,Jawa Timur,15400.0,15900.0,1200.0,4,0.0,Rp0,True
2024-03-01,17,Bali,16700.0,15900.0,1200.0,3,0.0,Rp0,True
2024-03-01,18,Nusa Tenggara Barat,14700.0,15900.0,1200.0,5,0.0,Rp0,True
2024-03-01,19,Nusa Tenggara Timur,15900.0,15900.0,1200.0,4,0.0,Rp0,True
2024-03-01,20,Kalimantan Barat,16350.0,15900.0,1200.0,3,0.0,Rp0,True
2024-03-01,21,Kalimantan Selatan,18650.0,15900.0,1200.0,1,0.81,Rp150,True
2024-03-01,22,Kalimantan Tengah,19500.0,15900.0,1200.0,1,0.26,Rp50,True
2024-03-01,23,Kalimantan Timur,15950.0,15900.0,1200.0,4,3.57,Rp550,True
2024-03-01,24,Kalimantan Utara,16750.0,15900.0,1200.0,3,0.0,Rp0,True
2024-03-01,25,Gorontalo,17350.0,15900.0,1200.0,2,0.29,Rp50,True
2024-03-01,26,Sulawesi Selatan,14050.0,15900.0,1200.0,5,0.36,Rp50,True
2024-03-01,27,Sulawesi Tenggara,16100.0,15900.0,1200.0,3,0.0,Rp0,True
2024-03-01,28,Sulawesi Tengah,15650.0,15900.0,1200.0,4,0.0,Rp0,True
2024-03-01,29,Sulawesi Utara,15350.0,15900.0,1200.0,4,0.0,Rp0,True
2024-03-01,30,Sulawesi Barat,15150.0,15900.0,1200.0,4,0.0,Rp0,True
2024-03-01,31,Maluku,15600.0,15900.0,1200.0,4,0.0,Rp0,True
2024-03-01,32,Maluku Utara,16700.0,15900.0,1200.0,3,0.0,Rp0,True
2024-03-01,33,Papua,16900.0,15900.0,1200.0,3,0.0,Rp0,True
2024-03-01,34,Papua Barat,15900.0,15900.0,1200.0,4,0.0,Rp0,True
2024-03-02,1,Aceh,13850.0,15900.0,1200.0,5,0.0,Rp0,True
2024-03-02,2,Sumatera Utara,13800.0,15900.0,1200.0,5,0.0,Rp0,True
2024-03-02,3,Sumatera Barat,17050.0,15900.0,1200.0,3,0.0,Rp0,True
2024-03-02,4,Riau,15450.0,15900.0,1200.0,4,0.65,Rp100,True
2024-03-02,5,Kepulauan Riau,14550.0,15900.0,1200.0,5,0.0,Rp0,True
2024-03-02,6,Jambi,14800.0,15900.0,1200.0,5,0.0,Rp0,True
2024-03-02,7,Bengkulu,15900.0,15900.0,1200.0,4,0.0,Rp0,True
2024-03-02,8,Sumatera Selatan,15400.0,15900.0,1200.0,4,0.0,Rp0,True
2024-03-02,9,Kepulauan Bangka Belitung,16450.0,15900.0,1200.0,3,0.0,Rp0,True
2024-03-02,10,Lampung,14800.0,15900.0,1200.0,5,0.0,Rp0,True
2024-03-02,11,Banten,16750.0,15900.0,1200.0,3,0.0,Rp0,True
2024-03-02,12,Jawa Barat,15850.0,15900.0,1200.0,4,0.0,Rp0,True
2024-03-02,13,DKI Jakarta,16150.0,15900.0,1200.0,3,0.0,Rp0,True
2024-03-02,14,Jawa Tengah,15600.0,15900.0,1200.0,4,0.0,Rp0,True
2024-03-02,15,DI Yogyakarta,15400.0,15900.0,1200.0,4,0.0,Rp0,True
2024-03-02,16,Jawa Timur,15400.0,15900.0,1200.0,4,0.0,Rp0,True
2024-03-02,17,Bali,16700.0,15900.0,1200.0,3,0.0,Rp0,True
2024-03-02,18,Nusa Tenggara Barat,14700.0,15900.0,1200.0,5,0.0,Rp0,True
2024-03-02,19,Nusa Tenggara Timur,15900.0,15900.0,1200.0,4,0.0,Rp0,True
2024-03-02,20,Kalimantan Barat,16350.0,15900.0,1200.0,3,0.0,Rp0,True
2024-03-02,21,Kalimantan Selatan,18650.0,15900.0,1200.0,1,0.81,Rp150,True
2024-03-02,22,Kalimantan Tengah,19500.0,15900.0,1200.0,1,0.26,Rp50,True
2024-03-02,23,Kalimantan Timur,15950.0,15900.0,1200.0,4,3.57,Rp550,True
2024-03-02,24,Kalimantan Utara,16750.0,15900.0,1200.0,3,0.0,Rp0,True
2024-03-02,25,Gorontalo,17350.0,15900.0,1200.0,2,0.29,Rp50,True
2024-03-02,26,Sulawesi Selatan,14050.0,15900.0,1200.0,5,0.36,Rp50,True
2024-03-02,27,Sulawesi Tenggara,16100.0,15900.0,1200.0,3,0.0,Rp0,True
2024-03-02,28,Sulawesi Tengah,15650.0,15900.0,1200.0,4,0.0,Rp0,True
2024-03-02,29,Sulawesi Utara,15350.0,15900.0,1200.0,4,0.0,Rp0,True
2024-03-02,30,Sulawesi Barat,15150.0,15900.0,1200.0,4,0.0,Rp0,True
2024-03-02,31,Maluku,15600.0,15900.0,1200.0,4,0.0,Rp0,True
2024-03-02,32,Maluku Utara,16700.0,15900.0,1200.0,3,0.0,Rp0,True
2024-03-02,33,Papua,16900.0,15900.0,1200.0,3,0.0,Rp0,True
2024-03-02,34,Papua Barat,15900.0,15900.0,1200.0,4,0.0,Rp0,True
2024-03-03,1,Aceh,13850.0,15900.0,1200.0,5,0.0,Rp0,True
2024-03-03,2,Sumatera Utara,13800.0,15900.0,1200.0,5,0.0,Rp0,True
2024-03-03,3,Sumatera Barat,17050.0,15900.0,1200.0,3,0.0,Rp0,True
2024-03-03,4,Riau,15450.0,15900.0,1200.0,4,0.65,Rp100,True
2024-03-03,5,Kepulauan Riau,14550.0,15900.0,1200.0,5,0.0,Rp0,True
2024-03-03,6,Jambi,14800.0,15900.0,1200.0,5,0.0,Rp0,True
2024-03-03,7,Bengkulu,15900.0,15900.0,1200.0,4,0.0,Rp0,True
2024-03-03,8,Sumatera Selatan,15400.0,15900.0,1200.0,4,0.0,Rp0,True
2024-03-03,9,Kepulauan Bangka Belitung,16450.0,15900.0,1200.0,3,0.0,Rp0,True
2024-03-03,10,Lampung,14800.0,15900.0,1200.0,5,0.0,Rp0,True
2024-03-03,11,Banten,16750.0,15900.0,1200.0,3,0.0,Rp0,True
2024-03-03,12,Jawa Barat,15850.0,15900.0,1200.0,4,0.0,Rp0,True
2024-03-03,13,DKI Jakarta,16150.0,15900.0,1200.0,3,0.0,Rp0,True
2024-03-03,14,Jawa Tengah,15600.0,15900.0,1200.0,4,0.0,Rp0,True
2024-03-03,15,DI Yogyakarta,15400.0,15900.0,1200.0,4,0.0,Rp0,True
2024-03-03,16,Jawa Timur,15400.0,15900.0,1200.0,4,0.0,Rp0,True
2024-03-03,17,Bali,16700.0,15900.0,1200.0,3,0.0,Rp0,True
2024-03-03,18,Nusa Tenggara Barat,14700.0,15900.0,1200.0,5,0.0,Rp0,True
2024-03-03,19,Nusa Tenggara Timur,15900.0,15900.0,1200.0,4,0.0,Rp0,True
2024-03-03,20,Kalimantan Barat,16350.0,15900.0,1200.0,3,0.0,Rp0,True
2024-03-03,21,Kalimantan Selatan,18650.0,15900.0,1200.0,1,0.81,Rp150,True
2024-03-03,22,Kalimantan Tengah,19500.0,15900.0,1200.0,1,0.26,Rp50,True
2024-03-03,23,Kalimantan Timur,15950.0,15900.0,1200.0,4,3.57,Rp550,True
2024-03-03,24,Kalimantan Utara,16750.0,15900.0,1200.0,3,0.0,Rp0,True
2024-03-03,25,Gorontalo,17350.0,15900.0,1200.0,2,0.29,Rp50,True
2024-03-03,26,Sulawesi Selatan,14050.0,15900.0,1200.0,5,0.36,Rp50,True
2024-03-03,27,Sulawesi Tenggara,16100.0,15900.0,1200.0,3,0.0,Rp0,True
2024-03-03,28,Sulawesi Tengah,15650.0,15900.0,1200.0,4,0.0,Rp0,True
2024-03-03,29,Sulawesi Utara,15350.0,15900.0,1200.0,4,0.0,Rp0,True
2024-03-03,30,Sulawesi Barat,15150.0,15900.0,1200.0,4,0.0,Rp0,True
2024-03-03,31,Maluku,15600.0,15900.0,1200.0,4,0.0,Rp0,True
2024-03-03,32,Maluku Utara,16700.0,15900.0,1200.0,3,0.0,Rp0,True
2024-03-03,33,Papua,16900.0,15900.0,1200.0,3,0.0,Rp0,True
2024-03-03,34,Papua Barat,15900.0,15900.0,1200.0,4,0.0,Rp0,True
2024-03-04,1,Aceh,13800.0,15950.0,1200.0,5,-0.36,-Rp50,True
2024-03-04,2,Sumatera Utara,13800.0,15950.0,1200.0,5,0.0,Rp0,True
2024-03-04,3,Sumatera Barat,17050.0,15950.0,1200.0,3,0.0,Rp0,True
2024-03-04,4,Riau,15450.0,15950.0,1200.0,4,0.0,Rp0,True
2024-03-04,5,Kepulauan Riau,14550.0,15950.0,1200.0,5,0.0,Rp0,True
2024-03-04,6,Jambi,14800.0,15950.0,1200.0,5,0.0,Rp0,True
2024-03-04,7,Bengkulu,15900.0,15950.0,1200.0,4,0.0,Rp0,True
2024-03-04,8,Sumatera Selatan,15400.0,15950.0,1200.0,4,0.0,Rp0,True
2024-03-04,9,Kepulauan Bangka Belitung,16500.0,15950.0,1200.0,3,0.3,Rp50,True
2024-03-04,10,Lampung,14800.0,15950.0,1200.0,5,0.0,Rp0,True
2024-03-04,11,Banten,16750.0,15950.0,1200.0,3,0.0,Rp0,True
2024-03-04,12,Jawa Barat,15800.0,15950.0,1200.0,4,-0.32,-Rp50,True
2024-03-04,13,DKI Jakarta,16150.0,15950.0,1200.0,3,0.0,Rp0,True
2024-03-04,14,Jawa Tengah,15600.0,15950.0,1200.0,4,0.0,Rp0,True
2024-03-04,15,DI Yogyakarta,15400.0,15950.0,1200.0,4,0.0,Rp0,True
2024-03-04,16,Jawa Timur,15350.0,15950.0,1200.0,4,-0.32,-Rp50,True
2024-03-04,17,Bali,16300.0,15950.0,1200.0,3,-2.4,-Rp400,True
2024-03-04,18,Nusa Tenggara Barat,14700.0,15950.0,1200.0,5,0.0,Rp0,True
2024-03-04,19,Nusa Tenggara Timur,15900.0,15950.0,1200.0,4,0.0,Rp0,True
2024-03-04,20,Kalimantan Barat,16350.0,15950.0,1200.0,3,0.0,Rp0,True
2024-03-04,21,Kalimantan Selatan,18650.0,15950.0,1200.0,1,0.0,Rp0,True
2024-03-04,22,Kalimantan Tengah,19500.0,15950.0,1200.0,1,0.0,Rp0,True
2024-03-04,23,Kalimantan Timur,15900.0,15950.0,1200.0,4,-0.31,-Rp50,True
2024-03-04,24,Kalimantan Utara,16800.0,15950.0,1200.0,3,0.3,Rp50,True
2024-03-04,25,Gorontalo,17850.0,15950.0,1200.0,2,2.88,Rp500,True
2024-03-04,26,Sulawesi Selatan,14100.0,15950.0,1200.0,5,0.36,Rp50,True
2024-03-04,27,Sulawesi Tenggara,16100.0,15950.0,1200.0,3,0.0,Rp0,True
2024-03-04,28,Sulawesi Tengah,16500.0,15950.0,1200.0,3,5.43,Rp850,True
2024-03-04,29,Sulawesi Utara,15650.0,15950.0,1200.0,4,1.95,Rp300,True
2024-03-04,30,Sulawesi Barat,15250.0,15950.0,1200.0,4,0.66,Rp100,True
2024-03-04,31,Maluku,15650.0,15950.0,1200.0,4,0.32,Rp50,True
2024-03-04,32,Maluku Utara,16650.0,15950.0,1200.0,3,-0.3,-Rp50,True
2024-03-04,33,Papua,17350.0,15950.0,1200.0,2,2.66,Rp450,True
2024-03-04,34,Papua Barat,15900.0,15950.0,1200.0,4,0.0,Rp0,True
2024-03-05,1,Aceh,13800.0,15950.0,1250.0,5,0.0,Rp0,True
2024-03-05,2,Sumatera Utara,13800.0,15950.0,1250.0,5,0.0,Rp0,True
2024-03-05,3,Sumatera Barat,17200.0,15950.0,1250.0,3,0.88,Rp150,True
2024-03-05,4,Riau,15450.0,15950.0,1250.0,4,0.0,Rp0,True
2024-03-05,5,Kepulauan Riau,14550.0,15950.0,1250.0,5,0.0,Rp0,True
2024-03-05,6,Jambi,14800.0,15950.0,1250.0,5,0.0,Rp0,True
2024-03-05,7,Bengkulu,15950.0,15950.0,1250.0,4,0.31,Rp50,True
2024-03-05,8,Sumatera Selatan,15400.0,15950.0,1250.0,4,0.0,Rp0,True
2024-03-05,9,Kepulauan Bangka Belitung,16500.0,15950.0,1250.0,3,0.0,Rp0,True
2024-03-05,10,Lampung,14800.0,15950.0,1250.0,5,0.0,Rp0,True
2024-03-05,11,Banten,16750.0,15950.0,1250.0,3,0.0,Rp0,True
2024-03-05,12,Jawa Barat,15800.0,15950.0,1250.0,4,0.0,Rp0,True
2024-03-05,13,DKI Jakarta,16150.0,15950.0,1250.0,3,0.0,Rp0,True
2024-03-05,14,Jawa Tengah,15600.0,15950.0,1250.0,4,0.0,Rp0,True
2024-03-05,15,DI Yogyakarta,15400.0,15950.0,1250.0,4,0.0,Rp0,True
2024-03-05,16,Jawa Timur,15300.0,15950.0,1250.0,4,-0.33,-Rp50,True
2024-03-05,17,Bali,16200.0,15950.0,1250.0,3,-0.61,-Rp100,True
2024-03-05,18,Nusa Tenggara Barat,14800.0,15950.0,1250.0,5,0.68,Rp100,True
2024-03-05,19,Nusa Tenggara Timur,15950.0,15950.0,1250.0,4,0.31,Rp50,True
2024-03-05,20,Kalimantan Barat,16350.0,15950.0,1250.0,3,0.0,Rp0,True
2024-03-05,21,Kalimantan Selatan,18650.0,15950.0,1250.0,1,0.0,Rp0,True
2024-03-05,22,Kalimantan Tengah,19500.0,15950.0,1250.0,1,0.0,Rp0,True
2024-03-05,23,Kalimantan Timur,16050.0,15950.0,1250.0,4,0.94,Rp150,True
2024-03-05,24,Kalimantan Utara,16850.0,15950.0,1250.0,3,0.3,Rp50,True
2024-03-05,25,Gorontalo,18000.0,15950.0,1250.0,2,0.84,Rp150,True
2024-03-05,26,Sulawesi Selatan,14100.0,15950.0,1250.0,5,0.0,Rp0,True
2024-03-05,27,Sulawesi Tenggara,16200.0,15950.0,1250.0,3,0.62,Rp100,True
2024-03-05,28,Sulawesi Tengah,16500.0,15950.0,1250.0,3,0.0,Rp0,True
2024-03-05,29,Sulawesi Utara,15650.0,15950.0,1250.0,4,0.0,Rp0,True
2024-03-05,30,Sulawesi Barat,15250.0,15950.0,1250.0,4,0.0,Rp0,True
2024-03-05,31,Maluku,15650.0,15950.0,1250.0,4,0.0,Rp0,True
2024-03-05,32,Maluku Utara,16700.0,15950.0,1250.0,3,0.3,Rp50,True
2024-03-05,33,Papua,17350.0,15950.0,1250.0,2,0.0,Rp0,True
2024-03-05,34,Papua Barat,15900.0,15950.0,1250.0,4,0.0,Rp0,True
2024-03-06,1,Aceh,13850.0,15950.0,1250.0,5,0.36,Rp50,True
2024-03-06,2,Sumatera Utara,13800.0,15950.0,1250.0,5,0.0,Rp0,True
2024-03-06,3,Sumatera Barat,17200.0,15950.0,1250.0,3,0.0,Rp0,True
2024-03-06,4,Riau,15450.0,15950.0,1250.0,4,0.0,Rp0,True
2024-03-06,5,Kepulauan Riau,14550.0,15950.0,1250.0,5,0.0,Rp0,True
2024-03-06,6,Jambi,14800.0,15950.0,1250.0,5,0.0,Rp0,True
2024-03-06,7,Bengkulu,15950.0,15950.0,1250.0,4,0.0,Rp0,True
2024-03-06,8,Sumatera Selatan,15400.0,15950.0,1250.0,4,0.0,Rp0,True
2024-03-06,9,Kepulauan Bangka Belitung,16450.0,15950.0,1250.0,3,-0.3,-Rp50,True
2024-03-06,10,Lampung,14800.0,15950.0,1250.0,5,0.0,Rp0,True
2024-03-06,11,Banten,16750.0,15950.0,1250.0,3,0.0,Rp0,True
2024-03-06,12,Jawa Barat,15800.0,15950.0,1250.0,4,0.0,Rp0,True
2024-03-06,13,DKI Jakarta,16150.0,15950.0,1250.0,3,0.0,Rp0,True
2024-03-06,14,Jawa Tengah,15550.0,15950.0,1250.0,4,-0.32,-Rp50,True
2024-03-06,15,DI Yogyakarta,15400.0,15950.0,1250.0,4,0.0,Rp0,True
2024-03-06,16,Jawa Timur,15300.0,15950.0,1250.0,4,0.0,Rp0,True
2024-03-06,17,Bali,16200.0,15950.0,1250.0,3,0.0,Rp0,True
2024-03-06,18,Nusa Tenggara Barat,14750.0,15950.0,1250.0,5,-0.34,-Rp50,True
2024-03-06,19,Nusa Tenggara Timur,15950.0,15950.0,1250.0,4,0.0,Rp0,True
2024-03-06,20,Kalimantan Barat,16350.0,15950.0,1250.0,3,0.0,Rp0,True
2024-03-06,21,Kalimantan Selatan,18650.0,15950.0,1250.0,1,0.0,Rp0,True
2024-03-06,22,Kalimantan Tengah,19550.0,15950.0,1250.0,1,0.26,Rp50,True
2024-03-06,23,Kalimantan Timur,16100.0,15950.0,1250.0,4,0.31,Rp50,True
2024-03-06,24,Kalimantan Utara,16850.0,15950.0,1250.0,3,0.0,Rp0,True
2024-03-06,25,Gorontalo,18000.0,15950.0,1250.0,2,0.0,Rp0,True
2024-03-06,26,Sulawesi Selatan,14100.0,15950.0,1250.0,5,0.0,Rp0,True
2024-03-06,27,Sulawesi Tenggara,16200.0,15950.0,1250.0,3,0.0,Rp0,True
2024-03-06,28,Sulawesi Tengah,16500.0,15950.0,1250.0,3,0.0,Rp0,True
2024-03-06,29,Sulawesi Utara,15650.0,15950.0,1250.0,4,0.0,Rp0,True
2024-03-06,30,Sulawesi Barat,15250.0,15950.0,1250.0,4,0.0,Rp0,True
2024-03-06,31,Maluku,15650.0,15950.0,1250.0,4,0.0,Rp0,True
2024-03-06,32,Maluku Utara,16850.0,15950.0,1250.0,3,0.9,Rp150,True
2024-03-06,33,Papua,17350.0,15950.0,1250.0,2,0.0,Rp0,True
2024-03-06,34,Papua Barat,15900.0,15950.0,1250.0,4,0.0,Rp0,True
2024-03-07,1,Aceh,13850.0,15950.0,1200.0,5,0.0,Rp0,True
2024-03-07,2,Sumatera Utara,13800.0,15950.0,1200.0,5,0.0,Rp0,True
2024-03-07,3,Sumatera Barat,17200.0,15950.0,1200.0,3,0.0,Rp0,True
2024-03-07,4,Riau,15450.0,15950.0,1200.0,4,0.0,Rp0,True
2024-03-07,5,Kepulauan Riau,14550.0,15950.0,1200.0,5,0.0,Rp0,True
2024-03-07,6,Jambi,14800.0,15950.0,1200.0,5,0.0,Rp0,True
2024-03-07,7,Bengkulu,15950.0,15950.0,1200.0,4,0.0,Rp0,True
2024-03-07,8,Sumatera Selatan,15400.0,15950.0,1200.0,4,0.0,Rp0,True
2024-03-07,9,Kepulauan Bangka Belitung,16500.0,15950.0,1200.0,3,0.3,Rp50,True
2024-03-07,10,Lampung,14800.0,15950.0,1200.0,5,0.0,Rp0,True
2024-03-07,11,Banten,16250.0,15950.0,1200.0,3,-2.99,-Rp500,True
2024-03-07,12,Jawa Barat,15800.0,15950.0,1200.0,4,0.0,Rp0,True
2024-03-07,13,DKI Jakarta,16150.0,15950.0,1200.0,3,0.0,Rp0,True
2024-03-07,14,Jawa Tengah,15550.0,15950.0,1200.0,4,0.0,Rp0,True
2024-03-07,15,DI Yogyakarta,15400.0,15950.0,1200.0,4,0.0,Rp0,True
2024-03-07,16,Jawa Timur,15300.0,15950.0,1200.0,4,0.0,Rp0,True
2024-03-07,17,Bali,16200.0,15950.0,1200.0,3,0.0,Rp0,True
2024-03-07,18,Nusa Tenggara Barat,14750.0,15950.0,1200.0,5,0.0,Rp0,True
2024-03-07,19,Nusa Tenggara Timur,15900.0,15950.0,1200.0,4,-0.31,-Rp50,True
2024-03-07,20,Kalimantan Barat,16350.0,15950.0,1200.0,3,0.0,Rp0,True
2024-03-07,21,Kalimantan Selatan,18650.0,15950.0,1200.0,1,0.0,Rp0,True
2024-03-07,22,Kalimantan Tengah,19550.0,15950.0,1200.0,1,0.0,Rp0,True
2024-03-07,23,Kalimantan Timur,16150.0,15950.0,1200.0,3,0.31,Rp50,True
2024-03-07,24,Kalimantan Utara,16850.0,15950.0,1200.0,3,0.0,Rp0,True
2024-03-07,25,Gorontalo,17950.0,15950.0,1200.0,2,-0.28,-Rp50,True
2024-03-07,26,Sulawesi Selatan,14100.0,15950.0,1200.0,5,0.0,Rp0,True
2024-03-07,27,Sulawesi Tenggara,16200.0,15950.0,1200.0,3,0.0,Rp0,True
2024-03-07,28,Sulawesi Tengah,16500.0,15950.0,1200.0,3,0.0,Rp0,True
2024-03-07,29,Sulawesi Utara,15800.0,15950.0,1200.0,4,0.96,Rp150,True
2024-03-07,30,Sulawesi Barat,15250.0,15950.0,1200.0,4,0.0,Rp0,True
2024-03-07,31,Maluku,15700.0,15950.0,1200.0,4,0.32,Rp50,True
2024-03-07,32,Maluku Utara,16850.0,15950.0,1200.0,3,0.0,Rp0,True
2024-03-07,33,Papua,17350.0,15950.0,1200.0,2,0.0,Rp0,True
2024-03-07,34,Papua Barat,15900.0,15950.0,1200.0,4,0.0,Rp0,True
2024-03-08,1,Aceh,13850.0,15950.0,1200.0,5,0.0,Rp0,True
2024-03-08,2,Sumatera Utara,13800.0,15950.0,1200.0,5,0.0,Rp0,True
2024-03-08,3,Sumatera Barat,17150.0,15950.0,1200.0,3,-0.29,-Rp50,True
2024-03-08,4,Riau,15450.0,15950.0,1200.0,4,0.0,Rp0,True
2024-03-08,5,Kepulauan Riau,14550.0,15950.0,1200.0,5,0.0,Rp0,True
2024-03-08,6,Jambi,14800.0,15950.0,1200.0,5,0.0,Rp0,True
2024-03-08,7,Bengkulu,15950.0,15950.0,1200.0,4,0.0,Rp0,True
2024-03-08,8,Sumatera Selatan,15400.0,15950.0,1200.0,4,0.0,Rp0,True
2024-03-08,9,Kepulauan Bangka Belitung,16500.0,15950.0,1200.0,3,0.0,Rp0,True
2024-03-08,10,Lampung,14800.0,15950.0,1200.0,5,0.0,Rp0,True
2024-03-08,11,Banten,16250.0,15950.0,1200.0,3,0.0,Rp0,True
2024-03-08,12,Jawa Barat,15800.0,15950.0,1200.0,4,0.0,Rp0,True
2024-03-08,13,DKI Jakarta,16150.0,15950.0,1200.0,3,0.0,Rp0,True
2024-03-08,14,Jawa Tengah,15550.0,15950.0,1200.0,4,0.0,Rp0,True
2024-03-08,15,DI Yogyakarta,15400.0,15950.0,1200.0,4,0.0,Rp0,True
2024-03-08,16,Jawa Timur,15300.0,15950.0,1200.0,4,0.0,Rp0,True
2024-03-08,17,Bali,16200.0,15950.0,1200.0,3,0.0,Rp0,True
2024-03-08,18,Nusa Tenggara Barat,14750.0,15950.0,1200.0,5,0.0,Rp0,True
2024-03-08,19,Nusa Tenggara Timur,15900.0,15950.0,1200.0,4,0.0,Rp0,True
2024-03-08,20,Kalimantan Barat,16350.0,15950.0,1200.0,3,0.0,Rp0,True
2024-03-08,21,Kalimantan Selatan,18650.0,15950.0,1200.0,1,0.0,Rp0,True
2024-03-08,22,Kalimantan Tengah,19500.0,15950.0,1200.0,1,-0.26,-Rp50,True
2024-03-08,23,Kalimantan Timur,16100.0,15950.0,1200.0,3,-0.31,-Rp50,True
2024-03-08,24,Kalimantan Utara,16850.0,15950.0,1200.0,3,0.0,Rp0,True
2024-03-08,25,Gorontalo,18050.0,15950.0,1200.0,2,0.56,Rp100,True
2024-03-08,26,Sulawesi Selatan,14100.0,15950.0,1200.0,5,0.0,Rp0,True
2024-03-08,27,Sulawesi Tenggara,16200.0,15950.0,1200.0,3,0.0,Rp0,True
2024-03-08,28,Sulawesi Tengah,16500.0,15950.0,1200.0,3,0.0,Rp0,True
2024-03-08,29,Sulawesi Utara,15850.0,15950.0,1200.0,4,0.32,Rp50,True
2024-03-08,30,Sulawesi Barat,15250.0,15950.0,1200.0,4,0.0,Rp0,True
2024-03-08,31,Maluku,15700.0,15950.0,1200.0,4,0.0,Rp0,True
2024-03-08,32,Maluku Utara,16850.0,15950.0,1200.0,3,0.0,Rp0,True
2024-03-08,33,Papua,17350.0,15950.0,1200.0,2,0.0,Rp0,True
2024-03-08,34,Papua Barat,15900.0,15950.0,1200.0,4,0.0,Rp0,True
2024-03-09,1,Aceh,13850.0,15950.0,1200.0,5,0.0,Rp0,True
2024-03-09,2,Sumatera Utara,13800.0,15950.0,1200.0,5,0.0,Rp0,True
2024-03-09,3,Sumatera Barat,17150.0,15950.0,1200.0,3,-0.29,-Rp50,True
2024-03-09,4,Riau,15450.0,15950.0,1200.0,4,0.0,Rp0,True
2024-03-09,5,Kepulauan Riau,14550.0,15950.0,1200.0,5,0.0,Rp0,True
2024-03-09,6,Jambi,14800.0,15950.0,1200.0,5,0.0,Rp0,True
2024-03-09,7,Bengkulu,15950.0,15950.0,1200.0,4,0.0,Rp0,True
2024-03-09,8,Sumatera Selatan,15400.0,15950.0,1200.0,4,0.0,Rp0,True
2024-03-09,9,Kepulauan Bangka Belitung,16500.0,15950.0,1200.0,3,0.0,Rp0,True
2024-03-09,10,Lampung,14800.0,15950.0,1200.0,5,0.0,Rp0,True
2024-03-09,11,Banten,16250.0,15950.0,1200.0,3,0.0,Rp0,True
2024-03-09,12,Jawa Barat,15800.0,15950.0,1200.0,4,0.0,Rp0,True
2024-03-09,13,DKI Jakarta,16150.0,15950.0,1200.0,3,0.0,Rp0,True
2024-03-09,14,Jawa Tengah,15550.0,15950.0,1200.0,4,0.0,Rp0,True
2024-03-09,15,DI Yogyakarta,15400.0,15950.0,1200.0,4,0.0,Rp0,True
2024-03-09,16,Jawa Timur,15300.0,15950.0,1200.0,4,0.0,Rp0,True
2024-03-09,17,Bali,16200.0,15950.0,1200.0,3,0.0,Rp0,True
2024-03-09,18,Nusa Tenggara Barat,14750.0,15950.0,1200.0,5,0.0,Rp0,True
2024-03-09,19,Nusa Tenggara Timur,15900.0,15950.0,1200.0,4,0.0,Rp0,True
2024-03-09,20,Kalimantan Barat,16350.0,15950.0,1200.0,3,0.0,Rp0,True
2024-03-09,21,Kalimantan Selatan,18650.0,15950.0,1200.0,1,0.0,Rp0,True
2024-03-09,22,Kalimantan Tengah,19500.0,15950.0,1200.0,1,-0.26,-Rp50,True
2024-03-09,23,Kalimantan Timur,16100.0,15950.0,1200.0,3,-0.31,-Rp50,True
2024-03-09,24,Kalimantan Utara,16850.0,15950.0,1200.0,3,0.0,Rp0,True
2024-03-09,25,Gorontalo,18050.0,15950.0,1200.0,2,0.56,Rp100,True
2024-03-09,26,Sulawesi Selatan,14100.0,15950.0,1200.0,5,0.0,Rp0,True
2024-03-09,27,Sulawesi Tenggara,16200.0,15950.0,1200.0,3,0.0,Rp0,True
2024-03-09,28,Sulawesi Tengah,16500.0,15950.0,1200.0,3,0.0,Rp0,True
2024-03-09,29,Sulawesi Utara,15850.0,15950.0,1200.0,4,0.32,Rp50,True
2024-03-09,30,Sulawesi Barat,15250.0,15950.0,1200.0,4,0.0,Rp0,True
2024-03-09,31,Maluku,15700.0,15950.0,1200.0,4,0.0,Rp0,True
2024-03-09,32,Maluku Utara,16850.0,15950.0,1200.0,3,0.0,Rp0,True
2024-03-09,33,Papua,17350.0,15950.0,1200.0,2,0.0,Rp0,True
2024-03-09,34,Papua Barat,15900.0,15950.0,1200.0,4,0.0,Rp0,True
2024-03-10,1,Aceh,13850.0,15950.0,1200.0,5,0.0,Rp0,True
2024-03-10,2,Sumatera Utara,13800.0,15950.0,1200.0,5,0.0,Rp0,True
2024-03-10,3,Sumatera Barat,17150.0,15950.0,1200.0,3,-0.29,-Rp50,True
2024-03-10,4,Riau,15450.0,15950.0,1200.0,4,0.0,Rp0,True
2024-03-10,5,Kepulauan Riau,14550.0,15950.0,1200.0,5,0.0,Rp0,True
2024-03-10,6,Jambi,14800.0,15950.0,1200.0,5,0.0,Rp0,True
2024-03-10,7,Bengkulu,15950.0,15950.0,1200.0,4,0.0,Rp0,True
2024-03-10,8,Sumatera Selatan,15400.0,15950.0,1200.0,4,0.0,Rp0,True
2024-03-10,9,Kepulauan Bangka Belitung,16500.0,15950.0,1200.0,3,0.0,Rp0,True
2024-03-10,10,Lampung,14800.0,15950.0,1200.0,5,0.0,Rp0,True
2024-03-10,11,Banten,16250.0,15950.0,1200.0,3,0.0,Rp0,True
2024-03-10,12,Jawa Barat,15800.0,15950.0,1200.0,4,0.0,Rp0,True
2024-03-10,13,DKI Jakarta,16150.0,15950.0,1200.0,3,0.0,Rp0,True
2024-03-10,14,Jawa Tengah,15550.0,15950.0,1200.0,4,0.0,Rp0,True
2024-03-10,15,DI Yogyakarta,15400.0,15950.0,1200.0,4,0.0,Rp0,True
2024-03-10,16,Jawa Timur,15300.0,15950.0,1200.0,4,0.0,Rp0,True
2024-03-10,17,Bali,16200.0,15950.0,1200.0,3,0.0,Rp0,True
2024-03-10,18,Nusa Tenggara Barat,14750.0,15950.0,1200.0,5,0.0,Rp0,True
2024-03-10,19,Nusa Tenggara Timur,15900.0,15950.0,1200.0,4,0.0,Rp0,True
2024-03-10,20,Kalimantan Barat,16350.0,15950.0,1200.0,3,0.0,Rp0,True
2024-03-10,21,Kalimantan Selatan,18650.0,15950.0,1200.0,1,0.0,Rp0,True
2024-03-10,22,Kalimantan Tengah,19500.0,15950.0,1200.0,1,-0.26,-Rp50,True
2024-03-10,23,Kalimantan Timur,16100.0,15950.0,1200.0,3,-0.31,-Rp50,True
2024-03-10,24,Kalimantan Utara,16850.0,15950.0,1200.0,3,0.0,Rp0,True
2024-03-10,25,Gorontalo,18050.0,15950.0,1200.0,2,0.56,Rp100,True
2024-03-10,26,Sulawesi Selatan,14100.0,15950.0,1200.0,5,0.0,Rp0,True
2024-03-10,27,Sulawesi Tenggara,16200.0,15950.0,1200.0,3,0.0,Rp0,True
2024-03-10,28,Sulawesi Tengah,16500.0,15950.0,1200.0,3,0.0,Rp0,True
2024-03-10,29,Sulawesi Utara,15850.0,15950.0,1200.0,4,0.32,Rp50,True
2024-03-10,30,Sulawesi Barat,15250.0,15950.0,1200.0,4,0.0,Rp0,True
2024-03-10,31,Maluku,15700.0,15950.0,1200.0,4,0.0,Rp0,True
2024-03-10,32,Maluku Utara,16850.0,15950.0,1200.0,3,0.0,Rp0,True
2024-03-10,33,Papua,17350.0,15950.0,1200.0,2,0.0,Rp0,True
2024-03-10,34,Papua Barat,15900.0,15950.0,1200.0,4,0.0,Rp0,True
2024-03-11,1,Aceh,13850.0,15950.0,1250.0,5,0.0,Rp0,True
2024-03-11,2,Sumatera Utara,13800.0,15950.0,1250.0,5,0.0,Rp0,True
2024-03-11,3,Sumatera Barat,17150.0,15950.0,1250.0,3,0.0,Rp0,True
2024-03-11,4,Riau,15450.0,15950.0,1250.0,4,0.0,Rp0,True
2024-03-11,5,Kepulauan Riau,14550.0,15950.0,1250.0,5,0.0,Rp0,True
2024-03-11,6,Jambi,14800.0,15950.0,1250.0,5,0.0,Rp0,True
2024-03-11,7,Bengkulu,15950.0,15950.0,1250.0,4,0.0,Rp0,True
2024-03-11,8,Sumatera Selatan,15400.0,15950.0,1250.0,4,0.0,Rp0,True
2024-03-11,9,Kepulauan Bangka Belitung,16500.0,15950.0,1250.0,3,0.0,Rp0,True
2024-03-11,10,Lampung,14800.0,15950.0,1250.0,5,0.0,Rp0,True
2024-03-11,11,Banten,16250.0,15950.0,1250.0,3,0.0,Rp0,True
2024-03-11,12,Jawa Barat,15800.0,15950.0,1250.0,4,0.0,Rp0,True
2024-03-11,13,DKI Jakarta,16150.0,15950.0,1250.0,3,0.0,Rp0,True
2024-03-11,14,Jawa Tengah,15300.0,15950.0,1250.0,4,-1.61,-Rp250,True
2024-03-11,15,DI Yogyakarta,15400.0,15950.0,1250.0,4,0.0,Rp0,True
2024-03-11,16,Jawa Timur,15300.0,15950.0,1250.0,4,0.0,Rp0,True
2024-03-11,17,Bali,16200.0,15950.0,1250.0,3,0.0,Rp0,True
2024-03-11,18,Nusa Tenggara Barat,14750.0,15950.0,1250.0,5,0.0,Rp0,True
2024-03-11,19,Nusa Tenggara Timur,15900.0,15950.0,1250.0,4,0.0,Rp0,True
2024-03-11,20,Kalimantan Barat,16350.0,15950.0,1250.0,3,0.0,Rp0,True
2024-03-11,21,Kalimantan Selatan,18650.0,15950.0,1250.0,1,0.0,Rp0,True
2024-03-11,22,Kalimantan Tengah,19500.0,15950.0,1250.0,1,0.0,Rp0,True
2024-03-11,23,Kalimantan Timur,15700.0,15950.0,1250.0,4,-2.48,-Rp400,True
2024-03-11,24,Kalimantan Utara,16850.0,15950.0,1250.0,3,0.0,Rp0,True
2024-03-11,25,Gorontalo,18050.0,15950.0,1250.0,2,0.0,Rp0,True
2024-03-11,26,Sulawesi Selatan,14100.0,15950.0,1250.0,5,0.0,Rp0,True
2024-03-11,27,Sulawesi Tenggara,16200.0,15950.0,1250.0,3,0.0,Rp0,True
2024-03-11,28,Sulawesi Tengah,16500.0,15950.0,1250.0,3,0.0,Rp0,True
2024-03-11,29,Sulawesi Utara,15300.0,15950.0,1250.0,4,-3.47,-Rp550,True
2024-03-11,30,Sulawesi Barat,15250.0,15950.0,1250.0,4,0.0,Rp0,True
2024-03-11,31,Maluku,15700.0,15950.0,1250.0,4,0.0,Rp0,True
2024-03-11,32,Maluku Utara,16850.0,15950.0,1250.0,3,0.0,Rp0,True
2024-03-11,33,Papua,17350.0,15950.0,1250.0,2,0.0,Rp0,True
2024-03-11,34,Papua Barat,15900.0,15950.0,1250.0,4,0.0,Rp0,True
2024-03-12,1,Aceh,13850.0,15950.0,1250.0,5,0.0,Rp0,True
2024-03-12,2,Sumatera Utara,13800.0,15950.0,1250.0,5,0.0,Rp0,True
2024-03-12,3,Sumatera Barat,17150.0,15950.0,1250.0,3,0.0,Rp0,True
2024-03-12,4,Riau,15450.0,15950.0,1250.0,4,0.0,Rp0,True
2024-03-12,5,Kepulauan Riau,14550.0,15950.0,1250.0,5,0.0,Rp0,True
2024-03-12,6,Jambi,14800.0,15950.0,1250.0,5,0.0,Rp0,True
2024-03-12,7,Bengkulu,15950.0,15950.0,1250.0,4,0.0,Rp0,True
2024-03-12,8,Sumatera Selatan,15400.0,15950.0,1250.0,4,0.0,Rp0,True
2024-03-12,9,Kepulauan Bangka Belitung,16500.0,15950.0,1250.0,3,0.0,Rp0,True
2024-03-12,10,Lampung,14800.0,15950.0,1250.0,5,0.0,Rp0,True
2024-03-12,11,Banten,16250.0,15950.0,1250.0,3,0.0,Rp0,True
2024-03-12,12,Jawa Barat,15800.0,15950.0,1250.0,4,0.0,Rp0,True
2024-03-12,13,DKI Jakarta,16150.0,15950.0,1250.0,3,0.0,Rp0,True
2024-03-12,14,Jawa Tengah,15300.0,15950.0,1250.0,4,0.0,Rp0,True
2024-03-12,15,DI Yogyakarta,15400.0,15950.0,1250.0,4,0.0,Rp0,True
2024-03-12,16,Jawa Timur,15300.0,15950.0,1250.0,4,0.0,Rp0,True
2024-03-12,17,Bali,16200.0,15950.0,1250.0,3,0.0,Rp0,True
2024-03-12,18,Nusa Tenggara Barat,14750.0,15950.0,1250.0,5,0.0,Rp0,True
2024-03-12,19,Nusa Tenggara Timur,15900.0,15950.0,1250.0,4,0.0,Rp0,True
2024-03-12,20,Kalimantan Barat,16350.0,15950.0,1250.0,3,0.0,Rp0,True
2024-03-12,21,Kalimantan Selatan,18650.0,15950.0,1250.0,1,0.0,Rp0,True
2024-03-12,22,Kalimantan Tengah,19500.0,15950.0,1250.0,1,0.0,Rp0,True
2024-03-12,23,Kalimantan Timur,15700.0,15950.0,1250.0,4,0.0,Rp0,True
2024-03-12,24,Kalimantan Utara,16850.0,15950.0,1250.0,3,0.0,Rp0,True
2024-03-12,25,Gorontalo,18050.0,15950.0,1250.0,2,0.0,Rp0,True
2024-03-12,26,Sulawesi Selatan,14100.0,15950.0,1250.0,5,0.0,Rp0,True
2024-03-12,27,Sulawesi Tenggara,16200.0,15950.0,1250.0,3,0.0,Rp0,True
2024-03-12,28,Sulawesi Tengah,16500.0,15950.0,1250.0,3,0.0,Rp0,True
2024-03-12,29,Sulawesi Utara,15300.0,15950.0,1250.0,4,0.0,Rp0,True
2024-03-12,30,Sulawesi Barat,15250.0,15950.0,1250.0,4,0.0,Rp0,True
2024-03-12,31,Maluku,15700.0,15950.0,1250.0,4,0.0,Rp0,True
2024-03-12,32,Maluku Utara,16850.0,15950.0,1250.0,3,0.0,Rp0,True
2024-03-12,33,Papua,17350.0,15950.0,1250.0,2,0.0,Rp0,True
2024-03-12,34,Papua Barat,15900.0,15950.0,1250.0,4,0.0,Rp0,True
2024-03-13,1,Aceh,13800.0,16000.0,1250.0,5,-0.36,-Rp50,True
2024-03-13,2,Sumatera Utara,13800.0,16000.0,1250.0,5,0.0,Rp0,True
2024-03-13,3,Sumatera Barat,17400.0,16000.0,1250.0,2,1.46,Rp250,True
2024-03-13,4,Riau,15450.0,16000.0,1250.0,4,0.0,Rp0,True
2024-03-13,5,Kepulauan Riau,14600.0,16000.0,1250.0,5,0.34,Rp50,True
2024-03-13,6,Jambi,14800.0,16000.0,1250.0,5,0.0,Rp0,True
2024-03-13,7,Bengkulu,15950.0,16000.0,1250.0,4,0.0,Rp0,True
2024-03-13,8,Sumatera Selatan,15400.0,16000.0,1250.0,4,0.0,Rp0,True
2024-03-13,9,Kepulauan Bangka Belitung,16450.0,16000.0,1250.0,3,-0.3,-Rp50,True
2024-03-13,10,Lampung,14800.0,16000.0,1250.0,5,0.0,Rp0,True
2024-03-13,11,Banten,16250.0,16000.0,1250.0,3,0.0,Rp0,True
2024-03-13,12,Jawa Barat,15750.0,16000.0,1250.0,4,-0.32,-Rp50,True
2024-03-13,13,DKI Jakarta,16150.0,16000.0,1250.0,3,0.0,Rp0,True
2024-03-13,14,Jawa Tengah,15500.0,16000.0,1250.0,4,1.31,Rp200,True
2024-03-13,15,DI Yogyakarta,15400.0,16000.0,1250.0,4,0.0,Rp0,True
2024-03-13,16,Jawa Timur,15250.0,16000.0,1250.0,4,-0.33,-Rp50,True
2024-03-13,17,Bali,16100.0,16000.0,1250.0,3,-0.62,-Rp100,True
2024-03-13,18,Nusa Tenggara Barat,14700.0,16000.0,1250.0,5,-0.34,-Rp50,True
2024-03-13,19,Nusa Tenggara Timur,16100.0,16000.0,1250.0,3,1.26,Rp200,True
2024-03-13,20,Kalimantan Barat,16350.0,16000.0,1250.0,3,0.0,Rp0,True
2024-03-13,21,Kalimantan Selatan,18650.0,16000.0,1250.0,1,0.0,Rp0,True
2024-03-13,22,Kalimantan Tengah,19500.0,16000.0,1250.0,1,0.0,Rp0,True
2024-03-13,23,Kalimantan Timur,16500.0,16000.0,1250.0,3,5.1,Rp800,True
2024-03-13,24,Kalimantan Utara,16850.0,16000.0,1250.0,3,0.0,Rp0,True
2024-03-13,25,Gorontalo,18000.0,16000.0,1250.0,2,-0.28,-Rp50,True
2024-03-13,26,Sulawesi Selatan,14250.0,16000.0,1250.0,5,1.06,Rp150,True
2024-03-13,27,Sulawesi Tenggara,16200.0,16000.0,1250.0,3,0.0,Rp0,True
2024-03-13,28,Sulawesi Tengah,16700.0,16000.0,1250.0,3,1.21,Rp200,True
2024-03-13,29,Sulawesi Utara,15950.0,16000.0,1250.0,4,4.25,Rp650,True
2024-03-13,30,Sulawesi Barat,15250.0,16000.0,1250.0,4,0.0,Rp0,True
2024-03-13,31,Maluku,15750.0,16000.0,1250.0,4,0.32,Rp50,True
2024-03-13,32,Maluku Utara,16850.0,16000.0,1250.0,3,0.0,Rp0,True
2024-03-13,33,Papua,17350.0,16000.0,1250.0,2,0.0,Rp0,True
2024-03-13,34,Papua Barat,16250.0,16000.0,1250.0,3,2.2,Rp350,True
2024-03-14,1,Aceh,13800.0,16000.0,1250.0,5,0.0,Rp0,True
2024-03-14,2,Sumatera Utara,13800.0,16000.0,1250.0,5,0.0,Rp0,True
2024-03-14,3,Sumatera Barat,17400.0,16000.0,1250.0,2,0.0,Rp0,True
2024-03-14,4,Riau,15450.0,16000.0,1250.0,4,0.0,Rp0,True
2024-03-14,5,Kepulauan Riau,14600.0,16000.0,1250.0,5,0.0,Rp0,True
2024-03-14,6,Jambi,14500.0,16000.0,1250.0,5,-2.03,-Rp300,True
2024-03-14,7,Bengkulu,15900.0,16000.0,1250.0,4,-0.31,-Rp50,True
2024-03-14,8,Sumatera Selatan,15400.0,16000.0,1250.0,4,0.0,Rp0,True
2024-03-14,9,Kepulauan Bangka Belitung,16300.0,16000.0,1250.0,3,-0.91,-Rp150,True
2024-03-14,10,Lampung,14750.0,16000.0,1250.0,5,-0.34,-Rp50,True
2024-03-14,11,Banten,16250.0,16000.0,1250.0,3,0.0,Rp0,True
2024-03-14,12,Jawa Barat,15750.0,16000.0,1250.0,4,0.0,Rp0,True
2024-03-14,13,DKI Jakarta,16150.0,16000.0,1250.0,3,0.0,Rp0,True
2024-03-14,14,Jawa Tengah,15500.0,16000.0,1250.0,4,0.0,Rp0,True
2024-03-14,15,DI Yogyakarta,15400.0,16000.0,1250.0,4,0.0,Rp0,True
2024-03-14,16,Jawa Timur,15250.0,16000.0,1250.0,4,0.0,Rp0,True
2024-03-14,17,Bali,16100.0,16000.0,1250.0,3,0.0,Rp0,True
2024-03-14,18,Nusa Tenggara Barat,14700.0,16000.0,1250.0,5,0.0,Rp0,True
2024-03-14,19,Nusa Tenggara Timur,16150.0,16000.0,1250.0,3,0.31,Rp50,True
2024-03-14,20,Kalimantan Barat,16350.0,16000.0,1250.0,3,0.0,Rp0,True
2024-03-14,21,Kalimantan Selatan,18650.0,16000.0,1250.0,1,0.0,Rp0,True
2024-03-14,22,Kalimantan Tengah,19500.0,16000.0,1250.0,1,0.0,Rp0,True
2024-03-14,23,Kalimantan Timur,16500.0,16000.0,1250.0,3,0.0,Rp0,True
2024-03-14,24,Kalimantan Utara,16850.0,16000.0,1250.0,3,0.0,Rp0,True
2024-03-14,25,Gorontalo,18000.0,16000.0,1250.0,2,0.0,Rp0,True
2024-03-14,26,Sulawesi Selatan,14250.0,16000.0,1250.0,5,0.0,Rp0,True
2024-03-14,27,Sulawesi Tenggara,16250.0,16000.0,1250.0,3,0.31,Rp50,True
2024-03-14,28,Sulawesi Tengah,16700.0,16000.0,1250.0,3,0.0,Rp0,True
2024-03-14,29,Sulawesi Utara,16100.0,16000.0,1250.0,3,0.94,Rp150,True
2024-03-14,30,Sulawesi Barat,15250.0,16000.0,1250.0,4,0.0,Rp0,True
2024-03-14,31,Maluku,15750.0,16000.0,1250.0,4,0.0,Rp0,True
2024-03-14,32,Maluku Utara,16850.0,16000.0,1250.0,3,0.0,Rp0,True
2024-03-14,33,Papua,17350.0,16000.0,1250.0,2,0.0,Rp0,True
2024-03-14,34,Papua Barat,16250.0,16000.0,1250.0,3,0.0,Rp0,True
2024-03-15,1,Aceh,13800.0,16000.0,1250.0,5,0.0,Rp0,True
2024-03-15,2,Sumatera Utara,13800.0,16000.0,1250.0,5,0.0,Rp0,True
2024-03-15,3,Sumatera Barat,17400.0,16000.0,1250.0,2,0.0,Rp0,True
2024-03-15,4,Riau,15450.0,16000.0,1250.0,4,0.0,Rp0,True
2024-03-15,5,Kepulauan Riau,14600.0,16000.0,1250.0,5,0.0,Rp0,True
2024-03-15,6,Jambi,14800.0,16000.0,1250.0,5,2.07,Rp300,True
2024-03-15,7,Bengkulu,15900.0,16000.0,1250.0,4,0.0,Rp0,True
2024-03-15,8,Sumatera Selatan,15400.0,16000.0,1250.0,4,0.0,Rp0,True
2024-03-15,9,Kepulauan Bangka Belitung,16300.0,16000.0,1250.0,3,0.0,Rp0,True
2024-03-15,10,Lampung,14800.0,16000.0,1250.0,5,0.34,Rp50,True
2024-03-15,11,Banten,16250.0,16000.0,1250.0,3,0.0,Rp0,True
2024-03-15,12,Jawa Barat,15750.0,16000.0,1250.0,4,0.0,Rp0,True
2024-03-15,13,DKI Jakarta,16150.0,16000.0,1250.0,3,0.0,Rp0,True
2024-03-15,14,Jawa Tengah,15450.0,16000.0,1250.0,4,-0.32,-Rp50,True
2024-03-15,15,DI Yogyakarta,15400.0,16000.0,1250.0,4,0.0,Rp0,True
2024-03-15,16,Jawa Timur,15250.0,16000.0,1250.0,4,0.0,Rp0,True
2024-03-15,17,Bali,16100.0,16000.0,1250.0,3,0.0,Rp0,True
2024-03-15,18,Nusa Tenggara Barat,14500.0,16000.0,1250.0,5,-1.36,-Rp200,True
2024-03-15,19,Nusa Tenggara Timur,16150.0,16000.0,1250.0,3,0.0,Rp0,True
2024-03-15,20,Kalimantan Barat,16350.0,16000.0,1250.0,3,0.0,Rp0,True
2024-03-15,21,Kalimantan Selatan,18650.0,16000.0,1250.0,1,0.0,Rp0,True
2024-03-15,22,Kalimantan Tengah,19500.0,16000.0,1250.0,1,0.0,Rp0,True
2024-03-15,23,Kalimantan Timur,16500.0,16000.0,1250.0,3,0.0,Rp0,True
2024-03-15,24,Kalimantan Utara,16850.0,16000.0,1250.0,3,0.0,Rp0,True
2024-03-15,25,Gorontalo,18000.0,16000.0,1250.0,2,0.0,Rp0,True
2024-03-15,26,Sulawesi Selatan,14250.0,16000.0,1250.0,5,0.0,Rp0,True
2024-03-15,27,Sulawesi Tenggara,16250.0,16000.0,1250.0,3,0.0,Rp0,True
2024-03-15,28,Sulawesi Tengah,16700.0,16000.0,1250.0,3,0.0,Rp0,True
2024-03-15,29,Sulawesi Utara,16150.0,16000.0,1250.0,3,0.31,Rp50,True
2024-03-15,30,Sulawesi Barat,15250.0,16000.0,1250.0,4,0.0,Rp0,True
2024-03-15,31,Maluku,15800.0,16000.0,1250.0,4,0.32,Rp50,True
2024-03-15,32,Maluku Utara,16850.0,16000.0,1250.0,3,0.0,Rp0,True
2024-03-15,33,Papua,17350.0,16000.0,1250.0,2,0.0,Rp0,True
2024-03-15,34,Papua Barat,16450.0,16000.0,1250.0,3,1.23,Rp200,True
2024-03-16,1,Aceh,13800.0,16000.0,1250.0,5,0.0,Rp0,True
2024-03-16,2,Sumatera Utara,13800.0,16000.0,1250.0,5,0.0,Rp0,True
2024-03-16,3,Sumatera Barat,17400.0,16000.0,1250.0,2,0.0,Rp0,True
2024-03-16,4,Riau,15450.0,16000.0,1250.0,4,0.0,Rp0,True
2024-03-16,5,Kepulauan Riau,14600.0,16000.0,1250.0,5,0.0,Rp0,True
2024-03-16,6,Jambi,14800.0,16000.0,1250.0,5,2.07,Rp300,True
2024-03-16,7,Bengkulu,15900.0,16000.0,1250.0,4,0.0,Rp0,True
2024-03-16,8,Sumatera Selatan,15400.0,16000.0,1250.0,4,0.0,Rp0,True
2024-03-16,9,Kepulauan Bangka Belitung,16300.0,16000.0,1250.0,3,0.0,Rp0,True
2024-03-16,10,Lampung,14800.0,16000.0,1250.0,5,0.34,Rp50,True
2024-03-16,11,Banten,16250.0,16000.0,1250.0,3,0.0,Rp0,True
2024-03-16,12,Jawa Barat,15750.0,16000.0,1250.0,4,0.0,Rp0,True
2024-03-16,13,DKI Jakarta,16150.0,16000.0,1250.0,3,0.0,Rp0,True
2024-03-16,14,Jawa Tengah,15450.0,16000.0,1250.0,4,-0.32,-Rp50,True
2024-03-16,15,DI Yogyakarta,15400.0,16000.0,1250.0,4,0.0,Rp0,True
2024-03-16,16,Jawa Timur,15250.0,16000.0,1250.0,4,0.0,Rp0,True
2024-03-16,17,Bali,16100.0,16000.0,1250.0,3,0.0,Rp0,True
2024-03-16,18,Nusa Tenggara Barat,14500.0,16000.0,1250.0,5,-1.36,-Rp200,True
2024-03-16,19,Nusa Tenggara Timur,16150.0,16000.0,1250.0,3,0.0,Rp0,True
2024-03-16,20,Kalimantan Barat,16350.0,16000.0,1250.0,3,0.0,Rp0,True
2024-03-16,21,Kalimantan Selatan,18650.0,16000.0,1250.0,1,0.0,Rp0,True
2024-03-16,22,Kalimantan Tengah,19500.0,16000.0,1250.0,1,0.0,Rp0,True
2024-03-16,23,Kalimantan Timur,16500.0,16000.0,1250.0,3,0.0,Rp0,True
2024-03-16,24,Kalimantan Utara,16850.0,16000.0,1250.0,3,0.0,Rp0,True
2024-03-16,25,Gorontalo,18000.0,16000.0,1250.0,2,0.0,Rp0,True
2024-03-16,26,Sulawesi Selatan,14250.0,16000.0,1250.0,5,0.0,Rp0,True
2024-03-16,27,Sulawesi Tenggara,16250.0,16000.0,1250.0,3,0.0,Rp0,True
2024-03-16,28,Sulawesi Tengah,16700.0,16000.0,1250.0,3,0.0,Rp0,True
2024-03-16,29,Sulawesi Utara,16150.0,16000.0,1250.0,3,0.31,Rp50,True
2024-03-16,30,Sulawesi Barat,15250.0,16000.0,1250.0,4,0.0,Rp0,True
2024-03-16,31,Maluku,15800.0,16000.0,1250.0,4,0.32,Rp50,True
2024-03-16,32,Maluku Utara,16850.0,16000.0,1250.0,3,0.0,Rp0,True
2024-03-16,33,Papua,17350.0,16000.0,1250.0,2,0.0,Rp0,True
2024-03-16,34,Papua Barat,16450.0,16000.0,1250.0,3,1.23,Rp200,True
2024-03-17,1,Aceh,13800.0,16000.0,1250.0,5,0.0,Rp0,True
2024-03-17,2,Sumatera Utara,13800.0,16000.0,1250.0,5,0.0,Rp0,True
2024-03-17,3,Sumatera Barat,17400.0,16000.0,1250.0,2,0.0,Rp0,True
2024-03-17,4,Riau,15450.0,16000.0,1250.0,4,0.0,Rp0,True
2024-03-17,5,Kepulauan Riau,14600.0,16000.0,1250.0,5,0.0,Rp0,True
2024-03-17,6,Jambi,14800.0,16000.0,1250.0,5,2.07,Rp300,True
2024-03-17,7,Bengkulu,15900.0,16000.0,1250.0,4,0.0,Rp0,True
2024-03-17,8,Sumatera Selatan,15400.0,16000.0,1250.0,4,0.0,Rp0,True
2024-03-17,9,Kepulauan Bangka Belitung,16300.0,16000.0,1250.0,3,0.0,Rp0,True
2024-03-17,10,Lampung,14800.0,16000.0,1250.0,5,0.34,Rp50,True
2024-03-17,11,Banten,16250.0,16000.0,1250.0,3,0.0,Rp0,True
2024-03-17,12,Jawa Barat,15750.0,16000.0,1250.0,4,0.0,Rp0,True
2024-03-17,13,DKI Jakarta,16150.0,16000.0,1250.0,3,0.0,Rp0,True
2024-03-17,14,Jawa Tengah,15450.0,16000.0,1250.0,4,-0.32,-Rp50,True
2024-03-17,15,DI Yogyakarta,15400.0,16000.0,1250.0,4,0.0,Rp0,True
2024-03-17,16,Jawa Timur,15250.0,16000.0,1250.0,4,0.0,Rp0,True
2024-03-17,17,Bali,16100.0,16000.0,1250.0,3,0.0,Rp0,True
2024-03-17,18,Nusa Tenggara Barat,14500.0,16000.0,1250.0,5,-1.36,-Rp200,True
2024-03-17,19,Nusa Tenggara Timur,16150.0,16000.0,1250.0,3,0.0,Rp0,True
2024-03-17,20,Kalimantan Barat,16350.0,16000.0,1250.0,3,0.0,Rp0,True
2024-03-17,21,Kalimantan Selatan,18650.0,16000.0,1250.0,1,0.0,Rp0,True
2024-03-17,22,Kalimantan Tengah,19500.0,16000.0,1250.0,1,0.0,Rp0,True
2024-03-17,23,Kalimantan Timur,16500.0,16000.0,1250.0,3,0.0,Rp0,True
2024-03-17,24,Kalimantan Utara,16850.0,16000.0,1250.0,3,0.0,Rp0,True
2024-03-17,25,Gorontalo,18000.0,16000.0,1250.0,2,0.0,Rp0,True
2024-03-17,26,Sulawesi Selatan,14250.0,16000.0,1250.0,5,0.0,Rp0,True
2024-03-17,27,Sulawesi Tenggara,16250.0,16000.0,1250.0,3,0.0,Rp0,True
2024-03-17,28,Sulawesi Tengah,16700.0,16000.0,1250.0,3,0.0,Rp0,True
2024-03-17,29,Sulawesi Utara,16150.0,16000.0,1250.0,3,0.31,Rp50,True
2024-03-17,30,Sulawesi Barat,15250.0,16000.0,1250.0,4,0.0,Rp0,True
2024-03-17,31,Maluku,15800.0,16000.0,1250.0,4,0.32,Rp50,True
2024-03-17,32,Maluku Utara,16850.0,16000.0,1250.0,3,0.0,Rp0,True
2024-03-17,33,Papua,17350.0,16000.0,1250.0,2,0.0,Rp0,True
2024-03-17,34,Papua Barat,16450.0,16000.0,1250.0,3,1.23,Rp200,True
2024-03-18,1,Aceh,13800.0,16000.0,1250.0,5,0.0,Rp0,True
2024-03-18,2,Sumatera Utara,13800.0,16000.0,1250.0,5,0.0,Rp0,True
2024-03-18,3,Sumatera Barat,17450.0,16000.0,1250.0,2,0.29,Rp50,True
2024-03-18,4,Riau,15450.0,16000.0,1250.0,4,0.0,Rp0,True
2024-03-18,5,Kepulauan Riau,14600.0,16000.0,1250.0,5,0.0,Rp0,True
2024-03-18,6,Jambi,14750.0,16000.0,1250.0,5,-0.34,-Rp50,True
2024-03-18,7,Bengkulu,15900.0,16000.0,1250.0,4,0.0,Rp0,True
2024-03-18,8,Sumatera Selatan,15400.0,16000.0,1250.0,4,0.0,Rp0,True
2024-03-18,9,Kepulauan Bangka Belitung,16300.0,16000.0,1250.0,3,0.0,Rp0,True
2024-03-18,10,Lampung,14650.0,16000.0,1250.0,5,-1.01,-Rp150,True
2024-03-18,11,Banten,16250.0,16000.0,1250.0,3,0.0,Rp0,True
2024-03-18,12,Jawa Barat,15750.0,16000.0,1250.0,4,0.0,Rp0,True
2024-03-18,13,DKI Jakarta,16150.0,16000.0,1250.0,3,0.0,Rp0,True
2024-03-18,14,Jawa Tengah,15400.0,16000.0,1250.0,4,-0.32,-Rp50,True
2024-03-18,15,DI Yogyakarta,15150.0,16000.0,1250.0,4,-1.62,-Rp250,True
2024-03-18,16,Jawa Timur,15200.0,16000.0,1250.0,4,-0.33,-Rp50,True
2024-03-18,17,Bali,15950.0,16000.0,1250.0,4,-0.93,-Rp150,True
2024-03-18,18,Nusa Tenggara Barat,14500.0,16000.0,1250.0,5,0.0,Rp0,True
2024-03-18,19,Nusa Tenggara Timur,16150.0,16000.0,1250.0,3,0.0,Rp0,True
2024-03-18,20,Kalimantan Barat,16400.0,16000.0,1250.0,3,0.31,Rp50,True
2024-03-18,21,Kalimantan Selatan,18550.0,16000.0,1250.0,1,-0.54,-Rp100,True
2024-03-18,22,Kalimantan Tengah,19500.0,16000.0,1250.0,1,0.0,Rp0,True
2024-03-18,23,Kalimantan Timur,16550.0,16000.0,1250.0,3,0.3,Rp50,True
2024-03-18,24,Kalimantan Utara,16850.0,16000.0,1250.0,3,0.0,Rp0,True
2024-03-18,25,Gorontalo,18000.0,16000.0,1250.0,2,0.0,Rp0,True
2024-03-18,26,Sulawesi Selatan,14200.0,16000.0,1250.0,5,-0.35,-Rp50,True
2024-03-18,27,Sulawesi Tenggara,16350.0,16000.0,1250.0,3,0.62,Rp100,True
2024-03-18,28,Sulawesi Tengah,16700.0,16000.0,1250.0,3,0.0,Rp0,True
2024-03-18,29,Sulawesi Utara,16150.0,16000.0,1250.0,3,0.0,Rp0,True
2024-03-18,30,Sulawesi Barat,15150.0,16000.0,1250.0,4,-0.66,-Rp100,True
2024-03-18,31,Maluku,15850.0,16000.0,1250.0,4,0.32,Rp50,True
2024-03-18,32,Maluku Utara,16850.0,16000.0,1250.0,3,0.0,Rp0,True
2024-03-18,33,Papua,17400.0,16000.0,1250.0,2,0.29,Rp50,True
2024-03-18,34,Papua Barat,16450.0,16000.0,1250.0,3,0.0,Rp0,True
2024-03-19,1,Aceh,13800.0,16000.0,1250.0,5,0.0,Rp0,True
2024-03-19,2,Sumatera Utara,13800.0,16000.0,1250.0,5,0.0,Rp0,True
2024-03-19,3,Sumatera Barat,17500.0,16000.0,1250.0,2,0.29,Rp50,True
2024-03-19,4,Riau,15450.0,16000.0,1250.0,4,0.0,Rp0,True
2024-03-19,5,Kepulauan Riau,14600.0,16000.0,1250.0,5,0.0,Rp0,True
2024-03-19,6,Jambi,14750.0,16000.0,1250.0,5,0.0,Rp0,True
2024-03-19,7,Bengkulu,15900.0,16000.0,1250.0,4,0.0,Rp0,True
2024-03-19,8,Sumatera Selatan,15400.0,16000.0,1250.0,4,0.0,Rp0,True
2024-03-19,9,Kepulauan Bangka Belitung,16350.0,16000.0,1250.0,3,0.31,Rp50,True
2024-03-19,10,Lampung,14650.0,16000.0,1250.0,5,0.0,Rp0,True
2024-03-19,11,Banten,16250.0,16000.0,1250.0,3,0.0,Rp0,True
2024-03-19,12,Jawa Barat,15750.0,16000.0,1250.0,4,0.0,Rp0,True
2024-03-19,13,DKI Jakarta,16150.0,16000.0,1250.0,3,0.0,Rp0,True
2024-03-19,14,Jawa Tengah,15400.0,16000.0,1250.0,4,0.0,Rp0,True
2024-03-19,15,DI Yogyakarta,15150.0,16000.0,1250.0,4,0.0,Rp0,True
2024-03-19,16,Jawa Timur,15200.0,16000.0,1250.0,4,0.0,Rp0,True
2024-03-19,17,Bali,15950.0,16000.0,1250.0,4,0.0,Rp0,True
2024-03-19,18,Nusa Tenggara Barat,14450.0,16000.0,1250.0,5,-0.34,-Rp50,True
2024-03-19,19,Nusa Tenggara Timur,16150.0,16000.0,1250.0,3,0.0,Rp0,True
2024-03-19,20,Kalimantan Barat,16400.0,16000.0,1250.0,3,0.0,Rp0,True
2024-03-19,21,Kalimantan Selatan,18550.0,16000.0,1250.0,1,0.0,Rp0,True
2024-03-19,22,Kalimantan Tengah,19550.0,16000.0,1250.0,1,0.26,Rp50,True
2024-03-19,23,Kalimantan Timur,16550.0,16000.0,1250.0,3,0.0,Rp0,True
2024-03-19,24,Kalimantan Utara,16850.0,16000.0,1250.0,3,0.0,Rp0,True
2024-03-19,25,Gorontalo,18000.0,16000.0,1250.0,2,0.0,Rp0,True
2024-03-19,26,Sulawesi Selatan,14200.0,16000.0,1250.0,5,0.0,Rp0,True
2024-03-19,27,Sulawesi Tenggara,16300.0,16000.0,1250.0,3,-0.31,-Rp50,True
2024-03-19,28,Sulawesi Tengah,16700.0,16000.0,1250.0,3,0.0,Rp0,True
2024-03-19,29,Sulawesi Utara,16350.0,16000.0,1250.0,3,1.24,Rp200,True
2024-03-19,30,Sulawesi Barat,15150.0,16000.0,1250.0,4,0.0,Rp0,True
2024-03-19,31,Maluku,15850.0,16000.0,1250.0,4,0.0,Rp0,True
2024-03-19,32,Maluku Utara,16850.0,16000.0,1250.0,3,0.0,Rp0,True
2024-03-19,33,Papua,17400.0,16000.0,1250.0,2,0.0,Rp0,True
2024-03-19,34,Papua Barat,16450.0,16000.0,1250.0,3,0.0,Rp0,True
2024-03-20,1,Aceh,13800.0,16000.0,1250.0,5,0.0,Rp0,True
2024-03-20,2,Sumatera Utara,13800.0,16000.0,1250.0,5,0.0,Rp0,True
2024-03-20,3,Sumatera Barat,17500.0,16000.0,1250.0,2,0.0,Rp0,True
2024-03-20,4,Riau,15450.0,16000.0,1250.0,4,0.0,Rp0,True
2024-03-20,5,Kepulauan Riau,14600.0,16000.0,1250.0,5,0.0,Rp0,True
2024-03-20,6,Jambi,14750.0,16000.0,1250.0,5,0.0,Rp0,True
2024-03-20,7,Bengkulu,15900.0,16000.0,1250.0,4,0.0,Rp0,True
2024-03-20,8,Sumatera Selatan,15350.0,16000.0,1250.0,4,-0.32,-Rp50,True
2024-03-20,9,Kepulauan Bangka Belitung,16350.0,16000.0,1250.0,3,0.0,Rp0,True
2024-03-20,10,Lampung,14550.0,16000.0,1250.0,5,-0.68,-Rp100,True
2024-03-20,11,Banten,16250.0,16000.0,1250.0,3,0.0,Rp0,True
2024-03-20,12,Jawa Barat,15750.0,16000.0,1250.0,4,0.0,Rp0,True
2024-03-20,13,DKI Jakarta,16150.0,16000.0,1250.0,3,0.0,Rp0,True
2024-03-20,14,Jawa Tengah,15350.0,16000.0,1250.0,4,-0.32,-Rp50,True
2024-03-20,15,DI Yogyakarta,15150.0,16000.0,1250.0,4,0.0,Rp0,True
2024-03-20,16,Jawa Timur,15200.0,16000.0,1250.0,4,0.0,Rp0,True
2024-03-20,17,Bali,15950.0,16000.0,1250.0,4,0.0,Rp0,True
2024-03-20,18,Nusa Tenggara Barat,14450.0,16000.0,1250.0,5,0.0,Rp0,True
2024-03-20,19,Nusa Tenggara Timur,16200.0,16000.0,1250.0,3,0.31,Rp50,True
2024-03-20,20,Kalimantan Barat,16400.0,16000.0,1250.0,3,0.0,Rp0,True
2024-03-20,21,Kalimantan Selatan,18550.0,16000.0,1250.0,1,0.0,Rp0,True
2024-03-20,22,Kalimantan Tengah,19550.0,16000.0,1250.0,1,0.0,Rp0,True
2024-03-20,23,Kalimantan Timur,16600.0,16000.0,1250.0,3,0.3,Rp50,True
2024-03-20,24,Kalimantan Utara,16850.0,16000.0,1250.0,3,0.0,Rp0,True
2024-03-20,25,Gorontalo,17950.0,16000.0,1250.0,2,-0.28,-Rp50,True
2024-03-20,26,Sulawesi Selatan,14200.0,16000.0,1250.0,5,0.0,Rp0,True
2024-03-20,27,Sulawesi Tenggara,16300.0,16000.0,1250.0,3,0.0,Rp0,True
2024-03-20,28,Sulawesi Tengah,16700.0,16000.0,1250.0,3,0.0,Rp0,True
2024-03-20,29,Sulawesi Utara,16250.0,16000.0,1250.0,3,-0.61,-Rp100,True
2024-03-20,30,Sulawesi Barat,15150.0,16000.0,1250.0,4,0.0,Rp0,True
2024-03-20,31,Maluku,15850.0,16000.0,1250.0,4,0.0,Rp0,True
2024-03-20,32,Maluku Utara,16850.0,16000.0,1250.0,3,0.0,Rp0,True
2024-03-20,33,Papua,17400.0,16000.0,1250.0,2,0.0,Rp0,True
2024-03-20,34,Papua Barat,16450.0,16000.0,1250.0,3,0.0,Rp0,True
2024-03-21,1,Aceh,13800.0,15950.0,1250.0,5,0.0,Rp0,True
2024-03-21,2,Sumatera Utara,13800.0,15950.0,1250.0,5,0.0,Rp0,True
2024-03-21,3,Sumatera Barat,17500.0,15950.0,1250.0,2,0.0,Rp0,True
2024-03-21,4,Riau,15450.0,15950.0,1250.0,4,0.0,Rp0,True
2024-03-21,5,Kepulauan Riau,14600.0,15950.0,1250.0,5,0.0,Rp0,True
2024-03-21,6,Jambi,14750.0,15950.0,1250.0,5,0.0,Rp0,True
2024-03-21,7,Bengkulu,15900.0,15950.0,1250.0,4,0.0,Rp0,True
2024-03-21,8,Sumatera Selatan,15350.0,15950.0,1250.0,4,0.0,Rp0,True
2024-03-21,9,Kepulauan Bangka Belitung,16350.0,15950.0,1250.0,3,0.0,Rp0,True
2024-03-21,10,Lampung,14450.0,15950.0,1250.0,5,-0.69,-Rp100,True
2024-03-21,11,Banten,16250.0,15950.0,1250.0,3,0.0,Rp0,True
2024-03-21,12,Jawa Barat,15750.0,15950.0,1250.0,4,0.0,Rp0,True
2024-03-21,13,DKI Jakarta,16150.0,15950.0,1250.0,3,0.0,Rp0,True
2024-03-21,14,Jawa Tengah,15350.0,15950.0,1250.0,4,0.0,Rp0,True
2024-03-21,15,DI Yogyakarta,15150.0,15950.0,1250.0,4,0.0,Rp0,True
2024-03-21,16,Jawa Timur,15200.0,15950.0,1250.0,4,0.0,Rp0,True
2024-03-21,17,Bali,15800.0,15950.0,1250.0,4,-0.94,-Rp150,True
2024-03-21,18,Nusa Tenggara Barat,14450.0,15950.0,1250.0,5,0.0,Rp0,True
2024-03-21,19,Nusa Tenggara Timur,16200.0,15950.0,1250.0,3,0.0,Rp0,True
2024-03-21,20,Kalimantan Barat,16400.0,15950.0,1250.0,3,0.0,Rp0,True
2024-03-21,21,Kalimantan Selatan,18550.0,15950.0,1250.0,1,0.0,Rp0,True
2024-03-21,22,Kalimantan Tengah,19550.0,15950.0,1250.0,1,0.0,Rp0,True
2024-03-21,23,Kalimantan Timur,16600.0,15950.0,1250.0,3,0.0,Rp0,True
2024-03-21,24,Kalimantan Utara,16850.0,15950.0,1250.0,3,0.0,Rp0,True
2024-03-21,25,Gorontalo,17050.0,15950.0,1250.0,3,-5.01,-Rp900,True
2024-03-21,26,Sulawesi Selatan,14200.0,15950.0,1250.0,5,0.0,Rp0,True
2024-03-21,27,Sulawesi Tenggara,16300.0,15950.0,1250.0,3,0.0,Rp0,True
2024-03-21,28,Sulawesi Tengah,16700.0,15950.0,1250.0,3,0.0,Rp0,True
2024-03-21,29,Sulawesi Utara,16350.0,15950.0,1250.0,3,0.62,Rp100,True
2024-03-21,30,Sulawesi Barat,15150.0,15950.0,1250.0,4,0.0,Rp0,True
2024-03-21,31,Maluku,15850.0,15950.0,1250.0,4,0.0,Rp0,True
2024-03-21,32,Maluku Utara,16850.0,15950.0,1250.0,3,0.0,Rp0,True
2024-03-21,33,Papua,17400.0,15950.0,1250.0,2,0.0,Rp0,True
2024-03-21,34,Papua Barat,16450.0,15950.0,1250.0,3,0.0,Rp0,True
2024-03-22,1,Aceh,13800.0,15950.0,1250.0,5,0.0,Rp0,True
2024-03-22,2,Sumatera Utara,13800.0,15950.0,1250.0,5,0.0,Rp0,True
2024-03-22,3,Sumatera Barat,17500.0,15950.0,1250.0,2,0.0,Rp0,True
2024-03-22,4,Riau,15450.0,15950.0,1250.0,4,0.0,Rp0,True
2024-03-22,5,Kepulauan Riau,14600.0,15950.0,1250.0,5,0.0,Rp0,True
2024-03-22,6,Jambi,14750.0,15950.0,1250.0,5,0.0,Rp0,True
2024-03-22,7,Bengkulu,15900.0,15950.0,1250.0,4,0.0,Rp0,True
2024-03-22,8,Sumatera Selatan,15350.0,15950.0,1250.0,4,0.0,Rp0,True
2024-03-22,9,Kepulauan Bangka Belitung,16300.0,15950.0,1250.0,3,-0.31,-Rp50,True
2024-03-22,10,Lampung,14500.0,15950.0,1250.0,5,0.35,Rp50,True
2024-03-22,11,Banten,16250.0,15950.0,1250.0,3,0.0,Rp0,True
2024-03-22,12,Jawa Barat,15750.0,15950.0,1250.0,4,0.0,Rp0,True
2024-03-22,13,DKI Jakarta,16150.0,15950.0,1250.0,3,0.0,Rp0,True
2024-03-22,14,Jawa Tengah,15350.0,15950.0,1250.0,4,0.0,Rp0,True
2024-03-22,15,DI Yogyakarta,15150.0,15950.0,1250.0,4,0.0,Rp0,True
2024-03-22,16,Jawa Timur,15200.0,15950.0,1250.0,4,0.0,Rp0,True
2024-03-22,17,Bali,15800.0,15950.0,1250.0,4,0.0,Rp0,True
2024-03-22,18,Nusa Tenggara Barat,14300.0,15950.0,1250.0,5,-1.04,-Rp150,True
2024-03-22,19,Nusa Tenggara Timur,16200.0,15950.0,1250.0,3,0.0,Rp0,True
2024-03-22,20,Kalimantan Barat,16400.0,15950.0,1250.0,3,0.0,Rp0,True
2024-03-22,21,Kalimantan Selatan,18550.0,15950.0,1250.0,1,0.0,Rp0,True
2024-03-22,22,Kalimantan Tengah,19550.0,15950.0,1250.0,1,0.0,Rp0,True
2024-03-22,23,Kalimantan Timur,16600.0,15950.0,1250.0,3,0.0,Rp0,True
2024-03-22,24,Kalimantan Utara,16850.0,15950.0,1250.0,3,0.0,Rp0,True
2024-03-22,25,Gorontalo,17800.0,15950.0,1250.0,2,4.4,Rp750,True
2024-03-22,26,Sulawesi Selatan,14200.0,15950.0,1250.0,5,0.0,Rp0,True
2024-03-22,27,Sulawesi Tenggara,16300.0,15950.0,1250.0,3,0.0,Rp0,True
2024-03-22,28,Sulawesi Tengah,16700.0,15950.0,1250.0,3,0.0,Rp0,True
2024-03-22,29,Sulawesi Utara,15750.0,15950.0,1250.0,4,-3.67,-Rp600,True
2024-03-22,30,Sulawesi Barat,15150.0,15950.0,1250.0,4,0.0,Rp0,True
2024-03-22,31,Maluku,15850.0,15950.0,1250.0,4,0.0,Rp0,True
2024-03-22,32,Maluku Utara,16850.0,15950.0,1250.0,3,0.0,Rp0,True
2024-03-22,33,Papua,17400.0,15950.0,1250.0,2,0.0,Rp0,True
2024-03-22,34,Papua Barat,16450.0,15950.0,1250.0,3,0.0,Rp0,True
2024-03-23,1,Aceh,13800.0,15950.0,1250.0,5,0.0,Rp0,True
2024-03-23,2,Sumatera Utara,13800.0,15950.0,1250.0,5,0.0,Rp0,True
2024-03-23,3,Sumatera Barat,17500.0,15950.0,1250.0,2,0.0,Rp0,True
2024-03-23,4,Riau,15450.0,15950.0,1250.0,4,0.0,Rp0,True
2024-03-23,5,Kepulauan Riau,14600.0,15950.0,1250.0,5,0.0,Rp0,True
2024-03-23,6,Jambi,14750.0,15950.0,1250.0,5,0.0,Rp0,True
2024-03-23,7,Bengkulu,15900.0,15950.0,1250.0,4,0.0,Rp0,True
2024-03-23,8,Sumatera Selatan,15350.0,15950.0,1250.0,4,0.0,Rp0,True
2024-03-23,9,Kepulauan Bangka Belitung,16300.0,15950.0,1250.0,3,-0.31,-Rp50,True
2024-03-23,10,Lampung,14500.0,15950.0,1250.0,5,0.35,Rp50,True
2024-03-23,11,Banten,16250.0,15950.0,1250.0,3,0.0,Rp0,True
2024-03-23,12,Jawa Barat,15750.0,15950.0,1250.0,4,0.0,Rp0,True
2024-03-23,13,DKI Jakarta,16150.0,15950.0,1250.0,3,0.0,Rp0,True
2024-03-23,14,Jawa Tengah,15350.0,15950.0,1250.0,4,0.0,Rp0,True
2024-03-23,15,DI Yogyakarta,15150.0,15950.0,1250.0,4,0.0,Rp0,True
2024-03-23,16,Jawa Timur,15200.0,15950.0,1250.0,4,0.0,Rp0,True
2024-03-23,17,Bali,15800.0,15950.0,1250.0,4,0.0,Rp0,True
2024-03-23,18,Nusa Tenggara Barat,14300.0,15950.0,1250.0,5,-1.04,-Rp150,True
2024-03-23,19,Nusa Tenggara Timur,16200.0,15950.0,1250.0,3,0.0,Rp0,True
2024-03-23,20,Kalimantan Barat,16400.0,15950.0,1250.0,3,0.0,Rp0,True
2024-03-23,21,Kalimantan Selatan,18550.0,15950.0,1250.0,1,0.0,Rp0,True
2024-03-23,22,Kalimantan Tengah,19550.0,15950.0,1250.0,1,0.0,Rp0,True
2024-03-23,23,Kalimantan Timur,16600.0,15950.0,1250.0,3,0.0,Rp0,True
2024-03-23,24,Kalimantan Utara,16850.0,15950.0,1250.0,3,0.0,Rp0,True
2024-03-23,25,Gorontalo,17800.0,15950.0,1250.0,2,4.4,Rp750,True
2024-03-23,26,Sulawesi Selatan,14200.0,15950.0,1250.0,5,0.0,Rp0,True
2024-03-23,27,Sulawesi Tenggara,16300.0,15950.0,1250.0,3,0.0,Rp0,True
2024-03-23,28,Sulawesi Tengah,16700.0,15950.0,1250.0,3,0.0,Rp0,True
2024-03-23,29,Sulawesi Utara,15750.0,15950.0,1250.0,4,-3.67,-Rp600,True
2024-03-23,30,Sulawesi Barat,15150.0,15950.0,1250.0,4,0.0,Rp0,True
2024-03-23,31,Maluku,15850.0,15950.0,1250.0,4,0.0,Rp0,True
2024-03-23,32,Maluku Utara,16850.0,15950.0,1250.0,3,0.0,Rp0,True
2024-03-23,33,Papua,17400.0,15950.0,1250.0,2,0.0,Rp0,True
2024-03-23,34,Papua Barat,16450.0,15950.0,1250.0,3,0.0,Rp0,True
2024-03-24,1,Aceh,13800.0,15950.0,1250.0,5,0.0,Rp0,True
2024-03-24,2,Sumatera Utara,13800.0,15950.0,1250.0,5,0.0,Rp0,True
2024-03-24,3,Sumatera Barat,17500.0,15950.0,1250.0,2,0.0,Rp0,True
2024-03-24,4,Riau,15450.0,15950.0,1250.0,4,0.0,Rp0,True
2024-03-24,5,Kepulauan Riau,14600.0,15950.0,1250.0,5,0.0,Rp0,True
2024-03-24,6,Jambi,14750.0,15950.0,1250.0,5,0.0,Rp0,True
2024-03-24,7,Bengkulu,15900.0,15950.0,1250.0,4,0.0,Rp0,True
2024-03-24,8,Sumatera Selatan,15350.0,15950.0,1250.0,4,0.0,Rp0,True
2024-03-24,9,Kepulauan Bangka Belitung,16300.0,15950.0,1250.0,3,-0.31,-Rp50,True
2024-03-24,10,Lampung,14500.0,15950.0,1250.0,5,0.35,Rp50,True
2024-03-24,11,Banten,16250.0,15950.0,1250.0,3,0.0,Rp0,True
2024-03-24,12,Jawa Barat,15750.0,15950.0,1250.0,4,0.0,Rp0,True
2024-03-24,13,DKI Jakarta,16150.0,15950.0,1250.0,3,0.0,Rp0,True
2024-03-24,14,Jawa Tengah,15350.0,15950.0,1250.0,4,0.0,Rp0,True
2024-03-24,15,DI Yogyakarta,15150.0,15950.0,1250.0,4,0.0,Rp0,True
2024-03-24,16,Jawa Timur,15200.0,15950.0,1250.0,4,0.0,Rp0,True
2024-03-24,17,Bali,15800.0,15950.0,1250.0,4,0.0,Rp0,True
2024-03-24,18,Nusa Tenggara Barat,14300.0,15950.0,1250.0,5,-1.04,-Rp150,True
2024-03-24,19,Nusa Tenggara Timur,16200.0,15950.0,1250.0,3,0.0,Rp0,True
2024-03-24,20,Kalimantan Barat,16400.0,15950.0,1250.0,3,0.0,Rp0,True
2024-03-24,21,Kalimantan Selatan,18550.0,15950.0,1250.0,1,0.0,Rp0,True
2024-03-24,22,Kalimantan Tengah,19550.0,15950.0,1250.0,1,0.0,Rp0,True
2024-03-24,23,Kalimantan Timur,16600.0,15950.0,1250.0,3,0.0,Rp0,True
2024-03-24,24,Kalimantan Utara,16850.0,15950.0,1250.0,3,0.0,Rp0,True
2024-03-24,25,Gorontalo,17800.0,15950.0,1250.0,2,4.4,Rp750,True
2024-03-24,26,Sulawesi Selatan,14200.0,15950.0,1250.0,5,0.0,Rp0,True
2024-03-24,27,Sulawesi Tenggara,16300.0,15950.0,1250.0,3,0.0,Rp0,True
2024-03-24,28,Sulawesi Tengah,16700.0,15950.0,1250.0,3,0.0,Rp0,True
2024-03-24,29,Sulawesi Utara,15750.0,15950.0,1250.0,4,-3.67,-Rp600,True
2024-03-24,30,Sulawesi Barat,15150.0,15950.0,1250.0,4,0.0,Rp0,True
2024-03-24,31,Maluku,15850.0,15950.0,1250.0,4,0.0,Rp0,True
2024-03-24,32,Maluku Utara,16850.0,15950.0,1250.0,3,0.0,Rp0,True
2024-03-24,33,Papua,17400.0,15950.0,1250.0,2,0.0,Rp0,True
2024-03-24,34,Papua Barat,16450.0,15950.0,1250.0,3,0.0,Rp0,True
2024-03-25,1,Aceh,13800.0,15950.0,1250.0,5,0.0,Rp0,True
2024-03-25,2,Sumatera Utara,13800.0,15950.0,1250.0,5,0.0,Rp0,True
2024-03-25,3,Sumatera Barat,17500.0,15950.0,1250.0,2,0.0,Rp0,True
2024-03-25,4,Riau,15450.0,15950.0,1250.0,4,0.0,Rp0,True
2024-03-25,5,Kepulauan Riau,14600.0,15950.0,1250.0,5,0.0,Rp0,True
2024-03-25,6,Jambi,14750.0,15950.0,1250.0,5,0.0,Rp0,True
2024-03-25,7,Bengkulu,15900.0,15950.0,1250.0,4,0.0,Rp0,True
2024-03-25,8,Sumatera Selatan,15350.0,15950.0,1250.0,4,0.0,Rp0,True
2024-03-25,9,Kepulauan Bangka Belitung,16300.0,15950.0,1250.0,3,0.0,Rp0,True
2024-03-25,10,Lampung,14450.0,15950.0,1250.0,5,-0.34,-Rp50,True
2024-03-25,11,Banten,16250.0,15950.0,1250.0,3,0.0,Rp0,True
2024-03-25,12,Jawa Barat,15700.0,15950.0,1250.0,4,-0.32,-Rp50,True
2024-03-25,13,DKI Jakarta,16150.0,15950.0,1250.0,3,0.0,Rp0,True
2024-03-25,14,Jawa Tengah,15350.0,15950.0,1250.0,4,0.0,Rp0,True
2024-03-25,15,DI Yogyakarta,15150.0,15950.0,1250.0,4,0.0,Rp0,True
2024-03-25,16,Jawa Timur,15150.0,15950.0,1250.0,4,-0.33,-Rp50,True
2024-03-25,17,Bali,15800.0,15950.0,1250.0,4,0.0,Rp0,True
2024-03-25,18,Nusa Tenggara Barat,14150.0,15950.0,1250.0,5,-1.05,-Rp150,True
2024-03-25,19,Nusa Tenggara Timur,16200.0,15950.0,1250.0,3,0.0,Rp0,True
2024-03-25,20,Kalimantan Barat,16400.0,15950.0,1250.0,3,0.0,Rp0,True
2024-03-25,21,Kalimantan Selatan,18550.0,15950.0,1250.0,1,0.0,Rp0,True
2024-03-25,22,Kalimantan Tengah,19550.0,15950.0,1250.0,1,0.0,Rp0,True
2024-03-25,23,Kalimantan Timur,16550.0,15950.0,1250.0,3,-0.3,-Rp50,True
2024-03-25,24,Kalimantan Utara,17000.0,15950.0,1250.0,3,0.89,Rp150,True
2024-03-25,25,Gorontalo,17200.0,15950.0,1250.0,3,-3.37,-Rp600,True
2024-03-25,26,Sulawesi Selatan,14150.0,15950.0,1250.0,5,-0.35,-Rp50,True
2024-03-25,27,Sulawesi Tenggara,16150.0,15950.0,1250.0,3,-0.92,-Rp150,True
2024-03-25,28,Sulawesi Tengah,16750.0,15950.0,1250.0,3,0.3,Rp50,True
2024-03-25,29,Sulawesi Utara,16500.0,15950.0,1250.0,3,4.76,Rp750,True
2024-03-25,30,Sulawesi Barat,14700.0,15950.0,1250.0,5,-2.97,-Rp450,True
2024-03-25,31,Maluku,15850.0,15950.0,1250.0,4,0.0,Rp0,True
2024-03-25,32,Maluku Utara,16850.0,15950.0,1250.0,3,0.0,Rp0,True
2024-03-25,33,Papua,17400.0,15950.0,1250.0,2,0.0,Rp0,True
2024-03-25,34,Papua Barat,16450.0,15950.0,1250.0,3,0.0,Rp0,True
2024-03-26,1,Aceh,13800.0,15900.0,1250.0,5,0.0,Rp0,True
2024-03-26,2,Sumatera Utara,13800.0,15900.0,1250.0,5,0.0,Rp0,True
2024-03-26,3,Sumatera Barat,17500.0,15900.0,1250.0,2,0.0,Rp0,True
2024-03-26,4,Riau,15450.0,15900.0,1250.0,4,0.0,Rp0,True
2024-03-26,5,Kepulauan Riau,14600.0,15900.0,1250.0,5,0.0,Rp0,True
2024-03-26,6,Jambi,14750.0,15900.0,1250.0,5,0.0,Rp0,True
2024-03-26,7,Bengkulu,15900.0,15900.0,1250.0,4,0.0,Rp0,True
2024-03-26,8,Sumatera Selatan,15350.0,15900.0,1250.0,4,0.0,Rp0,True
2024-03-26,9,Kepulauan Bangka Belitung,16300.0,15900.0,1250.0,3,0.0,Rp0,True
2024-03-26,10,Lampung,14500.0,15900.0,1250.0,5,0.35,Rp50,True
2024-03-26,11,Banten,15950.0,15900.0,1250.0,4,-1.85,-Rp300,True
2024-03-26,12,Jawa Barat,15650.0,15900.0,1250.0,4,-0.32,-Rp50,True
2024-03-26,13,DKI Jakarta,16150.0,15900.0,1250.0,3,0.0,Rp0,True
2024-03-26,14,Jawa Tengah,15300.0,15900.0,1250.0,4,-0.33,-Rp50,True
2024-03-26,15,DI Yogyakarta,15150.0,15900.0,1250.0,4,0.0,Rp0,True
2024-03-26,16,Jawa Timur,15100.0,15900.0,1250.0,4,-0.33,-Rp50,True
2024-03-26,17,Bali,15800.0,15900.0,1250.0,4,0.0,Rp0,True
2024-03-26,18,Nusa Tenggara Barat,14050.0,15900.0,1250.0,5,-0.71,-Rp100,True
2024-03-26,19,Nusa Tenggara Timur,16200.0,15900.0,1250.0,3,0.0,Rp0,True
2024-03-26,20,Kalimantan Barat,16350.0,15900.0,1250.0,3,-0.3,-Rp50,True
2024-03-26,21,Kalimantan Selatan,18600.0,15900.0,1250.0,1,0.27,Rp50,True
2024-03-26,22,Kalimantan Tengah,19550.0,15900.0,1250.0,1,0.0,Rp0,True
2024-03-26,23,Kalimantan Timur,16450.0,15900.0,1250.0,3,-0.6,-Rp100,True
2024-03-26,24,Kalimantan Utara,17000.0,15900.0,1250.0,3,0.0,Rp0,True
2024-03-26,25,Gorontalo,16350.0,15900.0,1250.0,3,-4.94,-Rp850,True
2024-03-26,26,Sulawesi Selatan,14150.0,15900.0,1250.0,5,0.0,Rp0,True
2024-03-26,27,Sulawesi Tenggara,16150.0,15900.0,1250.0,3,0.0,Rp0,True
2024-03-26,28,Sulawesi Tengah,16750.0,15900.0,1250.0,3,0.0,Rp0,True
2024-03-26,29,Sulawesi Utara,15850.0,15900.0,1250.0,4,-3.94,-Rp650,True
2024-03-26,30,Sulawesi Barat,14700.0,15900.0,1250.0,5,0.0,Rp0,True
2024-03-26,31,Maluku,15850.0,15900.0,1250.0,4,0.0,Rp0,True
2024-03-26,32,Maluku Utara,16850.0,15900.0,1250.0,3,0.0,Rp0,True
2024-03-26,33,Papua,17400.0,15900.0,1250.0,2,0.0,Rp0,True
2024-03-26,34,Papua Barat,16450.0,15900.0,1250.0,3,0.0,Rp0,True
2024-03-27,1,Aceh,13800.0,15900.0,1300.0,5,0.0,Rp0,True
2024-03-27,2,Sumatera Utara,13800.0,15900.0,1300.0,5,0.0,Rp0,True
2024-03-27,3,Sumatera Barat,17500.0,15900.0,1300.0,2,0.0,Rp0,True
2024-03-27,4,Riau,15450.0,15900.0,1300.0,4,0.0,Rp0,True
2024-03-27,5,Kepulauan Riau,14600.0,15900.0,1300.0,5,0.0,Rp0,True
2024-03-27,6,Jambi,14750.0,15900.0,1300.0,5,0.0,Rp0,True
2024-03-27,7,Bengkulu,15900.0,15900.0,1300.0,4,0.0,Rp0,True
2024-03-27,8,Sumatera Selatan,15350.0,15900.0,1300.0,4,0.0,Rp0,True
2024-03-27,9,Kepulauan Bangka Belitung,16300.0,15900.0,1300.0,3,0.0,Rp0,True
2024-03-27,10,Lampung,14550.0,15900.0,1300.0,5,0.34,Rp50,True
2024-03-27,11,Banten,15800.0,15900.0,1300.0,4,-0.94,-Rp150,True
2024-03-27,12,Jawa Barat,15650.0,15900.0,1300.0,4,0.0,Rp0,True
2024-03-27,13,DKI Jakarta,16150.0,15900.0,1300.0,3,0.0,Rp0,True
2024-03-27,14,Jawa Tengah,15300.0,15900.0,1300.0,4,0.0,Rp0,True
2024-03-27,15,DI Yogyakarta,15150.0,15900.0,1300.0,4,0.0,Rp0,True
2024-03-27,16,Jawa Timur,15050.0,15900.0,1300.0,4,-0.33,-Rp50,True
2024-03-27,17,Bali,15800.0,15900.0,1300.0,4,0.0,Rp0,True
2024-03-27,18,Nusa Tenggara Barat,13900.0,15900.0,1300.0,5,-1.07,-Rp150,True
2024-03-27,19,Nusa Tenggara Timur,16250.0,15900.0,1300.0,3,0.31,Rp50,True
2024-03-27,20,Kalimantan Barat,16350.0,15900.0,1300.0,3,0.0,Rp0,True
2024-03-27,21,Kalimantan Selatan,18600.0,15900.0,1300.0,1,0.0,Rp0,True
2024-03-27,22,Kalimantan Tengah,19550.0,15900.0,1300.0,1,0.0,Rp0,True
2024-03-27,23,Kalimantan Timur,16450.0,15900.0,1300.0,3,0.0,Rp0,True
2024-03-27,24,Kalimantan Utara,17050.0,15900.0,1300.0,3,0.29,Rp50,True
2024-03-27,25,Gorontalo,17100.0,15900.0,1300.0,3,4.59,Rp750,True
2024-03-27,26,Sulawesi Selatan,14100.0,15900.0,1300.0,5,-0.35,-Rp50,True
2024-03-27,27,Sulawesi Tenggara,16100.0,15900.0,1300.0,4,-0.31,-Rp50,True
2024-03-27,28,Sulawesi Tengah,16750.0,15900.0,1300.0,3,0.0,Rp0,True
2024-03-27,29,Sulawesi Utara,16300.0,15900.0,1300.0,3,2.84,Rp450,True
2024-03-27,30,Sulawesi Barat,14700.0,15900.0,1300.0,5,0.0,Rp0,True
2024-03-27,31,Maluku,15850.0,15900.0,1300.0,4,0.0,Rp0,True
2024-03-27,32,Maluku Utara,16850.0,15900.0,1300.0,3,0.0,Rp0,True
2024-03-27,33,Papua,17400.0,15900.0,1300.0,2,0.0,Rp0,True
2024-03-27,34,Papua Barat,16450.0,15900.0,1300.0,3,0.0,Rp0,True
2024-03-28,1,Aceh,13800.0,15900.0,1250.0,5,0.0,Rp0,True
2024-03-28,2,Sumatera Utara,13800.0,15900.0,1250.0,5,0.0,Rp0,True
2024-03-28,3,Sumatera Barat,17500.0,15900.0,1250.0,2,0.0,Rp0,True
2024-03-28,4,Riau,15500.0,15900.0,1250.0,4,0.32,Rp50,True
2024-03-28,5,Kepulauan Riau,14600.0,15900.0,1250.0,5,0.0,Rp0,True
2024-03-28,6,Jambi,14750.0,15900.0,1250.0,5,0.0,Rp0,True
2024-03-28,7,Bengkulu,15900.0,15900.0,1250.0,4,0.0,Rp0,True
2024-03-28,8,Sumatera Selatan,15350.0,15900.0,1250.0,4,0.0,Rp0,True
2024-03-28,9,Kepulauan Bangka Belitung,16300.0,15900.0,1250.0,3,0.0,Rp0,True
2024-03-28,10,Lampung,15000.0,15900.0,1250.0,4,3.09,Rp450,True
2024-03-28,11,Banten,15800.0,15900.0,1250.0,4,0.0,Rp0,True
2024-03-28,12,Jawa Barat,15650.0,15900.0,1250.0,4,0.0,Rp0,True
2024-03-28,13,DKI Jakarta,16150.0,15900.0,1250.0,3,0.0,Rp0,True
2024-03-28,14,Jawa Tengah,15250.0,15900.0,1250.0,4,-0.33,-Rp50,True
2024-03-28,15,DI Yogyakarta,15150.0,15900.0,1250.0,4,0.0,Rp0,True
2024-03-28,16,Jawa Timur,14950.0,15900.0,1250.0,5,-0.66,-Rp100,True
2024-03-28,17,Bali,15800.0,15900.0,1250.0,4,0.0,Rp0,True
2024-03-28,18,Nusa Tenggara Barat,13900.0,15900.0,1250.0,5,0.0,Rp0,True
2024-03-28,19,Nusa Tenggara Timur,16200.0,15900.0,1250.0,3,-0.31,-Rp50,True
2024-03-28,20,Kalimantan Barat,16350.0,15900.0,1250.0,3,0.0,Rp0,True
2024-03-28,21,Kalimantan Selatan,18600.0,15900.0,1250.0,1,0.0,Rp0,True
2024-03-28,22,Kalimantan Tengah,19550.0,15900.0,1250.0,1,0.0,Rp0,True
2024-03-28,23,Kalimantan Timur,16450.0,15900.0,1250.0,3,0.0,Rp0,True
2024-03-28,24,Kalimantan Utara,17050.0,15900.0,1250.0,3,0.0,Rp0,True
2024-03-28,25,Gorontalo,16700.0,15900.0,1250.0,3,-2.34,-Rp400,True
2024-03-28,26,Sulawesi Selatan,14100.0,15900.0,1250.0,5,0.0,Rp0,True
2024-03-28,27,Sulawesi Tenggara,16050.0,15900.0,1250.0,4,-0.31,-Rp50,True
2024-03-28,28,Sulawesi Tengah,16750.0,15900.0,1250.0,3,0.0,Rp0,True
2024-03-28,29,Sulawesi Utara,16250.0,15900.0,1250.0,3,-0.31,-Rp50,True
2024-03-28,30,Sulawesi Barat,14700.0,15900.0,1250.0,5,0.0,Rp0,True
2024-03-28,31,Maluku,15850.0,15900.0,1250.0,4,0.0,Rp0,True
2024-03-28,32,Maluku Utara,16850.0,15900.0,1250.0,3,0.0,Rp0,True
2024-03-28,33,Papua,17400.0,15900.0,1250.0,2,0.0,Rp0,True
2024-03-28,34,Papua Barat,16450.0,15900.0,1250.0,3,0.0,Rp0,True
2024-03-29,1,Aceh,13800.0,15900.0,4700.0,5,0.0,Rp0,True
2024-03-29,2,Sumatera Utara,13800.0,15900.0,4700.0,5,0.0,Rp0,True
2024-03-29,3,Sumatera Barat,17500.0,15900.0,4700.0,2,0.0,Rp0,True
2024-03-29,4,Riau,15500.0,15900.0,4700.0,4,0.0,Rp0,True
2024-03-29,5,Kepulauan Riau,14600.0,15900.0,4700.0,5,0.0,Rp0,True
2024-03-29,6,Jambi,14750.0,15900.0,4700.0,5,0.0,Rp0,True
2024-03-29,7,Bengkulu,0.0,15900.0,4700.0,6,0.0,,False
2024-03-29,8,Sumatera Selatan,15350.0,15900.0,4700.0,4,0.0,Rp0,True
2024-03-29,9,Kepulauan Bangka Belitung,16300.0,15900.0,4700.0,3,0.0,Rp0,True
2024-03-29,10,Lampung,0.0,15900.0,4700.0,6,0.0,,False
2024-03-29,11,Banten,15800.0,15900.0,4700.0,4,0.0,Rp0,True
2024-03-29,12,Jawa Barat,15650.0,15900.0,4700.0,4,0.0,Rp0,True
2024-03-29,13,DKI Jakarta,16150.0,15900.0,4700.0,3,0.0,Rp0,True
2024-03-29,14,Jawa Tengah,15000.0,15900.0,4700.0,4,-1.64,-Rp250,True
2024-03-29,15,DI Yogyakarta,15150.0,15900.0,4700.0,4,0.0,Rp0,True
2024-03-29,16,Jawa Timur,14950.0,15900.0,4700.0,5,0.0,Rp0,True
2024-03-29,17,Bali,15800.0,15900.0,4700.0,4,0.0,Rp0,True
2024-03-29,18,Nusa Tenggara Barat,13900.0,15900.0,4700.0,5,0.0,Rp0,True
2024-03-29,19,Nusa Tenggara Timur,16200.0,15900.0,4700.0,3,0.0,Rp0,True
2024-03-29,20,Kalimantan Barat,16350.0,15900.0,4700.0,3,0.0,Rp0,True
2024-03-29,21,Kalimantan Selatan,18600.0,15900.0,4700.0,1,0.0,Rp0,True
2024-03-29,22,Kalimantan Tengah,19550.0,15900.0,4700.0,1,0.0,Rp0,True
2024-03-29,23,Kalimantan Timur,16450.0,15900.0,4700.0,3,0.0,Rp0,True
2024-03-29,24,Kalimantan Utara,17050.0,15900.0,4700.0,3,0.0,Rp0,True
2024-03-29,25,Gorontalo,16700.0,15900.0,4700.0,3,0.0,Rp0,True
2024-03-29,26,Sulawesi Selatan,14100.0,15900.0,4700.0,5,0.0,Rp0,True
2024-03-29,27,Sulawesi Tenggara,16050.0,15900.0,4700.0,4,0.0,Rp0,True
2024-03-29,28,Sulawesi Tengah,16750.0,15900.0,4700.0,3,0.0,Rp0,True
2024-03-29,29,Sulawesi Utara,16200.0,15900.0,4700.0,3,-0.31,-Rp50,True
2024-03-29,30,Sulawesi Barat,14700.0,15900.0,4700.0,5,0.0,Rp0,True
2024-03-29,31,Maluku,0.0,15900.0,4700.0,6,0.0,,False
2024-03-29,32,Maluku Utara,16850.0,15900.0,4700.0,3,0.0,Rp0,True
2024-03-29,33,Papua,17400.0,15900.0,4700.0,2,0.0,Rp0,True
2024-03-29,34,Papua Barat,16450.0,15900.0,4700.0,3,0.0,Rp0,True
2024-03-30,1,Aceh,13800.0,15900.0,4700.0,5,0.0,Rp0,True
2024-03-30,2,Sumatera Utara,13800.0,15900.0,4700.0,5,0.0,Rp0,True
2024-03-30,3,Sumatera Barat,17500.0,15900.0,4700.0,2,0.0,Rp0,True
2024-03-30,4,Riau,15500.0,15900.0,4700.0,4,0.0,Rp0,True
2024-03-30,5,Kepulauan Riau,14600.0,15900.0,4700.0,5,0.0,Rp0,True
2024-03-30,6,Jambi,14750.0,15900.0,4700.0,5,0.0,Rp0,True
2024-03-30,7,Bengkulu,0.0,15900.0,4700.0,6,0.0,,False
2024-03-30,8,Sumatera Selatan,15350.0,15900.0,4700.0,4,0.0,Rp0,True
2024-03-30,9,Kepulauan Bangka Belitung,16300.0,15900.0,4700.0,3,0.0,Rp0,True
2024-03-30,10,Lampung,0.0,15900.0,4700.0,6,0.0,,False
2024-03-30,11,Banten,15800.0,15900.0,4700.0,4,0.0,Rp0,True
2024-03-30,12,Jawa Barat,15650.0,15900.0,4700.0,4,0.0,Rp0,True
2024-03-30,13,DKI Jakarta,16150.0,15900.0,4700.0,3,0.0,Rp0,True
2024-03-30,14,Jawa Tengah,15000.0,15900.0,4700.0,4,-1.64,-Rp250,True
2024-03-30,15,DI Yogyakarta,15150.0,15900.0,4700.0,4,0.0,Rp0,True
2024-03-30,16,Jawa Timur,14950.0,15900.0,4700.0,5,0.0,Rp0,True
2024-03-30,17,Bali,15800.0,15900.0,4700.0,4,0.0,Rp0,True
2024-03-30,18,Nusa Tenggara Barat,13900.0,15900.0,4700.0,5,0.0,Rp0,True
2024-03-30,19,Nusa Tenggara Timur,16200.0,15900.0,4700.0,3,0.0,Rp0,True
2024-03-30,20,Kalimantan Barat,16350.0,15900.0,4700.0,3,0.0,Rp0,True
2024-03-30,21,Kalimantan Selatan,18600.0,15900.0,4700.0,1,0.0,Rp0,True
2024-03-30,22,Kalimantan Tengah,19550.0,15900.0,4700.0,1,0.0,Rp0,True
2024-03-30,23,Kalimantan Timur,16450.0,15900.0,4700.0,3,0.0,Rp0,True
2024-03-30,24,Kalimantan Utara,17050.0,15900.0,4700.0,3,0.0,Rp0,True
2024-03-30,25,Gorontalo,16700.0,15900.0,4700.0,3,0.0,Rp0,True
2024-03-30,26,Sulawesi Selatan,14100.0,15900.0,4700.0,5,0.0,Rp0,True
2024-03-30,27,Sulawesi Tenggara,16050.0,15900.0,4700.0,4,0.0,Rp0,True
2024-03-30,28,Sulawesi Tengah,16750.0,15900.0,4700.0,3,0.0,Rp0,True
2024-03-30,29,Sulawesi Utara,16200.0,15900.0,4700.0,3,-0.31,-Rp50,True
2024-03-30,30,Sulawesi Barat,14700.0,15900.0,4700.0,5,0.0,Rp0,True
2024-03-30,31,Maluku,0.0,15900.0,4700.0,6,0.0,,False
2024-03-30,32,Maluku Utara,16850.0,15900.0,4700.0,3,0.0,Rp0,True
2024-03-30,33,Papua,17400.0,15900.0,4700.0,2,0.0,Rp0,True
2024-03-30,34,Papua Barat,16450.0,15900.0,4700.0,3,0.0,Rp0,True
2024-03-31,1,Aceh,13800.0,15900.0,4700.0,5,0.0,Rp0,True
2024-03-31,2,Sumatera Utara,13800.0,15900.0,4700.0,5,0.0,Rp0,True
2024-03-31,3,Sumatera Barat,17500.0,15900.0,4700.0,2,0.0,Rp0,True
2024-03-31,4,Riau,15500.0,15900.0,4700.0,4,0.0,Rp0,True
2024-03-31,5,Kepulauan Riau,14600.0,15900.0,4700.0,5,0.0,Rp0,True
2024-03-31,6,Jambi,14750.0,15900.0,4700.0,5,0.0,Rp0,True
2024-03-31,7,Bengkulu,0.0,15900.0,4700.0,6,0.0,,False
2024-03-31,8,Sumatera Selatan,15350.0,15900.0,4700.0,4,0.0,Rp0,True
2024-03-31,9,Kepulauan Bangka Belitung,16300.0,15900.0,4700.0,3,0.0,Rp0,True
2024-03-31,10,Lampung,0.0,15900.0,4700.0,6,0.0,,False
2024-03-31,11,Banten,15800.0,15900.0,4700.0,4,0.0,Rp0,True
2024-03-31,12,Jawa Barat,15650.0,15900.0,4700.0,4,0.0,Rp0,True
2024-03-31,13,DKI Jakarta,16150.0,15900.0,4700.0,3,0.0,Rp0,True
2024-03-31,14,Jawa Tengah,15000.0,15900.0,4700.0,4,-1.64,-Rp250,True
2024-03-31,15,DI Yogyakarta,15150.0,15900.0,4700.0,4,0.0,Rp0,True
2024-03-31,16,Jawa Timur,14950.0,15900.0,4700.0,5,0.0,Rp0,True
2024-03-31,17,Bali,15800.0,15900.0,4700.0,4,0.0,Rp0,True
2024-03-31,18,Nusa Tenggara Barat,13900.0,15900.0,4700.0,5,0.0,Rp0,True
2024-03-31,19,Nusa Tenggara Timur,16200.0,15900.0,4700.0,3,0.0,Rp0,True
2024-03-31,20,Kalimantan Barat,16350.0,15900.0,4700.0,3,0.0,Rp0,True
2024-03-31,21,Kalimantan Selatan,18600.0,15900.0,4700.0,1,0.0,Rp0,True
2024-03-31,22,Kalimantan Tengah,19550.0,15900.0,4700.0,1,0.0,Rp0,True
2024-03-31,23,Kalimantan Timur,16450.0,15900.0,4700.0,3,0.0,Rp0,True
2024-03-31,24,Kalimantan Utara,17050.0,15900.0,4700.0,3,0.0,Rp0,True
2024-03-31,25,Gorontalo,16700.0,15900.0,4700.0,3,0.0,Rp0,True
2024-03-31,26,Sulawesi Selatan,14100.0,15900.0,4700.0,5,0.0,Rp0,True
2024-03-31,27,Sulawesi Tenggara,16050.0,15900.0,4700.0,4,0.0,Rp0,True
2024-03-31,28,Sulawesi Tengah,16750.0,15900.0,4700.0,3,0.0,Rp0,True
2024-03-31,29,Sulawesi Utara,16200.0,15900.0,4700.0,3,-0.31,-Rp50,True
2024-03-31,30,Sulawesi Barat,14700.0,15900.0,4700.0,5,0.0,Rp0,True
2024-03-31,31,Maluku,0.0,15900.0,4700.0,6,0.0,,False
2024-03-31,32,Maluku Utara,16850.0,15900.0,4700.0,3,0.0,Rp0,True
2024-03-31,33,Papua,17400.0,15900.0,4700.0,2,0.0,Rp0,True
2024-03-31,34,Papua Barat,16450.0,15900.0,4700.0,3,0.0,Rp0,True
2024-04-01,1,Aceh,13800.0,15850.0,1250.0,5,0.0,Rp0,True
2024-04-01,2,Sumatera Utara,13800.0,15850.0,1250.0,5,0.0,Rp0,True
2024-04-01,3,Sumatera Barat,17500.0,15850.0,1250.0,2,0.0,Rp0,True
2024-04-01,4,Riau,15500.0,15850.0,1250.0,4,0.0,Rp0,True
2024-04-01,5,Kepulauan Riau,14600.0,15850.0,1250.0,5,0.0,Rp0,True
2024-04-01,6,Jambi,14750.0,15850.0,1250.0,5,0.0,Rp0,True
2024-04-01,7,Bengkulu,15900.0,15850.0,1250.0,6,0.0,,True
2024-04-01,8,Sumatera Selatan,15350.0,15850.0,1250.0,4,0.0,Rp0,True
2024-04-01,9,Kepulauan Bangka Belitung,16300.0,15850.0,1250.0,3,0.0,Rp0,True
2024-04-01,10,Lampung,14900.0,15850.0,1250.0,6,0.0,,True
2024-04-01,11,Banten,15800.0,15850.0,1250.0,4,0.0,Rp0,True
2024-04-01,12,Jawa Barat,15600.0,15850.0,1250.0,4,-0.32,-Rp50,True
2024-04-01,13,DKI Jakarta,16050.0,15850.0,1250.0,3,-0.62,-Rp100,True
2024-04-01,14,Jawa Tengah,15200.0,15850.0,1250.0,4,1.33,Rp200,True
2024-04-01,15,DI Yogyakarta,15150.0,15850.0,1250.0,4,0.0,Rp0,True
2024-04-01,16,Jawa Timur,14950.0,15850.0,1250.0,4,0.0,Rp0,True
2024-04-01,17,Bali,15550.0,15850.0,1250.0,4,-1.58,-Rp250,True
2024-04-01,18,Nusa Tenggara Barat,13700.0,15850.0,1250.0,5,-1.44,-Rp200,True
2024-04-01,19,Nusa Tenggara Timur,16200.0,15850.0,1250.0,3,0.0,Rp0,True
2024-04-01,20,Kalimantan Barat,16350.0,15850.0,1250.0,3,0.0,Rp0,True
2024-04-01,21,Kalimantan Selatan,18600.0,15850.0,1250.0,1,0.0,Rp0,True
2024-04-01,22,Kalimantan Tengah,19550.0,15850.0,1250.0,1,0.0,Rp0,True
2024-04-01,23,Kalimantan Timur,16550.0,15850.0,1250.0,3,0.61,Rp100,True
2024-04-01,24,Kalimantan Utara,17050.0,15850.0,1250.0,3,0.0,Rp0,True
2024-04-01,25,Gorontalo,16750.0,15850.0,1250.0,3,0.3,Rp50,True
2024-04-01,26,Sulawesi Selatan,14050.0,15850.0,1250.0,5,-0.35,-Rp50,True
2024-04-01,27,Sulawesi Tenggara,16000.0,15850.0,1250.0,4,-0.31,-Rp50,True
2024-04-01,28,Sulawesi Tengah,16750.0,15850.0,1250.0,3,0.0,Rp0,True
2024-04-01,29,Sulawesi Utara,16250.0,15850.0,1250.0,3,0.31,Rp50,True
2024-04-01,30,Sulawesi Barat,14450.0,15850.0,1250.0,5,-1.7,-Rp250,True
2024-04-01,31,Maluku,15850.0,15850.0,1250.0,6,0.0,,True
2024-04-01,32,Maluku Utara,16850.0,15850.0,1250.0,3,0.0,Rp0,True
2024-04-01,33,Papua,17000.0,15850.0,1250.0,3,-2.3,-Rp400,True
2024-04-01,34,Papua Barat,16450.0,15850.0,1250.0,3,0.0,Rp0,True
2024-04-02,1,Aceh,13800.0,15850.0,1300.0,5,0.0,Rp0,True
2024-04-02,2,Sumatera Utara,13800.0,15850.0,1300.0,5,0.0,Rp0,True
2024-04-02,3,Sumatera Barat,17500.0,15850.0,1300.0,2,0.0,Rp0,True
2024-04-02,4,Riau,15500.0,15850.0,1300.0,4,0.0,Rp0,True
2024-04-02,5,Kepulauan Riau,14600.0,15850.0,1300.0,5,0.0,Rp0,True
2024-04-02,6,Jambi,14750.0,15850.0,1300.0,5,0.0,Rp0,True
2024-04-02,7,Bengkulu,15900.0,15850.0,1300.0,4,0.0,Rp0,True
2024-04-02,8,Sumatera Selatan,15350.0,15850.0,1300.0,4,0.0,Rp0,True
2024-04-02,9,Kepulauan Bangka Belitung,16300.0,15850.0,1300.0,3,0.0,Rp0,True
2024-04-02,10,Lampung,14900.0,15850.0,1300.0,4,0.0,Rp0,True
2024-04-02,11,Banten,15800.0,15850.0,1300.0,4,0.0,Rp0,True
2024-04-02,12,Jawa Barat,15450.0,15850.0,1300.0,4,-0.96,-Rp150,True
2024-04-02,13,DKI Jakarta,16050.0,15850.0,1300.0,3,0.0,Rp0,True
2024-04-02,14,Jawa Tengah,15200.0,15850.0,1300.0,4,0.0,Rp0,True
2024-04-02,15,DI Yogyakarta,15150.0,15850.0,1300.0,4,0.0,Rp0,True
2024-04-02,16,Jawa Timur,14950.0,15850.0,1300.0,4,0.0,Rp0,True
2024-04-02,17,Bali,15550.0,15850.0,1300.0,4,0.0,Rp0,True
2024-04-02,18,Nusa Tenggara Barat,13650.0,15850.0,1300.0,5,-0.36,-Rp50,True
2024-04-02,19,Nusa Tenggara Timur,16200.0,15850.0,1300.0,3,0.0,Rp0,True
2024-04-02,20,Kalimantan Barat,16350.0,15850.0,1300.0,3,0.0,Rp0,True
2024-04-02,21,Kalimantan Selatan,18600.0,15850.0,1300.0,1,0.0,Rp0,True
2024-04-02,22,Kalimantan Tengah,19550.0,15850.0,1300.0,1,0.0,Rp0,True
2024-04-02,23,Kalimantan Timur,16550.0,15850.0,1300.0,3,0.0,Rp0,True
2024-04-02,24,Kalimantan Utara,17050.0,15850.0,1300.0,3,0.0,Rp0,True
2024-04-02,25,Gorontalo,16600.0,15850.0,1300.0,3,-0.9,-Rp150,True
2024-04-02,26,Sulawesi Selatan,13950.0,15850.0,1300.0,5,-0.71,-Rp100,True
2024-04-02,27,Sulawesi Tenggara,16000.0,15850.0,1300.0,4,0.0,Rp0,True
2024-04-02,28,Sulawesi Tengah,16500.0,15850.0,1300.0,3,-1.49,-Rp250,True
2024-04-02,29,Sulawesi Utara,16250.0,15850.0,1300.0,3,0.0,Rp0,True
2024-04-02,30,Sulawesi Barat,14300.0,15850.0,1300.0,5,-1.04,-Rp150,True
2024-04-02,31,Maluku,15900.0,15850.0,1300.0,4,0.32,Rp50,True
2024-04-02,32,Maluku Utara,16850.0,15850.0,1300.0,3,0.0,Rp0,True
2024-04-02,33,Papua,17000.0,15850.0,1300.0,3,0.0,Rp0,True
2024-04-02,34,Papua Barat,16450.0,15850.0,1300.0,3,0.0,Rp0,True
2024-04-03,1,Aceh,13750.0,15800.0,1300.0,5,-0.36,-Rp50,True
2024-04-03,2,Sumatera Utara,13800.0,15800.0,1300.0,5,0.0,Rp0,True
2024-04-03,3,Sumatera Barat,17500.0,15800.0,1300.0,2,0.0,Rp0,True
2024-04-03,4,Riau,15500.0,15800.0,1300.0,4,0.0,Rp0,True
2024-04-03,5,Kepulauan Riau,14600.0,15800.0,1300.0,5,0.0,Rp0,True
2024-04-03,6,Jambi,14750.0,15800.0,1300.0,5,0.0,Rp0,True
2024-04-03,7,Bengkulu,15900.0,15800.0,1300.0,4,0.0,Rp0,True
2024-04-03,8,Sumatera Selatan,15350.0,15800.0,1300.0,4,0.0,Rp0,True
2024-04-03,9,Kepulauan Bangka Belitung,16300.0,15800.0,1300.0,3,0.0,Rp0,True
2024-04-03,10,Lampung,14850.0,15800.0,1300.0,4,-0.34,-Rp50,True
2024-04-03,11,Banten,15800.0,15800.0,1300.0,4,0.0,Rp0,True
2024-04-03,12,Jawa Barat,15450.0,15800.0,1300.0,4,0.0,Rp0,True
2024-04-03,13,DKI Jakarta,15900.0,15800.0,1300.0,4,-0.93,-Rp150,True
2024-04-03,14,Jawa Tengah,15100.0,15800.0,1300.0,4,-0.66,-Rp100,True
2024-04-03,15,DI Yogyakarta,15150.0,15800.0,1300.0,4,0.0,Rp0,True
2024-04-03,16,Jawa Timur,14950.0,15800.0,1300.0,4,0.0,Rp0,True
2024-04-03,17,Bali,15550.0,15800.0,1300.0,4,0.0,Rp0,True
2024-04-03,18,Nusa Tenggara Barat,13650.0,15800.0,1300.0,5,0.0,Rp0,True
2024-04-03,19,Nusa Tenggara Timur,16200.0,15800.0,1300.0,3,0.0,Rp0,True
2024-04-03,20,Kalimantan Barat,16350.0,15800.0,1300.0,3,0.0,Rp0,True
2024-04-03,21,Kalimantan Selatan,18600.0,15800.0,1300.0,1,0.0,Rp0,True
2024-04-03,22,Kalimantan Tengah,19550.0,15800.0,1300.0,1,0.0,Rp0,True
2024-04-03,23,Kalimantan Timur,16550.0,15800.0,1300.0,3,0.0,Rp0,True
2024-04-03,24,Kalimantan Utara,17050.0,15800.0,1300.0,3,0.0,Rp0,True
2024-04-03,25,Gorontalo,16600.0,15800.0,1300.0,3,0.0,Rp0,True
2024-04-03,26,Sulawesi Selatan,13950.0,15800.0,1300.0,5,0.0,Rp0,True
2024-04-03,27,Sulawesi Tenggara,15900.0,15800.0,1300.0,4,-0.63,-Rp100,True
2024-04-03,28,Sulawesi Tengah,16500.0,15800.0,1300.0,3,0.0,Rp0,True
2024-04-03,29,Sulawesi Utara,16200.0,15800.0,1300.0,3,-0.31,-Rp50,True
2024-04-03,30,Sulawesi Barat,14250.0,15800.0,1300.0,5,-0.35,-Rp50,True
2024-04-03,31,Maluku,15950.0,15800.0,1300.0,4,0.31,Rp50,True
2024-04-03,32,Maluku Utara,16850.0,15800.0,1300.0,3,0.0,Rp0,True
2024-04-03,33,Papua,17100.0,15800.0,1300.0,3,0.59,Rp100,True
2024-04-03,34,Papua Barat,16450.0,15800.0,1300.0,3,0.0,Rp0,True
2024-04-04,1,Aceh,13800.0,15800.0,1300.0,5,0.36,Rp50,True
2024-04-04,2,Sumatera Utara,13800.0,15800.0,1300.0,5,0.0,Rp0,True
2024-04-04,3,Sumatera Barat,17500.0,15800.0,1300.0,2,0.0,Rp0,True
2024-04-04,4,Riau,15500.0,15800.0,1300.0,4,0.0,Rp0,True
2024-04-04,5,Kepulauan Riau,14600.0,15800.0,1300.0,5,0.0,Rp0,True
2024-04-04,6,Jambi,14750.0,15800.0,1300.0,4,0.0,Rp0,True
2024-04-04,7,Bengkulu,15800.0,15800.0,1300.0,4,-0.63,-Rp100,True
2024-04-04,8,Sumatera Selatan,15350.0,15800.0,1300.0,4,0.0,Rp0,True
2024-04-04,9,Kepulauan Bangka Belitung,16300.0,15800.0,1300.0,3,0.0,Rp0,True
2024-04-04,10,Lampung,14750.0,15800.0,1300.0,4,-0.67,-Rp100,True
2024-04-04,11,Banten,15800.0,15800.0,1300.0,4,0.0,Rp0,True
2024-04-04,12,Jawa Barat,15400.0,15800.0,1300.0,4,-0.32,-Rp50,True
2024-04-04,13,DKI Jakarta,15850.0,15800.0,1300.0,4,-0.31,-Rp50,True
2024-04-04,14,Jawa Tengah,15100.0,15800.0,1300.0,4,0.0,Rp0,True
2024-04-04,15,DI Yogyakarta,15150.0,15800.0,1300.0,4,0.0,Rp0,True
2024-04-04,16,Jawa Timur,14950.0,15800.0,1300.0,4,0.0,Rp0,True
2024-04-04,17,Bali,15550.0,15800.0,1300.0,4,0.0,Rp0,True
2024-04-04,18,Nusa Tenggara Barat,13500.0,15800.0,1300.0,5,-1.1,-Rp150,True
2024-04-04,19,Nusa Tenggara Timur,16200.0,15800.0,1300.0,3,0.0,Rp0,True
2024-04-04,20,Kalimantan Barat,16400.0,15800.0,1300.0,3,0.31,Rp50,True
2024-04-04,21,Kalimantan Selatan,18600.0,15800.0,1300.0,1,0.0,Rp0,True
2024-04-04,22,Kalimantan Tengah,19600.0,15800.0,1300.0,1,0.26,Rp50,True
2024-04-04,23,Kalimantan Timur,16550.0,15800.0,1300.0,3,0.0,Rp0,True
2024-04-04,24,Kalimantan Utara,17050.0,15800.0,1300.0,3,0.0,Rp0,True
2024-04-04,25,Gorontalo,16500.0,15800.0,1300.0,3,-0.6,-Rp100,True
2024-04-04,26,Sulawesi Selatan,13950.0,15800.0,1300.0,5,0.0,Rp0,True
2024-04-04,27,Sulawesi Tenggara,15900.0,15800.0,1300.0,4,0.0,Rp0,True
2024-04-04,28,Sulawesi Tengah,16500.0,15800.0,1300.0,3,0.0,Rp0,True
2024-04-04,29,Sulawesi Utara,16100.0,15800.0,1300.0,3,-0.62,-Rp100,True
2024-04-04,30,Sulawesi Barat,14300.0,15800.0,1300.0,5,0.35,Rp50,True
2024-04-04,31,Maluku,15950.0,15800.0,1300.0,3,0.0,Rp0,True
2024-04-04,32,Maluku Utara,16850.0,15800.0,1300.0,3,0.0,Rp0,True
2024-04-04,33,Papua,17100.0,15800.0,1300.0,3,0.0,Rp0,True
2024-04-04,34,Papua Barat,16450.0,15800.0,1300.0,3,0.0,Rp0,True
2024-04-05,1,Aceh,13800.0,15800.0,1300.0,5,0.0,Rp0,True
2024-04-05,2,Sumatera Utara,13800.0,15800.0,1300.0,5,0.0,Rp0,True
2024-04-05,3,Sumatera Barat,17500.0,15800.0,1300.0,2,0.0,Rp0,True
2024-04-05,4,Riau,15500.0,15800.0,1300.0,4,0.0,Rp0,True
2024-04-05,5,Kepulauan Riau,14600.0,15800.0,1300.0,5,0.0,Rp0,True
2024-04-05,6,Jambi,14700.0,15800.0,1300.0,5,-0.34,-Rp50,True
2024-04-05,7,Bengkulu,15800.0,15800.0,1300.0,4,0.0,Rp0,True
2024-04-05,8,Sumatera Selatan,15350.0,15800.0,1300.0,4,0.0,Rp0,True
2024-04-05,9,Kepulauan Bangka Belitung,16300.0,15800.0,1300.0,3,0.0,Rp0,True
2024-04-05,10,Lampung,14700.0,15800.0,1300.0,5,-0.34,-Rp50,True
2024-04-05,11,Banten,15800.0,15800.0,1300.0,4,0.0,Rp0,True
2024-04-05,12,Jawa Barat,15400.0,15800.0,1300.0,4,0.0,Rp0,True
2024-04-05,13,DKI Jakarta,15850.0,15800.0,1300.0,4,0.0,Rp0,True
2024-04-05,14,Jawa Tengah,15050.0,15800.0,1300.0,4,-0.33,-Rp50,True
2024-04-05,15,DI Yogyakarta,15150.0,15800.0,1300.0,4,0.0,Rp0,True
2024-04-05,16,Jawa Timur,14850.0,15800.0,1300.0,4,-0.67,-Rp100,True
2024-04-05,17,Bali,15550.0,15800.0,1300.0,4,0.0,Rp0,True
2024-04-05,18,Nusa Tenggara Barat,13500.0,15800.0,1300.0,5,0.0,Rp0,True
2024-04-05,19,Nusa Tenggara Timur,16150.0,15800.0,1300.0,3,-0.31,-Rp50,True
2024-04-05,20,Kalimantan Barat,16400.0,15800.0,1300.0,3,0.0,Rp0,True
2024-04-05,21,Kalimantan Selatan,18600.0,15800.0,1300.0,1,0.0,Rp0,True
2024-04-05,22,Kalimantan Tengah,19550.0,15800.0,1300.0,1,-0.26,-Rp50,True
2024-04-05,23,Kalimantan Timur,16550.0,15800.0,1300.0,3,0.0,Rp0,True
2024-04-05,24,Kalimantan Utara,17050.0,15800.0,1300.0,3,0.0,Rp0,True
2024-04-05,25,Gorontalo,16500.0,15800.0,1300.0,3,0.0,Rp0,True
2024-04-05,26,Sulawesi Selatan,13900.0,15800.0,1300.0,5,-0.36,-Rp50,True
2024-04-05,27,Sulawesi Tenggara,15900.0,15800.0,1300.0,4,0.0,Rp0,True
2024-04-05,28,Sulawesi Tengah,16450.0,15800.0,1300.0,3,-0.3,-Rp50,True
2024-04-05,29,Sulawesi Utara,16100.0,15800.0,1300.0,3,0.0,Rp0,True
2024-04-05,30,Sulawesi Barat,14300.0,15800.0,1300.0,5,0.0,Rp0,True
2024-04-05,31,Maluku,15950.0,15800.0,1300.0,3,0.0,Rp0,True
2024-04-05,32,Maluku Utara,16850.0,15800.0,1300.0,3,0.0,Rp0,True
2024-04-05,33,Papua,17100.0,15800.0,1300.0,3,0.0,Rp0,True
2024-04-05,34,Papua Barat,16450.0,15800.0,1300.0,3,0.0,Rp0,True
2024-04-06,1,Aceh,13800.0,15800.0,1300.0,5,0.0,Rp0,True
2024-04-06,2,Sumatera Utara,13800.0,15800.0,1300.0,5,0.0,Rp0,True
2024-04-06,3,Sumatera Barat,17500.0,15800.0,1300.0,2,0.0,Rp0,True
2024-04-06,4,Riau,15500.0,15800.0,1300.0,4,0.0,Rp0,True
2024-04-06,5,Kepulauan Riau,14600.0,15800.0,1300.0,5,0.0,Rp0,True
2024-04-06,6,Jambi,14700.0,15800.0,1300.0,5,-0.34,-Rp50,True
2024-04-06,7,Bengkulu,15800.0,15800.0,1300.0,4,0.0,Rp0,True
2024-04-06,8,Sumatera Selatan,15350.0,15800.0,1300.0,4,0.0,Rp0,True
2024-04-06,9,Kepulauan Bangka Belitung,16300.0,15800.0,1300.0,3,0.0,Rp0,True
2024-04-06,10,Lampung,14700.0,15800.0,1300.0,5,-0.34,-Rp50,True
2024-04-06,11,Banten,15800.0,15800.0,1300.0,4,0.0,Rp0,True
2024-04-06,12,Jawa Barat,15400.0,15800.0,1300.0,4,0.0,Rp0,True
2024-04-06,13,DKI Jakarta,15850.0,15800.0,1300.0,4,0.0,Rp0,True
2024-04-06,14,Jawa Tengah,15050.0,15800.0,1300.0,4,-0.33,-Rp50,True
2024-04-06,15,DI Yogyakarta,15150.0,15800.0,1300.0,4,0.0,Rp0,True
2024-04-06,16,Jawa Timur,14850.0,15800.0,1300.0,4,-0.67,-Rp100,True
2024-04-06,17,Bali,15550.0,15800.0,1300.0,4,0.0,Rp0,True
2024-04-06,18,Nusa Tenggara Barat,13500.0,15800.0,1300.0,5,0.0,Rp0,True
2024-04-06,19,Nusa Tenggara Timur,16150.0,15800.0,1300.0,3,-0.31,-Rp50,True
2024-04-06,20,Kalimantan Barat,16400.0,15800.0,1300.0,3,0.0,Rp0,True
2024-04-06,21,Kalimantan Selatan,18600.0,15800.0,1300.0,1,0.0,Rp0,True
2024-04-06,22,Kalimantan Tengah,19550.0,15800.0,1300.0,1,-0.26,-Rp50,True
2024-04-06,23,Kalimantan Timur,16550.0,15800.0,1300.0,3,0.0,Rp0,True
2024-04-06,24,Kalimantan Utara,17050.0,15800.0,1300.0,3,0.0,Rp0,True
2024-04-06,25,Gorontalo,16500.0,15800.0,1300.0,3,0.0,Rp0,True
2024-04-06,26,Sulawesi Selatan,13900.0,15800.0,1300.0,5,-0.36,-Rp50,True
2024-04-06,27,Sulawesi Tenggara,15900.0,15800.0,1300.0,4,0.0,Rp0,True
2024-04-06,28,Sulawesi Tengah,16450.0,15800.0,1300.0,3,-0.3,-Rp50,True
2024-04-06,29,Sulawesi Utara,16100.0,15800.0,1300.0,3,0.0,Rp0,True
2024-04-06,30,Sulawesi Barat,14300.0,15800.0,1300.0,5,0.0,Rp0,True
2024-04-06,31,Maluku,15950.0,15800.0,1300.0,3,0.0,Rp0,True
2024-04-06,32,Maluku Utara,16850.0,15800.0,1300.0,3,0.0,Rp0,True
2024-04-06,33,Papua,17100.0,15800.0,1300.0,3,0.0,Rp0,True
2024-04-06,34,Papua Barat,16450.0,15800.0,1300.0,3,0.0,Rp0,True
2024-04-07,1,Aceh,13800.0,15800.0,1300.0,5,0.0,Rp0,True
2024-04-07,2,Sumatera Utara,13800.0,15800.0,1300.0,5,0.0,Rp0,True
2024-04-07,3,Sumatera Barat,17500.0,15800.0,1300.0,2,0.0,Rp0,True
2024-04-07,4,Riau,15500.0,15800.0,1300.0,4,0.0,Rp0,True
2024-04-07,5,Kepulauan Riau,14600.0,15800.0,1300.0,5,0.0,Rp0,True
2024-04-07,6,Jambi,14700.0,15800.0,1300.0,5,-0.34,-Rp50,True
2024-04-07,7,Bengkulu,15800.0,15800.0,1300.0,4,0.0,Rp0,True
2024-04-07,8,Sumatera Selatan,15350.0,15800.0,1300.0,4,0.0,Rp0,True
2024-04-07,9,Kepulauan Bangka Belitung,16300.0,15800.0,1300.0,3,0.0,Rp0,True
2024-04-07,10,Lampung,14700.0,15800.0,1300.0,5,-0.34,-Rp50,True
2024-04-07,11,Banten,15800.0,15800.0,1300.0,4,0.0,Rp0,True
2024-04-07,12,Jawa Barat,15400.0,15800.0,1300.0,4,0.0,Rp0,True
2024-04-07,13,DKI Jakarta,15850.0,15800.0,1300.0,4,0.0,Rp0,True
2024-04-07,14,Jawa Tengah,15050.0,15800.0,1300.0,4,-0.33,-Rp50,True
2024-04-07,15,DI Yogyakarta,15150.0,15800.0,1300.0,4,0.0,Rp0,True
2024-04-07,16,Jawa Timur,14850.0,15800.0,1300.0,4,-0.67,-Rp100,True
2024-04-07,17,Bali,15550.0,15800.0,1300.0,4,0.0,Rp0,True
2024-04-07,18,Nusa Tenggara Barat,13500.0,15800.0,1300.0,5,0.0,Rp0,True
2024-04-07,19,Nusa Tenggara Timur,16150.0,15800.0,1300.0,3,-0.31,-Rp50,True
2024-04-07,20,Kalimantan Barat,16400.0,15800.0,1300.0,3,0.0,Rp0,True
2024-04-07,21,Kalimantan Selatan,18600.0,15800.0,1300.0,1,0.0,Rp0,True
2024-04-07,22,Kalimantan Tengah,19550.0,15800.0,1300.0,1,-0.26,-Rp50,True
2024-04-07,23,Kalimantan Timur,16550.0,15800.0,1300.0,3,0.0,Rp0,True
2024-04-07,24,Kalimantan Utara,17050.0,15800.0,1300.0,3,0.0,Rp0,True
2024-04-07,25,Gorontalo,16500.0,15800.0,1300.0,3,0.0,Rp0,True
2024-04-07,26,Sulawesi Selatan,13900.0,15800.0,1300.0,5,-0.36,-Rp50,True
2024-04-07,27,Sulawesi Tenggara,15900.0,15800.0,1300.0,4,0.0,Rp0,True
2024-04-07,28,Sulawesi Tengah,16450.0,15800.0,1300.0,3,-0.3,-Rp50,True
2024-04-07,29,Sulawesi Utara,16100.0,15800.0,1300.0,3,0.0,Rp0,True
2024-04-07,30,Sulawesi Barat,14300.0,15800.0,1300.0,5,0.0,Rp0,True
2024-04-07,31,Maluku,15950.0,15800.0,1300.0,3,0.0,Rp0,True
2024-04-07,32,Maluku Utara,16850.0,15800.0,1300.0,3,0.0,Rp0,True
2024-04-07,33,Papua,17100.0,15800.0,1300.0,3,0.0,Rp0,True
2024-04-07,34,Papua Barat,16450.0,15800.0,1300.0,3,0.0,Rp0,True
2024-04-08,1,Aceh,13800.0,15800.0,1300.0,6,0.0,,True
2024-04-08,2,Sumatera Utara,13850.0,15800.0,1300.0,6,0.0,,True
2024-04-08,3,Sumatera Barat,17500.0,15800.0,1300.0,6,0.0,,True
2024-04-08,4,Riau,15500.0,15800.0,1300.0,6,0.0,,True
2024-04-08,5,Kepulauan Riau,14600.0,15800.0,1300.0,6,0.0,,True
2024-04-08,6,Jambi,14700.0,15800.0,1300.0,6,0.0,,True
2024-04-08,7,Bengkulu,15800.0,15800.0,1300.0,6,0.0,,True
2024-04-08,8,Sumatera Selatan,15350.0,15800.0,1300.0,6,0.0,,True
2024-04-08,9,Kepulauan Bangka Belitung,16300.0,15800.0,1300.0,6,0.0,,True
2024-04-08,10,Lampung,14700.0,15800.0,1300.0,6,0.0,,True
2024-04-08,11,Banten,15800.0,15800.0,1300.0,6,0.0,,True
2024-04-08,12,Jawa Barat,15400.0,15800.0,1300.0,6,0.0,,True
2024-04-08,13,DKI Jakarta,15850.0,15800.0,1300.0,6,0.0,,True
2024-04-08,14,Jawa Tengah,14850.0,15800.0,1300.0,6,0.0,,True
2024-04-08,15,DI Yogyakarta,15150.0,15800.0,1300.0,6,0.0,,True
2024-04-08,16,Jawa Timur,14850.0,15800.0,1300.0,6,0.0,,True
2024-04-08,17,Bali,15500.0,15800.0,1300.0,6,0.0,,True
2024-04-08,18,Nusa Tenggara Barat,13500.0,15800.0,1300.0,6,0.0,,True
2024-04-08,19,Nusa Tenggara Timur,16150.0,15800.0,1300.0,6,0.0,,True
2024-04-08,20,Kalimantan Barat,16850.0,15800.0,1300.0,6,0.0,,True
2024-04-08,21,Kalimantan Selatan,18600.0,15800.0,1300.0,6,0.0,,True
2024-04-08,22,Kalimantan Tengah,19600.0,15800.0,1300.0,6,0.0,,True
2024-04-08,23,Kalimantan Timur,16650.0,15800.0,1300.0,6,0.0,,True
2024-04-08,24,Kalimantan Utara,17050.0,15800.0,1300.0,6,0.0,,True
2024-04-08,25,Gorontalo,16500.0,15800.0,1300.0,6,0.0,,True
2024-04-08,26,Sulawesi Selatan,13900.0,15800.0,1300.0,6,0.0,,True
2024-04-08,27,Sulawesi Tenggara,15900.0,15800.0,1300.0,6,0.0,,True
2024-04-08,28,Sulawesi Tengah,16450.0,15800.0,1300.0,6,0.0,,True
2024-04-08,29,Sulawesi Utara,16050.0,15800.0,1300.0,6,0.0,,True
2024-04-08,30,Sulawesi Barat,14300.0,15800.0,1300.0,6,0.0,,True
2024-04-08,31,Maluku,15950.0,15800.0,1300.0,6,0.0,,True
2024-04-08,32,Maluku Utara,16850.0,15800.0,1300.0,6,0.0,,True
2024-04-08,33,Papua,17100.0,15800.0,1300.0,6,0.0,,True
2024-04-08,34,Papua Barat,16450.0,15800.0,1300.0,6,0.0,,True
2024-04-09,1,Aceh,13800.0,15800.0,1300.0,5,0.0,Rp0,True
2024-04-09,2,Sumatera Utara,13850.0,15800.0,1300.0,5,0.0,Rp0,True
2024-04-09,3,Sumatera Barat,17500.0,15800.0,1300.0,2,0.0,Rp0,True
2024-04-09,4,Riau,15500.0,15800.0,1300.0,4,0.0,Rp0,True
2024-04-09,5,Kepulauan Riau,14600.0,15800.0,1300.0,5,0.0,Rp0,True
2024-04-09,6,Jambi,14700.0,15800.0,1300.0,5,0.0,Rp0,True
2024-04-09,7,Bengkulu,15800.0,15800.0,1300.0,4,0.0,Rp0,True
2024-04-09,8,Sumatera Selatan,15350.0,15800.0,1300.0,4,0.0,Rp0,True
2024-04-09,9,Kepulauan Bangka Belitung,16300.0,15800.0,1300.0,3,0.0,Rp0,True
2024-04-09,10,Lampung,14700.0,15800.0,1300.0,5,0.0,Rp0,True
2024-04-09,11,Banten,15800.0,15800.0,1300.0,4,0.0,Rp0,True
2024-04-09,12,Jawa Barat,15400.0,15800.0,1300.0,4,0.0,Rp0,True
2024-04-09,13,DKI Jakarta,15850.0,15800.0,1300.0,4,0.0,Rp0,True
2024-04-09,14,Jawa Tengah,14950.0,15800.0,1300.0,4,0.67,Rp100,True
2024-04-09,15,DI Yogyakarta,15150.0,15800.0,1300.0,4,0.0,Rp0,True
2024-04-09,16,Jawa Timur,14850.0,15800.0,1300.0,4,0.0,Rp0,True
2024-04-09,17,Bali,15450.0,15800.0,1300.0,4,-0.32,-Rp50,True
2024-04-09,18,Nusa Tenggara Barat,13500.0,15800.0,1300.0,5,0.0,Rp0,True
2024-04-09,19,Nusa Tenggara Timur,16150.0,15800.0,1300.0,3,0.0,Rp0,True
2024-04-09,20,Kalimantan Barat,16850.0,15800.0,1300.0,3,0.0,Rp0,True
2024-04-09,21,Kalimantan Selatan,18600.0,15800.0,1300.0,1,0.0,Rp0,True
2024-04-09,22,Kalimantan Tengah,19600.0,15800.0,1300.0,1,0.0,Rp0,True
2024-04-09,23,Kalimantan Timur,16650.0,15800.0,1300.0,3,0.0,Rp0,True
2024-04-09,24,Kalimantan Utara,17050.0,15800.0,1300.0,3,0.0,Rp0,True
2024-04-09,25,Gorontalo,16500.0,15800.0,1300.0,3,0.0,Rp0,True
2024-04-09,26,Sulawesi Selatan,13900.0,15800.0,1300.0,5,0.0,Rp0,True
2024-04-09,27,Sulawesi Tenggara,15900.0,15800.0,1300.0,4,0.0,Rp0,True
2024-04-09,28,Sulawesi Tengah,16450.0,15800.0,1300.0,3,0.0,Rp0,True
2024-04-09,29,Sulawesi Utara,16050.0,15800.0,1300.0,3,0.0,Rp0,True
2024-04-09,30,Sulawesi Barat,14300.0,15800.0,1300.0,5,0.0,Rp0,True
2024-04-09,31,Maluku,15950.0,15800.0,1300.0,3,0.0,Rp0,True
2024-04-09,32,Maluku Utara,16850.0,15800.0,1300.0,3,0.0,Rp0,True
2024-04-09,33,Papua,17100.0,15800.0,1300.0,3,0.0,Rp0,True
2024-04-09,34,Papua Barat,16450.0,15800.0,1300.0,3,0.0,Rp0,True
2024-04-10,1,Aceh,13800.0,15800.0,1350.0,5,0.0,Rp0,True
2024-04-10,2,Sumatera Utara,13850.0,15800.0,1350.0,5,0.0,Rp0,True
2024-04-10,3,Sumatera Barat,17500.0,15800.0,1350.0,2,0.0,Rp0,True
2024-04-10,4,Riau,15500.0,15800.0,1350.0,4,0.0,Rp0,True
2024-04-10,5,Kepulauan Riau,14600.0,15800.0,1350.0,5,0.0,Rp0,True
2024-04-10,6,Jambi,14700.0,15800.0,1350.0,5,0.0,Rp0,True
2024-04-10,7,Bengkulu,15800.0,15800.0,1350.0,4,0.0,Rp0,True
2024-04-10,8,Sumatera Selatan,15350.0,15800.0,1350.0,4,0.0,Rp0,True
2024-04-10,9,Kepulauan Bangka Belitung,16300.0,15800.0,1350.0,3,0.0,Rp0,True
2024-04-10,10,Lampung,14700.0,15800.0,1350.0,5,0.0,Rp0,True
2024-04-10,11,Banten,15800.0,15800.0,1350.0,4,0.0,Rp0,True
2024-04-10,12,Jawa Barat,15400.0,15800.0,1350.0,4,0.0,Rp0,True
2024-04-10,13,DKI Jakarta,15850.0,15800.0,1350.0,4,0.0,Rp0,True
2024-04-10,14,Jawa Tengah,14900.0,15800.0,1350.0,4,-0.33,-Rp50,True
2024-04-10,15,DI Yogyakarta,15150.0,15800.0,1350.0,4,0.0,Rp0,True
2024-04-10,16,Jawa Timur,14850.0,15800.0,1350.0,4,0.0,Rp0,True
2024-04-10,17,Bali,15450.0,15800.0,1350.0,4,0.0,Rp0,True
2024-04-10,18,Nusa Tenggara Barat,13500.0,15800.0,1350.0,5,0.0,Rp0,True
2024-04-10,19,Nusa Tenggara Timur,16150.0,15800.0,1350.0,3,0.0,Rp0,True
2024-04-10,20,Kalimantan Barat,16850.0,15800.0,1350.0,3,0.0,Rp0,True
2024-04-10,21,Kalimantan Selatan,18600.0,15800.0,1350.0,1,0.0,Rp0,True
2024-04-10,22,Kalimantan Tengah,19800.0,15800.0,1350.0,1,1.02,Rp200,True
2024-04-10,23,Kalimantan Timur,16650.0,15800.0,1350.0,3,0.0,Rp0,True
2024-04-10,24,Kalimantan Utara,17050.0,15800.0,1350.0,3,0.0,Rp0,True
2024-04-10,25,Gorontalo,16500.0,15800.0,1350.0,3,0.0,Rp0,True
2024-04-10,26,Sulawesi Selatan,13550.0,15800.0,1350.0,5,-2.52,-Rp350,True
2024-04-10,27,Sulawesi Tenggara,15900.0,15800.0,1350.0,4,0.0,Rp0,True
2024-04-10,28,Sulawesi Tengah,16450.0,15800.0,1350.0,3,0.0,Rp0,True
2024-04-10,29,Sulawesi Utara,16000.0,15800.0,1350.0,4,-0.31,-Rp50,True
2024-04-10,30,Sulawesi Barat,14300.0,15800.0,1350.0,5,0.0,Rp0,True
2024-04-10,31,Maluku,15950.0,15800.0,1350.0,4,0.0,Rp0,True
2024-04-10,32,Maluku Utara,16850.0,15800.0,1350.0,3,0.0,Rp0,True
2024-04-10,33,Papua,17100.0,15800.0,1350.0,3,0.0,Rp0,True
2024-04-10,34,Papua Barat,16450.0,15800.0,1350.0,3,0.0,Rp0,True
2024-04-11,1,Aceh,13800.0,15800.0,1300.0,5,0.0,Rp0,True
2024-04-11,2,Sumatera Utara,13850.0,15800.0,1300.0,5,0.0,Rp0,True
2024-04-11,3,Sumatera Barat,17500.0,15800.0,1300.0,2,0.0,Rp0,True
2024-04-11,4,Riau,15500.0,15800.0,1300.0,4,0.0,Rp0,True
2024-04-11,5,Kepulauan Riau,14600.0,15800.0,1300.0,5,0.0,Rp0,True
2024-04-11,6,Jambi,14700.0,15800.0,1300.0,5,0.0,Rp0,True
2024-04-11,7,Bengkulu,15800.0,15800.0,1300.0,4,0.0,Rp0,True
2024-04-11,8,Sumatera Selatan,15350.0,15800.0,1300.0,4,0.0,Rp0,True
2024-04-11,9,Kepulauan Bangka Belitung,16300.0,15800.0,1300.0,3,0.0,Rp0,True
2024-04-11,10,Lampung,14700.0,15800.0,1300.0,5,0.0,Rp0,True
2024-04-11,11,Banten,15800.0,15800.0,1300.0,4,0.0,Rp0,True
2024-04-11,12,Jawa Barat,15400.0,15800.0,1300.0,4,0.0,Rp0,True
2024-04-11,13,DKI Jakarta,15850.0,15800.0,1300.0,4,0.0,Rp0,True
2024-04-11,14,Jawa Tengah,14900.0,15800.0,1300.0,4,0.0,Rp0,True
2024-04-11,15,DI Yogyakarta,15150.0,15800.0,1300.0,4,0.0,Rp0,True
2024-04-11,16,Jawa Timur,14850.0,15800.0,1300.0,4,0.0,Rp0,True
2024-04-11,17,Bali,15450.0,15800.0,1300.0,4,0.0,Rp0,True
2024-04-11,18,Nusa Tenggara Barat,13500.0,15800.0,1300.0,5,0.0,Rp0,True
2024-04-11,19,Nusa Tenggara Timur,16150.0,15800.0,1300.0,3,0.0,Rp0,True
2024-04-11,20,Kalimantan Barat,16850.0,15800.0,1300.0,3,0.0,Rp0,True
2024-04-11,21,Kalimantan Selatan,18600.0,15800.0,1300.0,1,0.0,Rp0,True
2024-04-11,22,Kalimantan Tengah,19600.0,15800.0,1300.0,1,-1.01,-Rp200,True
2024-04-11,23,Kalimantan Timur,16650.0,15800.0,1300.0,3,0.0,Rp0,True
2024-04-11,24,Kalimantan Utara,17050.0,15800.0,1300.0,3,0.0,Rp0,True
2024-04-11,25,Gorontalo,16500.0,15800.0,1300.0,3,0.0,Rp0,True
2024-04-11,26,Sulawesi Selatan,13900.0,15800.0,1300.0,5,2.58,Rp350,True
2024-04-11,27,Sulawesi Tenggara,15900.0,15800.0,1300.0,4,0.0,Rp0,True
2024-04-11,28,Sulawesi Tengah,16450.0,15800.0,1300.0,3,0.0,Rp0,True
2024-04-11,29,Sulawesi Utara,16050.0,15800.0,1300.0,3,0.31,Rp50,True
2024-04-11,30,Sulawesi Barat,14300.0,15800.0,1300.0,5,0.0,Rp0,True
2024-04-11,31,Maluku,15950.0,15800.0,1300.0,3,0.0,Rp0,True
2024-04-11,32,Maluku Utara,16850.0,15800.0,1300.0,3,0.0,Rp0,True
2024-04-11,33,Papua,17100.0,15800.0,1300.0,3,0.0,Rp0,True
2024-04-11,34,Papua Barat,16450.0,15800.0,1300.0,3,0.0,Rp0,True
2024-04-12,1,Aceh,13800.0,15800.0,1300.0,5,0.0,Rp0,True
2024-04-12,2,Sumatera Utara,13850.0,15800.0,1300.0,5,0.0,Rp0,True
2024-04-12,3,Sumatera Barat,17500.0,15800.0,1300.0,2,0.0,Rp0,True
2024-04-12,4,Riau,15500.0,15800.0,1300.0,4,0.0,Rp0,True
2024-04-12,5,Kepulauan Riau,14600.0,15800.0,1300.0,5,0.0,Rp0,True
2024-04-12,6,Jambi,14700.0,15800.0,1300.0,5,0.0,Rp0,True
2024-04-12,7,Bengkulu,15800.0,15800.0,1300.0,4,0.0,Rp0,True
2024-04-12,8,Sumatera Selatan,15350.0,15800.0,1300.0,4,0.0,Rp0,True
2024-04-12,9,Kepulauan Bangka Belitung,16300.0,15800.0,1300.0,3,0.0,Rp0,True
2024-04-12,10,Lampung,14700.0,15800.0,1300.0,5,0.0,Rp0,True
2024-04-12,11,Banten,15800.0,15800.0,1300.0,4,0.0,Rp0,True
2024-04-12,12,Jawa Barat,15450.0,15800.0,1300.0,4,0.32,Rp50,True
2024-04-12,13,DKI Jakarta,15850.0,15800.0,1300.0,4,0.0,Rp0,True
2024-04-12,14,Jawa Tengah,14850.0,15800.0,1300.0,4,-0.34,-Rp50,True
2024-04-12,15,DI Yogyakarta,15150.0,15800.0,1300.0,4,0.0,Rp0,True
2024-04-12,16,Jawa Timur,14850.0,15800.0,1300.0,4,0.0,Rp0,True
2024-04-12,17,Bali,15450.0,15800.0,1300.0,4,0.0,Rp0,True
2024-04-12,18,Nusa Tenggara Barat,13500.0,15800.0,1300.0,5,0.0,Rp0,True
2024-04-12,19,Nusa Tenggara Timur,16150.0,15800.0,1300.0,3,0.0,Rp0,True
2024-04-12,20,Kalimantan Barat,16850.0,15800.0,1300.0,3,0.0,Rp0,True
2024-04-12,21,Kalimantan Selatan,18600.0,15800.0,1300.0,1,0.0,Rp0,True
2024-04-12,22,Kalimantan Tengah,19600.0,15800.0,1300.0,1,0.0,Rp0,True
2024-04-12,23,Kalimantan Timur,16650.0,15800.0,1300.0,3,0.0,Rp0,True
2024-04-12,24,Kalimantan Utara,17050.0,15800.0,1300.0,3,0.0,Rp0,True
2024-04-12,25,Gorontalo,16500.0,15800.0,1300.0,3,0.0,Rp0,True
2024-04-12,26,Sulawesi Selatan,13900.0,15800.0,1300.0,5,0.0,Rp0,True
2024-04-12,27,Sulawesi Tenggara,15900.0,15800.0,1300.0,4,0.0,Rp0,True
2024-04-12,28,Sulawesi Tengah,16450.0,15800.0,1300.0,3,0.0,Rp0,True
2024-04-12,29,Sulawesi Utara,16050.0,15800.0,1300.0,3,0.0,Rp0,True
2024-04-12,30,Sulawesi Barat,14300.0,15800.0,1300.0,5,0.0,Rp0,True
2024-04-12,31,Maluku,15950.0,15800.0,1300.0,3,0.0,Rp0,True
2024-04-12,32,Maluku Utara,16850.0,15800.0,1300.0,3,0.0,Rp0,True
2024-04-12,33,Papua,17100.0,15800.0,1300.0,3,0.0,Rp0,True
2024-04-12,34,Papua Barat,16450.0,15800.0,1300.0,3,0.0,Rp0,True
2024-04-13,1,Aceh,0.0,,0.0,6,0.0,,False
2024-04-13,2,Sumatera Utara,0.0,,0.0,6,0.0,,False
2024-04-13,3,Sumatera Barat,0.0,,0.0,6,0.0,,False
2024-04-13,4,Riau,0.0,,0.0,6,0.0,,False
2024-04-13,5,Kepulauan Riau,0.0,,0.0,6,0.0,,False
2024-04-13,6,Jambi,0.0,,0.0,6,0.0,,False
2024-04-13,7,Bengkulu,0.0,,0.0,6,0.0,,False
2024-04-13,8,Sumatera Selatan,0.0,,0.0,6,0.0,,False
2024-04-13,9,Kepulauan Bangka Belitung,0.0,,0.0,6,0.0,,False
2024-04-13,10,Lampung,0.0,,0.0,6,0.0,,False
2024-04-13,11,Banten,0.0,,0.0,6,0.0,,False
2024-04-13,12,Jawa Barat,0.0,,0.0,6,0.0,,False
2024-04-13,13,DKI Jakarta,0.0,,0.0,6,0.0,,False
2024-04-13,14,Jawa Tengah,0.0,,0.0,6,0.0,,False
2024-04-13,15,DI Yogyakarta,0.0,,0.0,6,0.0,,False
2024-04-13,16,Jawa Timur,0.0,,0.0,6,0.0,,False
2024-04-13,17,Bali,0.0,,0.0,6,0.0,,False
2024-04-13,18,Nusa Tenggara Barat,0.0,,0.0,6,0.0,,False
2024-04-13,19,Nusa Tenggara Timur,0.0,,0.0,6,0.0,,False
2024-04-13,20,Kalimantan Barat,0.0,,0.0,6,0.0,,False
2024-04-13,21,Kalimantan Selatan,0.0,,0.0,6,0.0,,False
2024-04-13,22,Kalimantan Tengah,0.0,,0.0,6,0.0,,False
2024-04-13,23,Kalimantan Timur,0.0,,0.0,6,0.0,,False
2024-04-13,24,Kalimantan Utara,0.0,,0.0,6,0.0,,False
2024-04-13,25,Gorontalo,0.0,,0.0,6,0.0,,False
2024-04-13,26,Sulawesi Selatan,0.0,,0.0,6,0.0,,False
2024-04-13,27,Sulawesi Tenggara,0.0,,0.0,6,0.0,,False
2024-04-13,28,Sulawesi Tengah,0.0,,0.0,6,0.0,,False
2024-04-13,29,Sulawesi Utara,0.0,,0.0,6,0.0,,False
2024-04-13,30,Sulawesi Barat,0.0,,0.0,6,0.0,,False
2024-04-13,31,Maluku,0.0,,0.0,6,0.0,,False
2024-04-13,32,Maluku Utara,0.0,,0.0,6,0.0,,False
2024-04-13,33,Papua,0.0,,0.0,6,0.0,,False
2024-04-13,34,Papua Barat,0.0,,0.0,6,0.0,,False
2024-04-14,1,Aceh,0.0,,0.0,6,0.0,,False
2024-04-14,2,Sumatera Utara,0.0,,0.0,6,0.0,,False
2024-04-14,3,Sumatera Barat,0.0,,0.0,6,0.0,,False
2024-04-14,4,Riau,0.0,,0.0,6,0.0,,False
2024-04-14,5,Kepulauan Riau,0.0,,0.0,6,0.0,,False
2024-04-14,6,Jambi,0.0,,0.0,6,0.0,,False
2024-04-14,7,Bengkulu,0.0,,0.0,6,0.0,,False
2024-04-14,8,Sumatera Selatan,0.0,,0.0,6,0.0,,False
2024-04-14,9,Kepulauan Bangka Belitung,0.0,,0.0,6,0.0,,False
2024-04-14,10,Lampung,0.0,,0.0,6,0.0,,False
2024-04-14,11,Banten,0.0,,0.0,6,0.0,,False
2024-04-14,12,Jawa Barat,0.0,,0.0,6,0.0,,False
2024-04-14,13,DKI Jakarta,0.0,,0.0,6,0.0,,False
2024-04-14,14,Jawa Tengah,0.0,,0.0,6,0.0,,False
2024-04-14,15,DI Yogyakarta,0.0,,0.0,6,0.0,,False
2024-04-14,16,Jawa Timur,0.0,,0.0,6,0.0,,False
2024-04-14,17,Bali,0.0,,0.0,6,0.0,,False
2024-04-14,18,Nusa Tenggara Barat,0.0,,0.0,6,0.0,,False
2024-04-14,19,Nusa Tenggara Timur,0.0,,0.0,6,0.0,,False
2024-04-14,20,Kalimantan Barat,0.0,,0.0,6,0.0,,False
2024-04-14,21,Kalimantan Selatan,0.0,,0.0,6,0.0,,False
2024-04-14,22,Kalimantan Tengah,0.0,,0.0,6,0.0,,False
2024-04-14,23,Kalimantan Timur,0.0,,0.0,6,0.0,,False
2024-04-14,24,Kalimantan Utara,0.0,,0.0,6,0.0,,False
2024-04-14,25,Gorontalo,0.0,,0.0,6,0.0,,False
2024-04-14,26,Sulawesi Selatan,0.0,,0.0,6,0.0,,False
2024-04-14,27,Sulawesi Tenggara,0.0,,0.0,6,0.0,,False
2024-04-14,28,Sulawesi Tengah,0.0,,0.0,6,0.0,,False
2024-04-14,29,Sulawesi Utara,0.0,,0.0,6,0.0,,False
2024-04-14,30,Sulawesi Barat,0.0,,0.0,6,0.0,,False
2024-04-14,31,Maluku,0.0,,0.0,6,0.0,,False
2024-04-14,32,Maluku Utara,0.0,,0.0,6,0.0,,False
2024-04-14,33,Papua,0.0,,0.0,6,0.0,,False
2024-04-14,34,Papua Barat,0.0,,0.0,6,0.0,,False
2024-04-15,1,Aceh,13800.0,15800.0,1300.0,6,0.0,,True
2024-04-15,2,Sumatera Utara,13850.0,15800.0,1300.0,6,0.0,,True
2024-04-15,3,Sumatera Barat,17500.0,15800.0,1300.0,6,0.0,,True
2024-04-15,4,Riau,15500.0,15800.0,1300.0,6,0.0,,True
2024-04-15,5,Kepulauan Riau,14600.0,15800.0,1300.0,6,0.0,,True
2024-04-15,6,Jambi,14700.0,15800.0,1300.0,6,0.0,,True
2024-04-15,7,Bengkulu,15800.0,15800.0,1300.0,6,0.0,,True
2024-04-15,8,Sumatera Selatan,15350.0,15800.0,1300.0,6,0.0,,True
2024-04-15,9,Kepulauan Bangka Belitung,16300.0,15800.0,1300.0,6,0.0,,True
2024-04-15,10,Lampung,14700.0,15800.0,1300.0,6,0.0,,True
2024-04-15,11,Banten,15800.0,15800.0,1300.0,6,0.0,,True
2024-04-15,12,Jawa Barat,15400.0,15800.0,1300.0,6,0.0,,True
2024-04-15,13,DKI Jakarta,15850.0,15800.0,1300.0,6,0.0,,True
2024-04-15,14,Jawa Tengah,14850.0,15800.0,1300.0,6,0.0,,True
2024-04-15,15,DI Yogyakarta,15150.0,15800.0,1300.0,6,0.0,,True
2024-04-15,16,Jawa Timur,14850.0,15800.0,1300.0,6,0.0,,True
2024-04-15,17,Bali,15450.0,15800.0,1300.0,6,0.0,,True
2024-04-15,18,Nusa Tenggara Barat,13500.0,15800.0,1300.0,6,0.0,,True
2024-04-15,19,Nusa Tenggara Timur,16150.0,15800.0,1300.0,6,0.0,,True
2024-04-15,20,Kalimantan Barat,16850.0,15800.0,1300.0,6,0.0,,True
2024-04-15,21,Kalimantan Selatan,18600.0,15800.0,1300.0,6,0.0,,True
2024-04-15,22,Kalimantan Tengah,19600.0,15800.0,1300.0,6,0.0,,True
2024-04-15,23,Kalimantan Timur,16000.0,15800.0,1300.0,6,0.0,,True
2024-04-15,24,Kalimantan Utara,17050.0,15800.0,1300.0,6,0.0,,True
2024-04-15,25,Gorontalo,16500.0,15800.0,1300.0,6,0.0,,True
2024-04-15,26,Sulawesi Selatan,13900.0,15800.0,1300.0,6,0.0,,True
2024-04-15,27,Sulawesi Tenggara,15900.0,15800.0,1300.0,6,0.0,,True
2024-04-15,28,Sulawesi Tengah,16450.0,15800.0,1300.0,6,0.0,,True
2024-04-15,29,Sulawesi Utara,16050.0,15800.0,1300.0,6,0.0,,True
2024-04-15,30,Sulawesi Barat,14300.0,15800.0,1300.0,6,0.0,,True
2024-04-15,31,Maluku,15950.0,15800.0,1300.0,6,0.0,,True
2024-04-15,32,Maluku Utara,16850.0,15800.0,1300.0,6,0.0,,True
2024-04-15,33,Papua,17100.0,15800.0,1300.0,6,0.0,,True
2024-04-15,34,Papua Barat,16450.0,15800.0,1300.0,6,0.0,,True
2024-04-16,1,Aceh,13800.0,15700.0,1300.0,5,0.0,Rp0,True
2024-04-16,2,Sumatera Utara,13800.0,15700.0,1300.0,5,-0.36,-Rp50,True
2024-04-16,3,Sumatera Barat,17500.0,15700.0,1300.0,2,0.0,Rp0,True
2024-04-16,4,Riau,15550.0,15700.0,1300.0,4,0.32,Rp50,True
2024-04-16,5,Kepulauan Riau,14600.0,15700.0,1300.0,5,0.0,Rp0,True
2024-04-16,6,Jambi,14700.0,15700.0,1300.0,4,0.0,Rp0,True
2024-04-16,7,Bengkulu,15800.0,15700.0,1300.0,4,0.0,Rp0,True
2024-04-16,8,Sumatera Selatan,15350.0,15700.0,1300.0,4,0.0,Rp0,True
2024-04-16,9,Kepulauan Bangka Belitung,16150.0,15700.0,1300.0,3,-0.92,-Rp150,True
2024-04-16,10,Lampung,14650.0,15700.0,1300.0,4,-0.34,-Rp50,True
2024-04-16,11,Banten,15500.0,15700.0,1300.0,4,-1.9,-Rp300,True
2024-04-16,12,Jawa Barat,15250.0,15700.0,1300.0,4,-0.97,-Rp150,True
2024-04-16,13,DKI Jakarta,15650.0,15700.0,1300.0,4,-1.26,-Rp200,True
2024-04-16,14,Jawa Tengah,15000.0,15700.0,1300.0,4,1.01,Rp150,True
2024-04-16,15,DI Yogyakarta,15150.0,15700.0,1300.0,4,0.0,Rp0,True
2024-04-16,16,Jawa Timur,14750.0,15700.0,1300.0,4,-0.67,-Rp100,True
2024-04-16,17,Bali,15400.0,15700.0,1300.0,4,-0.32,-Rp50,True
2024-04-16,18,Nusa Tenggara Barat,13350.0,15700.0,1300.0,5,-1.11,-Rp150,True
2024-04-16,19,Nusa Tenggara Timur,16000.0,15700.0,1300.0,3,-0.93,-Rp150,True
2024-04-16,20,Kalimantan Barat,16400.0,15700.0,1300.0,3,-2.67,-Rp450,True
2024-04-16,21,Kalimantan Selatan,18600.0,15700.0,1300.0,1,0.0,Rp0,True
2024-04-16,22,Kalimantan Tengah,19600.0,15700.0,1300.0,1,0.0,Rp0,True
2024-04-16,23,Kalimantan Timur,16500.0,15700.0,1300.0,3,3.13,Rp500,True
2024-04-16,24,Kalimantan Utara,17050.0,15700.0,1300.0,3,0.0,Rp0,True
2024-04-16,25,Gorontalo,15700.0,15700.0,1300.0,4,-4.85,-Rp800,True
2024-04-16,26,Sulawesi Selatan,13800.0,15700.0,1300.0,5,-0.72,-Rp100,True
2024-04-16,27,Sulawesi Tenggara,15900.0,15700.0,1300.0,3,0.0,Rp0,True
2024-04-16,28,Sulawesi Tengah,16450.0,15700.0,1300.0,3,0.0,Rp0,True
2024-04-16,29,Sulawesi Utara,15550.0,15700.0,1300.0,4,-3.12,-Rp500,True
2024-04-16,30,Sulawesi Barat,14150.0,15700.0,1300.0,5,-1.05,-Rp150,True
2024-04-16,31,Maluku,15950.0,15700.0,1300.0,3,0.0,Rp0,True
2024-04-16,32,Maluku Utara,16850.0,15700.0,1300.0,3,0.0,Rp0,True
2024-04-16,33,Papua,16950.0,15700.0,1300.0,3,-0.88,-Rp150,True
2024-04-16,34,Papua Barat,16650.0,15700.0,1300.0,3,1.22,Rp200,True
2024-04-17,1,Aceh,13800.0,15700.0,1300.0,5,0.0,Rp0,True
2024-04-17,2,Sumatera Utara,13800.0,15700.0,1300.0,5,0.0,Rp0,True
2024-04-17,3,Sumatera Barat,17500.0,15700.0,1300.0,2,0.0,Rp0,True
2024-04-17,4,Riau,15550.0,15700.0,1300.0,4,0.0,Rp0,True
2024-04-17,5,Kepulauan Riau,14600.0,15700.0,1300.0,5,0.0,Rp0,True
2024-04-17,6,Jambi,14700.0,15700.0,1300.0,4,0.0,Rp0,True
2024-04-17,7,Bengkulu,15800.0,15700.0,1300.0,4,0.0,Rp0,True
2024-04-17,8,Sumatera Selatan,15350.0,15700.0,1300.0,4,0.0,Rp0,True
2024-04-17,9,Kepulauan Bangka Belitung,16100.0,15700.0,1300.0,3,-0.31,-Rp50,True
2024-04-17,10,Lampung,14650.0,15700.0,1300.0,4,0.0,Rp0,True
2024-04-17,11,Banten,15500.0,15700.0,1300.0,4,0.0,Rp0,True
2024-04-17,12,Jawa Barat,15200.0,15700.0,1300.0,4,-0.33,-Rp50,True
2024-04-17,13,DKI Jakarta,15650.0,15700.0,1300.0,4,0.0,Rp0,True
2024-04-17,14,Jawa Tengah,15000.0,15700.0,1300.0,4,0.0,Rp0,True
2024-04-17,15,DI Yogyakarta,15150.0,15700.0,1300.0,4,0.0,Rp0,True
2024-04-17,16,Jawa Timur,14750.0,15700.0,1300.0,4,0.0,Rp0,True
2024-04-17,17,Bali,15400.0,15700.0,1300.0,4,0.0,Rp0,True
2024-04-17,18,Nusa Tenggara Barat,13350.0,15700.0,1300.0,5,0.0,Rp0,True
2024-04-17,19,Nusa Tenggara Timur,16100.0,15700.0,1300.0,3,0.63,Rp100,True
2024-04-17,20,Kalimantan Barat,16400.0,15700.0,1300.0,3,0.0,Rp0,True
2024-04-17,21,Kalimantan Selatan,18600.0,15700.0,1300.0,1,0.0,Rp0,True
2024-04-17,22,Kalimantan Tengah,19600.0,15700.0,1300.0,1,0.0,Rp0,True
2024-04-17,23,Kalimantan Timur,16500.0,15700.0,1300.0,3,0.0,Rp0,True
2024-04-17,24,Kalimantan Utara,17050.0,15700.0,1300.0,3,0.0,Rp0,True
2024-04-17,25,Gorontalo,15700.0,15700.0,1300.0,4,0.0,Rp0,True
2024-04-17,26,Sulawesi Selatan,13800.0,15700.0,1300.0,5,0.0,Rp0,True
2024-04-17,27,Sulawesi Tenggara,15800.0,15700.0,1300.0,4,-0.63,-Rp100,True
2024-04-17,28,Sulawesi Tengah,16400.0,15700.0,1300.0,3,-0.3,-Rp50,True
2024-04-17,29,Sulawesi Utara,15000.0,15700.0,1300.0,4,-3.54,-Rp550,True
2024-04-17,30,Sulawesi Barat,14150.0,15700.0,1300.0,5,0.0,Rp0,True
2024-04-17,31,Maluku,15950.0,15700.0,1300.0,3,0.0,Rp0,True
2024-04-17,32,Maluku Utara,16850.0,15700.0,1300.0,3,0.0,Rp0,True
2024-04-17,33,Papua,16950.0,15700.0,1300.0,3,0.0,Rp0,True
2024-04-17,34,Papua Barat,16650.0,15700.0,1300.0,3,0.0,Rp0,True
2024-04-18,1,Aceh,13700.0,15700.0,1350.0,5,-0.72,-Rp100,True
2024-04-18,2,Sumatera Utara,13800.0,15700.0,1350.0,5,0.0,Rp0,True
2024-04-18,3,Sumatera Barat,17500.0,15700.0,1350.0,2,0.0,Rp0,True
2024-04-18,4,Riau,15550.0,15700.0,1350.0,4,0.0,Rp0,True
2024-04-18,5,Kepulauan Riau,14700.0,15700.0,1350.0,4,0.68,Rp100,True
2024-04-18,6,Jambi,14700.0,15700.0,1350.0,4,0.0,Rp0,True
2024-04-18,7,Bengkulu,15800.0,15700.0,1350.0,4,0.0,Rp0,True
2024-04-18,8,Sumatera Selatan,15350.0,15700.0,1350.0,4,0.0,Rp0,True
2024-04-18,9,Kepulauan Bangka Belitung,16100.0,15700.0,1350.0,3,0.0,Rp0,True
2024-04-18,10,Lampung,14650.0,15700.0,1350.0,4,0.0,Rp0,True
2024-04-18,11,Banten,15500.0,15700.0,1350.0,4,0.0,Rp0,True
2024-04-18,12,Jawa Barat,15200.0,15700.0,1350.0,4,0.0,Rp0,True
2024-04-18,13,DKI Jakarta,15650.0,15700.0,1350.0,4,0.0,Rp0,True
2024-04-18,14,Jawa Tengah,15000.0,15700.0,1350.0,4,0.0,Rp0,True
2024-04-18,15,DI Yogyakarta,15150.0,15700.0,1350.0,4,0.0,Rp0,True
2024-04-18,16,Jawa Timur,14800.0,15700.0,1350.0,4,0.34,Rp50,True
2024-04-18,17,Bali,15400.0,15700.0,1350.0,4,0.0,Rp0,True
2024-04-18,18,Nusa Tenggara Barat,13300.0,15700.0,1350.0,5,-0.37,-Rp50,True
2024-04-18,19,Nusa Tenggara Timur,16100.0,15700.0,1350.0,3,0.0,Rp0,True
2024-04-18,20,Kalimantan Barat,16400.0,15700.0,1350.0,3,0.0,Rp0,True
2024-04-18,21,Kalimantan Selatan,18600.0,15700.0,1350.0,1,0.0,Rp0,True
2024-04-18,22,Kalimantan Tengah,19600.0,15700.0,1350.0,1,0.0,Rp0,True
2024-04-18,23,Kalimantan Timur,16400.0,15700.0,1350.0,3,-0.61,-Rp100,True
2024-04-18,24,Kalimantan Utara,17050.0,15700.0,1350.0,3,0.0,Rp0,True
2024-04-18,25,Gorontalo,15700.0,15700.0,1350.0,4,0.0,Rp0,True
2024-04-18,26,Sulawesi Selatan,13800.0,15700.0,1350.0,5,0.0,Rp0,True
2024-04-18,27,Sulawesi Tenggara,15800.0,15700.0,1350.0,4,0.0,Rp0,True
2024-04-18,28,Sulawesi Tengah,16400.0,15700.0,1350.0,3,0.0,Rp0,True
2024-04-18,29,Sulawesi Utara,14850.0,15700.0,1350.0,4,-1.0,-Rp150,True
2024-04-18,30,Sulawesi Barat,14050.0,15700.0,1350.0,5,-0.71,-Rp100,True
2024-04-18,31,Maluku,15950.0,15700.0,1350.0,3,0.0,Rp0,True
2024-04-18,32,Maluku Utara,16850.0,15700.0,1350.0,3,0.0,Rp0,True
2024-04-18,33,Papua,16950.0,15700.0,1350.0,3,0.0,Rp0,True
2024-04-18,34,Papua Barat,16650.0,15700.0,1350.0,3,0.0,Rp0,True
2024-04-19,1,Aceh,13800.0,15650.0,1300.0,5,0.73,Rp100,True
2024-04-19,2,Sumatera Utara,13800.0,15650.0,1300.0,5,0.0,Rp0,True
2024-04-19,3,Sumatera Barat,17500.0,15650.0,1300.0,2,0.0,Rp0,True
2024-04-19,4,Riau,15550.0,15650.0,1300.0,4,0.0,Rp0,True
2024-04-19,5,Kepulauan Riau,14600.0,15650.0,1300.0,4,-0.68,-Rp100,True
2024-04-19,6,Jambi,14700.0,15650.0,1300.0,4,0.0,Rp0,True
2024-04-19,7,Bengkulu,15800.0,15650.0,1300.0,4,0.0,Rp0,True
2024-04-19,8,Sumatera Selatan,15300.0,15650.0,1300.0,4,-0.33,-Rp50,True
2024-04-19,9,Kepulauan Bangka Belitung,16100.0,15650.0,1300.0,3,0.0,Rp0,True
2024-04-19,10,Lampung,14650.0,15650.0,1300.0,4,0.0,Rp0,True
2024-04-19,11,Banten,15500.0,15650.0,1300.0,4,0.0,Rp0,True
2024-04-19,12,Jawa Barat,15200.0,15650.0,1300.0,4,0.0,Rp0,True
2024-04-19,13,DKI Jakarta,15650.0,15650.0,1300.0,4,0.0,Rp0,True
2024-04-19,14,Jawa Tengah,15000.0,15650.0,1300.0,4,0.0,Rp0,True
2024-04-19,15,DI Yogyakarta,15150.0,15650.0,1300.0,4,0.0,Rp0,True
2024-04-19,16,Jawa Timur,14750.0,15650.0,1300.0,4,-0.34,-Rp50,True
2024-04-19,17,Bali,15400.0,15650.0,1300.0,4,0.0,Rp0,True
2024-04-19,18,Nusa Tenggara Barat,13300.0,15650.0,1300.0,5,0.0,Rp0,True
2024-04-19,19,Nusa Tenggara Timur,16100.0,15650.0,1300.0,3,0.0,Rp0,True
2024-04-19,20,Kalimantan Barat,16400.0,15650.0,1300.0,3,0.0,Rp0,True
2024-04-19,21,Kalimantan Selatan,18600.0,15650.0,1300.0,1,0.0,Rp0,True
2024-04-19,22,Kalimantan Tengah,19600.0,15650.0,1300.0,1,0.0,Rp0,True
2024-04-19,23,Kalimantan Timur,16300.0,15650.0,1300.0,3,-0.61,-Rp100,True
2024-04-19,24,Kalimantan Utara,17050.0,15650.0,1300.0,3,0.0,Rp0,True
2024-04-19,25,Gorontalo,15600.0,15650.0,1300.0,4,-0.64,-Rp100,True
2024-04-19,26,Sulawesi Selatan,13800.0,15650.0,1300.0,5,0.0,Rp0,True
2024-04-19,27,Sulawesi Tenggara,15800.0,15650.0,1300.0,4,0.0,Rp0,True
2024-04-19,28,Sulawesi Tengah,16300.0,15650.0,1300.0,3,-0.61,-Rp100,True
2024-04-19,29,Sulawesi Utara,14950.0,15650.0,1300.0,4,0.67,Rp100,True
2024-04-19,30,Sulawesi Barat,14050.0,15650.0,1300.0,5,0.0,Rp0,True
2024-04-19,31,Maluku,15950.0,15650.0,1300.0,3,0.0,Rp0,True
2024-04-19,32,Maluku Utara,16850.0,15650.0,1300.0,3,0.0,Rp0,True
2024-04-19,33,Papua,16950.0,15650.0,1300.0,3,0.0,Rp0,True
2024-04-19,34,Papua Barat,16650.0,15650.0,1300.0,3,0.0,Rp0,True
2024-04-20,1,Aceh,0.0,,0.0,6,0.0,,False
2024-04-20,2,Sumatera Utara,0.0,,0.0,6,0.0,,False
2024-04-20,3,Sumatera Barat,0.0,,0.0,6,0.0,,False
2024-04-20,4,Riau,0.0,,0.0,6,0.0,,False
2024-04-20,5,Kepulauan Riau,0.0,,0.0,6,0.0,,False
2024-04-20,6,Jambi,0.0,,0.0,6,0.0,,False
2024-04-20,7,Bengkulu,0.0,,0.0,6,0.0,,False
2024-04-20,8,Sumatera Selatan,0.0,,0.0,6,0.0,,False
2024-04-20,9,Kepulauan Bangka Belitung,0.0,,0.0,6,0.0,,False
2024-04-20,10,Lampung,0.0,,0.0,6,0.0,,False
2024-04-20,11,Banten,0.0,,0.0,6,0.0,,False
2024-04-20,12,Jawa Barat,0.0,,0.0,6,0.0,,False
2024-04-20,13,DKI Jakarta,0.0,,0.0,6,0.0,,False
2024-04-20,14,Jawa Tengah,0.0,,0.0,6,0.0,,False
2024-04-20,15,DI Yogyakarta,0.0,,0.0,6,0.0,,False
2024-04-20,16,Jawa Timur,0.0,,0.0,6,0.0,,False
2024-04-20,17,Bali,0.0,,0.0,6,0.0,,False
2024-04-20,18,Nusa Tenggara Barat,0.0,,0.0,6,0.0,,False
2024-04-20,19,Nusa Tenggara Timur,0.0,,0.0,6,0.0,,False
2024-04-20,20,Kalimantan Barat,0.0,,0.0,6,0.0,,False
2024-04-20,21,Kalimantan Selatan,0.0,,0.0,6,0.0,,False
2024-04-20,22,Kalimantan Tengah,0.0,,0.0,6,0.0,,False
2024-04-20,23,Kalimantan Timur,0.0,,0.0,6,0.0,,False
2024-04-20,24,Kalimantan Utara,0.0,,0.0,6,0.0,,False
2024-04-20,25,Gorontalo,0.0,,0.0,6,0.0,,False
2024-04-20,26,Sulawesi Selatan,0.0,,0.0,6,0.0,,False
2024-04-20,27,Sulawesi Tenggara,0.0,,0.0,6,0.0,,False
2024-04-20,28,Sulawesi Tengah,0.0,,0.0,6,0.0,,False
2024-04-20,29,Sulawesi Utara,0.0,,0.0,6,0.0,,False
2024-04-20,30,Sulawesi Barat,0.0,,0.0,6,0.0,,False
2024-04-20,31,Maluku,0.0,,0.0,6,0.0,,False
2024-04-20,32,Maluku Utara,0.0,,0.0,6,0.0,,False
2024-04-20,33,Papua,0.0,,0.0,6,0.0,,False
2024-04-20,34,Papua Barat,0.0,,0.0,6,0.0,,False
2024-04-21,1,Aceh,0.0,,0.0,6,0.0,,False
2024-04-21,2,Sumatera Utara,0.0,,0.0,6,0.0,,False
2024-04-21,3,Sumatera Barat,0.0,,0.0,6,0.0,,False
2024-04-21,4,Riau,0.0,,0.0,6,0.0,,False
2024-04-21,5,Kepulauan Riau,0.0,,0.0,6,0.0,,False
2024-04-21,6,Jambi,0.0,,0.0,6,0.0,,False
2024-04-21,7,Bengkulu,0.0,,0.0,6,0.0,,False
2024-04-21,8,Sumatera Selatan,0.0,,0.0,6,0.0,,False
2024-04-21,9,Kepulauan Bangka Belitung,0.0,,0.0,6,0.0,,False
2024-04-21,10,Lampung,0.0,,0.0,6,0.0,,False
2024-04-21,11,Banten,0.0,,0.0,6,0.0,,False
2024-04-21,12,Jawa Barat,0.0,,0.0,6,0.0,,False
2024-04-21,13,DKI Jakarta,0.0,,0.0,6,0.0,,False
2024-04-21,14,Jawa Tengah,0.0,,0.0,6,0.0,,False
2024-04-21,15,DI Yogyakarta,0.0,,0.0,6,0.0,,False
2024-04-21,16,Jawa Timur,0.0,,0.0,6,0.0,,False
2024-04-21,17,Bali,0.0,,0.0,6,0.0,,False
2024-04-21,18,Nusa Tenggara Barat,0.0,,0.0,6,0.0,,False
2024-04-21,19,Nusa Tenggara Timur,0.0,,0.0,6,0.0,,False
2024-04-21,20,Kalimantan Barat,0.0,,0.0,6,0.0,,False
2024-04-21,21,Kalimantan Selatan,0.0,,0.0,6,0.0,,False
2024-04-21,22,Kalimantan Tengah,0.0,,0.0,6,0.0,,False
2024-04-21,23,Kalimantan Timur,0.0,,0.0,6,0.0,,False
2024-04-21,24,Kalimantan Utara,0.0,,0.0,6,0.0,,False
2024-04-21,25,Gorontalo,0.0,,0.0,6,0.0,,False
2024-04-21,26,Sulawesi Selatan,0.0,,0.0,6,0.0,,False
2024-04-21,27,Sulawesi Tenggara,0.0,,0.0,6,0.0,,False
2024-04-21,28,Sulawesi Tengah,0.0,,0.0,6,0.0,,False
2024-04-21,29,Sulawesi Utara,0.0,,0.0,6,0.0,,False
2024-04-21,30,Sulawesi Barat,0.0,,0.0,6,0.0,,False
2024-04-21,31,Maluku,0.0,,0.0,6,0.0,,False
2024-04-21,32,Maluku Utara,0.0,,0.0,6,0.0,,False
2024-04-21,33,Papua,0.0,,0.0,6,0.0,,False
2024-04-21,34,Papua Barat,0.0,,0.0,6,0.0,,False
2024-04-22,1,Aceh,14000.0,15600.0,1350.0,5,1.45,Rp200,True
2024-04-22,2,Sumatera Utara,13800.0,15600.0,1350.0,5,0.0,Rp0,True
2024-04-22,3,Sumatera Barat,17500.0,15600.0,1350.0,2,0.0,Rp0,True
2024-04-22,4,Riau,15500.0,15600.0,1350.0,4,-0.32,-Rp50,True
2024-04-22,5,Kepulauan Riau,14600.0,15600.0,1350.0,4,0.0,Rp0,True
2024-04-22,6,Jambi,14700.0,15600.0,1350.0,4,0.0,Rp0,True
2024-04-22,7,Bengkulu,15800.0,15600.0,1350.0,4,0.0,Rp0,True
2024-04-22,8,Sumatera Selatan,15300.0,15600.0,1350.0,4,0.0,Rp0,True
2024-04-22,9,Kepulauan Bangka Belitung,15900.0,15600.0,1350.0,3,-1.24,-Rp200,True
2024-04-22,10,Lampung,14450.0,15600.0,1350.0,5,-1.37,-Rp200,True
2024-04-22,11,Banten,15500.0,15600.0,1350.0,4,0.0,Rp0,True
2024-04-22,12,Jawa Barat,15100.0,15600.0,1350.0,4,-0.66,-Rp100,True
2024-04-22,13,DKI Jakarta,15550.0,15600.0,1350.0,4,-0.64,-Rp100,True
2024-04-22,14,Jawa Tengah,14900.0,15600.0,1350.0,4,-0.67,-Rp100,True
2024-04-22,15,DI Yogyakarta,15150.0,15600.0,1350.0,4,0.0,Rp0,True
2024-04-22,16,Jawa Timur,14550.0,15600.0,1350.0,5,-1.36,-Rp200,True
2024-04-22,17,Bali,15350.0,15600.0,1350.0,4,-0.32,-Rp50,True
2024-04-22,18,Nusa Tenggara Barat,13300.0,15600.0,1350.0,5,0.0,Rp0,True
2024-04-22,19,Nusa Tenggara Timur,16100.0,15600.0,1350.0,3,0.0,Rp0,True
2024-04-22,20,Kalimantan Barat,16400.0,15600.0,1350.0,3,0.0,Rp0,True
2024-04-22,21,Kalimantan Selatan,18600.0,15600.0,1350.0,1,0.0,Rp0,True
2024-04-22,22,Kalimantan Tengah,19600.0,15600.0,1350.0,1,0.0,Rp0,True
2024-04-22,23,Kalimantan Timur,16300.0,15600.0,1350.0,3,0.0,Rp0,True
2024-04-22,24,Kalimantan Utara,17050.0,15600.0,1350.0,3,0.0,Rp0,True
2024-04-22,25,Gorontalo,15150.0,15600.0,1350.0,4,-2.88,-Rp450,True
2024-04-22,26,Sulawesi Selatan,13800.0,15600.0,1350.0,5,0.0,Rp0,True
2024-04-22,27,Sulawesi Tenggara,15500.0,15600.0,1350.0,4,-1.9,-Rp300,True
2024-04-22,28,Sulawesi Tengah,16300.0,15600.0,1350.0,3,0.0,Rp0,True
2024-04-22,29,Sulawesi Utara,14850.0,15600.0,1350.0,4,-0.67,-Rp100,True
2024-04-22,30,Sulawesi Barat,14000.0,15600.0,1350.0,5,-0.36,-Rp50,True
2024-04-22,31,Maluku,15950.0,15600.0,1350.0,3,0.0,Rp0,True
2024-04-22,32,Maluku Utara,16850.0,15600.0,1350.0,3,0.0,Rp0,True
2024-04-22,33,Papua,16900.0,15600.0,1350.0,3,-0.29,-Rp50,True
2024-04-22,34,Papua Barat,16450.0,15600.0,1350.0,3,-1.2,-Rp200,True
2024-04-23,1,Aceh,13800.0,15600.0,1350.0,5,-1.43,-Rp200,True
2024-04-23,2,Sumatera Utara,13800.0,15600.0,1350.0,5,0.0,Rp0,True
2024-04-23,3,Sumatera Barat,17500.0,15600.0,1350.0,2,0.0,Rp0,True
2024-04-23,4,Riau,15500.0,15600.0,1350.0,4,0.0,Rp0,True
2024-04-23,5,Kepulauan Riau,14600.0,15600.0,1350.0,4,0.0,Rp0,True
2024-04-23,6,Jambi,14700.0,15600.0,1350.0,4,0.0,Rp0,True
2024-04-23,7,Bengkulu,15450.0,15600.0,1350.0,4,-2.22,-Rp350,True
2024-04-23,8,Sumatera Selatan,15250.0,15600.0,1350.0,4,-0.33,-Rp50,True
2024-04-23,9,Kepulauan Bangka Belitung,16100.0,15600.0,1350.0,3,1.26,Rp200,True
2024-04-23,10,Lampung,14450.0,15600.0,1350.0,5,0.0,Rp0,True
2024-04-23,11,Banten,15050.0,15600.0,1350.0,4,-2.9,-Rp450,True
2024-04-23,12,Jawa Barat,15050.0,15600.0,1350.0,4,-0.33,-Rp50,True
2024-04-23,13,DKI Jakarta,15550.0,15600.0,1350.0,4,0.0,Rp0,True
2024-04-23,14,Jawa Tengah,14850.0,15600.0,1350.0,4,-0.34,-Rp50,True
2024-04-23,15,DI Yogyakarta,15150.0,15600.0,1350.0,4,0.0,Rp0,True
2024-04-23,16,Jawa Timur,14500.0,15600.0,1350.0,5,-0.34,-Rp50,True
2024-04-23,17,Bali,15350.0,15600.0,1350.0,4,0.0,Rp0,True
2024-04-23,18,Nusa Tenggara Barat,13250.0,15600.0,1350.0,5,-0.38,-Rp50,True
2024-04-23,19,Nusa Tenggara Timur,16100.0,15600.0,1350.0,3,0.0,Rp0,True
2024-04-23,20,Kalimantan Barat,16450.0,15600.0,1350.0,3,0.3,Rp50,True
2024-04-23,21,Kalimantan Selatan,18600.0,15600.0,1350.0,1,0.0,Rp0,True
2024-04-23,22,Kalimantan Tengah,19550.0,15600.0,1350.0,1,-0.26,-Rp50,True
2024-04-23,23,Kalimantan Timur,16300.0,15600.0,1350.0,3,0.0,Rp0,True
2024-04-23,24,Kalimantan Utara,17050.0,15600.0,1350.0,2,0.0,Rp0,True
2024-04-23,25,Gorontalo,15150.0,15600.0,1350.0,4,0.0,Rp0,True
2024-04-23,26,Sulawesi Selatan,13750.0,15600.0,1350.0,5,-0.36,-Rp50,True
2024-04-23,27,Sulawesi Tenggara,15500.0,15600.0,1350.0,4,0.0,Rp0,True
2024-04-23,28,Sulawesi Tengah,16250.0,15600.0,1350.0,3,-0.31,-Rp50,True
2024-04-23,29,Sulawesi Utara,14900.0,15600.0,1350.0,4,0.34,Rp50,True
2024-04-23,30,Sulawesi Barat,14000.0,15600.0,1350.0,5,0.0,Rp0,True
2024-04-23,31,Maluku,15900.0,15600.0,1350.0,3,-0.31,-Rp50,True
2024-04-23,32,Maluku Utara,16850.0,15600.0,1350.0,3,0.0,Rp0,True
2024-04-23,33,Papua,16900.0,15600.0,1350.0,3,0.0,Rp0,True
2024-04-23,34,Papua Barat,16600.0,15600.0,1350.0,3,0.91,Rp150,True
2024-04-24,1,Aceh,13800.0,15550.0,2950.0,5,0.0,Rp0,True
2024-04-24,2,Sumatera Utara,13800.0,15550.0,2950.0,5,0.0,Rp0,True
2024-04-24,3,Sumatera Barat,17500.0,15550.0,2950.0,2,0.0,Rp0,True
2024-04-24,4,Riau,15500.0,15550.0,2950.0,4,0.0,Rp0,True
2024-04-24,5,Kepulauan Riau,14600.0,15550.0,2950.0,4,0.0,Rp0,True
2024-04-24,6,Jambi,14700.0,15550.0,2950.0,4,0.0,Rp0,True
2024-04-24,7,Bengkulu,15450.0,15550.0,2950.0,4,0.0,Rp0,True
2024-04-24,8,Sumatera Selatan,15250.0,15550.0,2950.0,4,0.0,Rp0,True
2024-04-24,9,Kepulauan Bangka Belitung,16100.0,15550.0,2950.0,3,0.0,Rp0,True
2024-04-24,10,Lampung,14200.0,15550.0,2950.0,5,-1.73,-Rp250,True
2024-04-24,11,Banten,15050.0,15550.0,2950.0,4,0.0,Rp0,True
2024-04-24,12,Jawa Barat,15000.0,15550.0,2950.0,4,-0.33,-Rp50,True
2024-04-24,13,DKI Jakarta,15550.0,15550.0,2950.0,4,0.0,Rp0,True
2024-04-24,14,Jawa Tengah,14850.0,15550.0,2950.0,4,0.0,Rp0,True
2024-04-24,15,DI Yogyakarta,15150.0,15550.0,2950.0,4,0.0,Rp0,True
2024-04-24,16,Jawa Timur,14450.0,15550.0,2950.0,5,-0.34,-Rp50,True
2024-04-24,17,Bali,15350.0,15550.0,2950.0,4,0.0,Rp0,True
2024-04-24,18,Nusa Tenggara Barat,13250.0,15550.0,2950.0,5,0.0,Rp0,True
2024-04-24,19,Nusa Tenggara Timur,16100.0,15550.0,2950.0,3,0.0,Rp0,True
2024-04-24,20,Kalimantan Barat,16400.0,15550.0,2950.0,3,-0.3,-Rp50,True
2024-04-24,21,Kalimantan Selatan,18600.0,15550.0,2950.0,1,0.0,Rp0,True
2024-04-24,22,Kalimantan Tengah,19500.0,15550.0,2950.0,1,-0.26,-Rp50,True
2024-04-24,23,Kalimantan Timur,16300.0,15550.0,2950.0,3,0.0,Rp0,True
2024-04-24,24,Kalimantan Utara,17050.0,15550.0,2950.0,2,0.0,Rp0,True
2024-04-24,25,Gorontalo,15150.0,15550.0,2950.0,4,0.0,Rp0,True
2024-04-24,26,Sulawesi Selatan,13750.0,15550.0,2950.0,5,0.0,Rp0,True
2024-04-24,27,Sulawesi Tenggara,15450.0,15550.0,2950.0,4,-0.32,-Rp50,True
2024-04-24,28,Sulawesi Tengah,15400.0,15550.0,2950.0,4,-5.23,-Rp850,True
2024-04-24,29,Sulawesi Utara,14850.0,15550.0,2950.0,4,-0.34,-Rp50,True
2024-04-24,30,Sulawesi Barat,14000.0,15550.0,2950.0,5,0.0,Rp0,True
2024-04-24,31,Maluku,0.0,15550.0,2950.0,6,0.0,,False
2024-04-24,32,Maluku Utara,16850.0,15550.0,2950.0,3,0.0,Rp0,True
2024-04-24,33,Papua,16900.0,15550.0,2950.0,3,0.0,Rp0,True
2024-04-24,34,Papua Barat,16550.0,15550.0,2950.0,3,-0.3,-Rp50,True
2024-04-25,1,Aceh,13800.0,15500.0,1350.0,5,0.0,Rp0,True
2024-04-25,2,Sumatera Utara,13800.0,15500.0,1350.0,5,0.0,Rp0,True
2024-04-25,3,Sumatera Barat,17500.0,15500.0,1350.0,2,0.0,Rp0,True
2024-04-25,4,Riau,15500.0,15500.0,1350.0,4,0.0,Rp0,True
2024-04-25,5,Kepulauan Riau,14650.0,15500.0,1350.0,4,0.34,Rp50,True
2024-04-25,6,Jambi,14700.0,15500.0,1350.0,4,0.0,Rp0,True
2024-04-25,7,Bengkulu,15400.0,15500.0,1350.0,4,-0.32,-Rp50,True
2024-04-25,8,Sumatera Selatan,15250.0,15500.0,1350.0,4,0.0,Rp0,True
2024-04-25,9,Kepulauan Bangka Belitung,16050.0,15500.0,1350.0,3,-0.31,-Rp50,True
2024-04-25,10,Lampung,14200.0,15500.0,1350.0,5,0.0,Rp0,True
2024-04-25,11,Banten,15050.0,15500.0,1350.0,4,0.0,Rp0,True
2024-04-25,12,Jawa Barat,15000.0,15500.0,1350.0,4,0.0,Rp0,True
2024-04-25,13,DKI Jakarta,15550.0,15500.0,1350.0,4,0.0,Rp0,True
2024-04-25,14,Jawa Tengah,14850.0,15500.0,1350.0,4,0.0,Rp0,True
2024-04-25,15,DI Yogyakarta,15150.0,15500.0,1350.0,4,0.0,Rp0,True
2024-04-25,16,Jawa Timur,14450.0,15500.0,1350.0,5,0.0,Rp0,True
2024-04-25,17,Bali,15100.0,15500.0,1350.0,4,-1.63,-Rp250,True
2024-04-25,18,Nusa Tenggara Barat,13250.0,15500.0,1350.0,5,0.0,Rp0,True
2024-04-25,19,Nusa Tenggara Timur,16100.0,15500.0,1350.0,3,0.0,Rp0,True
2024-04-25,20,Kalimantan Barat,16400.0,15500.0,1350.0,3,0.0,Rp0,True
2024-04-25,21,Kalimantan Selatan,18450.0,15500.0,1350.0,1,-0.81,-Rp150,True
2024-04-25,22,Kalimantan Tengah,19500.0,15500.0,1350.0,1,0.0,Rp0,True
2024-04-25,23,Kalimantan Timur,16300.0,15500.0,1350.0,3,0.0,Rp0,True
2024-04-25,24,Kalimantan Utara,17050.0,15500.0,1350.0,2,0.0,Rp0,True
2024-04-25,25,Gorontalo,15100.0,15500.0,1350.0,4,-0.33,-Rp50,True
2024-04-25,26,Sulawesi Selatan,13750.0,15500.0,1350.0,5,0.0,Rp0,True
2024-04-25,27,Sulawesi Tenggara,15450.0,15500.0,1350.0,4,0.0,Rp0,True
2024-04-25,28,Sulawesi Tengah,15400.0,15500.0,1350.0,4,0.0,Rp0,True
2024-04-25,29,Sulawesi Utara,14650.0,15500.0,1350.0,4,-1.35,-Rp200,True
2024-04-25,30,Sulawesi Barat,14000.0,15500.0,1350.0,5,0.0,Rp0,True
2024-04-25,31,Maluku,15900.0,15500.0,1350.0,6,0.0,,True
2024-04-25,32,Maluku Utara,16850.0,15500.0,1350.0,3,0.0,Rp0,True
2024-04-25,33,Papua,16900.0,15500.0,1350.0,3,0.0,Rp0,True
2024-04-25,34,Papua Barat,16550.0,15500.0,1350.0,3,0.0,Rp0,True
2024-04-26,1,Aceh,13800.0,15500.0,1350.0,5,0.0,Rp0,True
2024-04-26,2,Sumatera Utara,13800.0,15500.0,1350.0,5,0.0,Rp0,True
2024-04-26,3,Sumatera Barat,17500.0,15500.0,1350.0,2,0.0,Rp0,True
2024-04-26,4,Riau,15500.0,15500.0,1350.0,4,0.0,Rp0,True
2024-04-26,5,Kepulauan Riau,14650.0,15500.0,1350.0,4,0.0,Rp0,True
2024-04-26,6,Jambi,14700.0,15500.0,1350.0,4,0.0,Rp0,True
2024-04-26,7,Bengkulu,15400.0,15500.0,1350.0,4,0.0,Rp0,True
2024-04-26,8,Sumatera Selatan,15250.0,15500.0,1350.0,4,0.0,Rp0,True
2024-04-26,9,Kepulauan Bangka Belitung,16050.0,15500.0,1350.0,3,0.0,Rp0,True
2024-04-26,10,Lampung,14200.0,15500.0,1350.0,5,0.0,Rp0,True
2024-04-26,11,Banten,15050.0,15500.0,1350.0,4,0.0,Rp0,True
2024-04-26,12,Jawa Barat,14950.0,15500.0,1350.0,4,-0.33,-Rp50,True
2024-04-26,13,DKI Jakarta,15550.0,15500.0,1350.0,4,0.0,Rp0,True
2024-04-26,14,Jawa Tengah,14800.0,15500.0,1350.0,4,-0.34,-Rp50,True
2024-04-26,15,DI Yogyakarta,15150.0,15500.0,1350.0,4,0.0,Rp0,True
2024-04-26,16,Jawa Timur,14450.0,15500.0,1350.0,5,0.0,Rp0,True
2024-04-26,17,Bali,15100.0,15500.0,1350.0,4,0.0,Rp0,True
2024-04-26,18,Nusa Tenggara Barat,13250.0,15500.0,1350.0,5,0.0,Rp0,True
2024-04-26,19,Nusa Tenggara Timur,16100.0,15500.0,1350.0,3,0.0,Rp0,True
2024-04-26,20,Kalimantan Barat,16400.0,15500.0,1350.0,3,0.0,Rp0,True
2024-04-26,21,Kalimantan Selatan,18450.0,15500.0,1350.0,1,0.0,Rp0,True
2024-04-26,22,Kalimantan Tengah,19500.0,15500.0,1350.0,1,0.0,Rp0,True
2024-04-26,23,Kalimantan Timur,16350.0,15500.0,1350.0,3,0.31,Rp50,True
2024-04-26,24,Kalimantan Utara,17050.0,15500.0,1350.0,2,0.0,Rp0,True
2024-04-26,25,Gorontalo,14850.0,15500.0,1350.0,4,-1.66,-Rp250,True
2024-04-26,26,Sulawesi Selatan,13750.0,15500.0,1350.0,5,0.0,Rp0,True
2024-04-26,27,Sulawesi Tenggara,15450.0,15500.0,1350.0,4,0.0,Rp0,True
2024-04-26,28,Sulawesi Tengah,14900.0,15500.0,1350.0,4,-3.25,-Rp500,True
2024-04-26,29,Sulawesi Utara,14700.0,15500.0,1350.0,4,0.34,Rp50,True
2024-04-26,30,Sulawesi Barat,14000.0,15500.0,1350.0,5,0.0,Rp0,True
2024-04-26,31,Maluku,15950.0,15500.0,1350.0,3,0.31,Rp50,True
2024-04-26,32,Maluku Utara,16850.0,15500.0,1350.0,3,0.0,Rp0,True
2024-04-26,33,Papua,16900.0,15500.0,1350.0,3,0.0,Rp0,True
2024-04-26,34,Papua Barat,16550.0,15500.0,1350.0,3,0.0,Rp0,True
2024-04-27,1,Aceh,13800.0,15500.0,1350.0,5,0.0,Rp0,True
2024-04-27,2,Sumatera Utara,13800.0,15500.0,1350.0,5,0.0,Rp0,True
2024-04-27,3,Sumatera Barat,17500.0,15500.0,1350.0,2,0.0,Rp0,True
2024-04-27,4,Riau,15500.0,15500.0,1350.0,4,0.0,Rp0,True
2024-04-27,5,Kepulauan Riau,14650.0,15500.0,1350.0,4,0.0,Rp0,True
2024-04-27,6,Jambi,14700.0,15500.0,1350.0,4,0.0,Rp0,True
2024-04-27,7,Bengkulu,15400.0,15500.0,1350.0,4,0.0,Rp0,True
2024-04-27,8,Sumatera Selatan,15250.0,15500.0,1350.0,4,0.0,Rp0,True
2024-04-27,9,Kepulauan Bangka Belitung,16050.0,15500.0,1350.0,3,0.0,Rp0,True
2024-04-27,10,Lampung,14200.0,15500.0,1350.0,5,0.0,Rp0,True
2024-04-27,11,Banten,15050.0,15500.0,1350.0,4,0.0,Rp0,True
2024-04-27,12,Jawa Barat,14950.0,15500.0,1350.0,4,-0.33,-Rp50,True
2024-04-27,13,DKI Jakarta,15550.0,15500.0,1350.0,4,0.0,Rp0,True
2024-04-27,14,Jawa Tengah,14800.0,15500.0,1350.0,4,-0.34,-Rp50,True
2024-04-27,15,DI Yogyakarta,15150.0,15500.0,1350.0,4,0.0,Rp0,True
2024-04-27,16,Jawa Timur,14450.0,15500.0,1350.0,5,0.0,Rp0,True
2024-04-27,17,Bali,15100.0,15500.0,1350.0,4,0.0,Rp0,True
2024-04-27,18,Nusa Tenggara Barat,13250.0,15500.0,1350.0,5,0.0,Rp0,True
2024-04-27,19,Nusa Tenggara Timur,16100.0,15500.0,1350.0,3,0.0,Rp0,True
2024-04-27,20,Kalimantan Barat,16400.0,15500.0,1350.0,3,0.0,Rp0,True
2024-04-27,21,Kalimantan Selatan,18450.0,15500.0,1350.0,1,0.0,Rp0,True
2024-04-27,22,Kalimantan Tengah,19500.0,15500.0,1350.0,1,0.0,Rp0,True
2024-04-27,23,Kalimantan Timur,16350.0,15500.0,1350.0,3,0.31,Rp50,True
2024-04-27,24,Kalimantan Utara,17050.0,15500.0,1350.0,2,0.0,Rp0,True
2024-04-27,25,Gorontalo,14850.0,15500.0,1350.0,4,-1.66,-Rp250,True
2024-04-27,26,Sulawesi Selatan,13750.0,15500.0,1350.0,5,0.0,Rp0,True
2024-04-27,27,Sulawesi Tenggara,15450.0,15500.0,1350.0,4,0.0,Rp0,True
2024-04-27,28,Sulawesi Tengah,14900.0,15500.0,1350.0,4,-3.25,-Rp500,True
2024-04-27,29,Sulawesi Utara,14700.0,15500.0,1350.0,4,0.34,Rp50,True
2024-04-27,30,Sulawesi Barat,14000.0,15500.0,1350.0,5,0.0,Rp0,True
2024-04-27,31,Maluku,15950.0,15500.0,1350.0,3,0.31,Rp50,True
2024-04-27,32,Maluku Utara,16850.0,15500.0,1350.0,3,0.0,Rp0,True
2024-04-27,33,Papua,16900.0,15500.0,1350.0,3,0.0,Rp0,True
2024-04-27,34,Papua Barat,16550.0,15500.0,1350.0,3,0.0,Rp0,True
2024-04-28,1,Aceh,13800.0,15500.0,1350.0,5,0.0,Rp0,True
2024-04-28,2,Sumatera Utara,13800.0,15500.0,1350.0,5,0.0,Rp0,True
2024-04-28,3,Sumatera Barat,17500.0,15500.0,1350.0,2,0.0,Rp0,True
2024-04-28,4,Riau,15500.0,15500.0,1350.0,4,0.0,Rp0,True
2024-04-28,5,Kepulauan Riau,14650.0,15500.0,1350.0,4,0.0,Rp0,True
2024-04-28,6,Jambi,14700.0,15500.0,1350.0,4,0.0,Rp0,True
2024-04-28,7,Bengkulu,15400.0,15500.0,1350.0,4,0.0,Rp0,True
2024-04-28,8,Sumatera Selatan,15250.0,15500.0,1350.0,4,0.0,Rp0,True
2024-04-28,9,Kepulauan Bangka Belitung,16050.0,15500.0,1350.0,3,0.0,Rp0,True
2024-04-28,10,Lampung,14200.0,15500.0,1350.0,5,0.0,Rp0,True
2024-04-28,11,Banten,15050.0,15500.0,1350.0,4,0.0,Rp0,True
2024-04-28,12,Jawa Barat,14950.0,15500.0,1350.0,4,-0.33,-Rp50,True
2024-04-28,13,DKI Jakarta,15550.0,15500.0,1350.0,4,0.0,Rp0,True
2024-04-28,14,Jawa Tengah,14800.0,15500.0,1350.0,4,-0.34,-Rp50,True
2024-04-28,15,DI Yogyakarta,15150.0,15500.0,1350.0,4,0.0,Rp0,True
2024-04-28,16,Jawa Timur,14450.0,15500.0,1350.0,5,0.0,Rp0,True
2024-04-28,17,Bali,15100.0,15500.0,1350.0,4,0.0,Rp0,True
2024-04-28,18,Nusa Tenggara Barat,13250.0,15500.0,1350.0,5,0.0,Rp0,True
2024-04-28,19,Nusa Tenggara Timur,16100.0,15500.0,1350.0,3,0.0,Rp0,True
2024-04-28,20,Kalimantan Barat,16400.0,15500.0,1350.0,3,0.0,Rp0,True
2024-04-28,21,Kalimantan Selatan,18450.0,15500.0,1350.0,1,0.0,Rp0,True
2024-04-28,22,Kalimantan Tengah,19500.0,15500.0,1350.0,1,0.0,Rp0,True
2024-04-28,23,Kalimantan Timur,16350.0,15500.0,1350.0,3,0.31,Rp50,True
2024-04-28,24,Kalimantan Utara,17050.0,15500.0,1350.0,2,0.0,Rp0,True
2024-04-28,25,Gorontalo,14850.0,15500.0,1350.0,4,-1.66,-Rp250,True
2024-04-28,26,Sulawesi Selatan,13750.0,15500.0,1350.0,5,0.0,Rp0,True
2024-04-28,27,Sulawesi Tenggara,15450.0,15500.0,1350.0,4,0.0,Rp0,True
2024-04-28,28,Sulawesi Tengah,14900.0,15500.0,1350.0,4,-3.25,-Rp500,True
2024-04-28,29,Sulawesi Utara,14700.0,15500.0,1350.0,4,0.34,Rp50,True
2024-04-28,30,Sulawesi Barat,14000.0,15500.0,1350.0,5,0.0,Rp0,True
2024-04-28,31,Maluku,15950.0,15500.0,1350.0,3,0.31,Rp50,True
2024-04-28,32,Maluku Utara,16850.0,15500.0,1350.0,3,0.0,Rp0,True
2024-04-28,33,Papua,16900.0,15500.0,1350.0,3,0.0,Rp0,True
2024-04-28,34,Papua Barat,16550.0,15500.0,1350.0,3,0.0,Rp0,True
2024-04-29,1,Aceh,13800.0,15500.0,1400.0,5,0.0,Rp0,True
2024-04-29,2,Sumatera Utara,13750.0,15500.0,1400.0,5,-0.36,-Rp50,True
2024-04-29,3,Sumatera Barat,17500.0,15500.0,1400.0,2,0.0,Rp0,True
2024-04-29,4,Riau,15500.0,15500.0,1400.0,4,0.0,Rp0,True
2024-04-29,5,Kepulauan Riau,14650.0,15500.0,1400.0,4,0.0,Rp0,True
2024-04-29,6,Jambi,14700.0,15500.0,1400.0,4,0.0,Rp0,True
2024-04-29,7,Bengkulu,15250.0,15500.0,1400.0,4,-0.97,-Rp150,True
2024-04-29,8,Sumatera Selatan,15250.0,15500.0,1400.0,4,0.0,Rp0,True
2024-04-29,9,Kepulauan Bangka Belitung,16050.0,15500.0,1400.0,3,0.0,Rp0,True
2024-04-29,10,Lampung,14150.0,15500.0,1400.0,5,-0.35,-Rp50,True
2024-04-29,11,Banten,15050.0,15500.0,1400.0,4,0.0,Rp0,True
2024-04-29,12,Jawa Barat,14900.0,15500.0,1400.0,4,-0.33,-Rp50,True
2024-04-29,13,DKI Jakarta,15450.0,15500.0,1400.0,4,-0.64,-Rp100,True
2024-04-29,14,Jawa Tengah,14750.0,15500.0,1400.0,4,-0.34,-Rp50,True
2024-04-29,15,DI Yogyakarta,15150.0,15500.0,1400.0,4,0.0,Rp0,True
2024-04-29,16,Jawa Timur,14350.0,15500.0,1400.0,5,-0.69,-Rp100,True
2024-04-29,17,Bali,15100.0,15500.0,1400.0,4,0.0,Rp0,True
2024-04-29,18,Nusa Tenggara Barat,13150.0,15500.0,1400.0,5,-0.75,-Rp100,True
2024-04-29,19,Nusa Tenggara Timur,16100.0,15500.0,1400.0,3,0.0,Rp0,True
2024-04-29,20,Kalimantan Barat,16400.0,15500.0,1400.0,3,0.0,Rp0,True
2024-04-29,21,Kalimantan Selatan,18800.0,15500.0,1400.0,1,1.9,Rp350,True
2024-04-29,22,Kalimantan Tengah,19500.0,15500.0,1400.0,1,0.0,Rp0,True
2024-04-29,23,Kalimantan Timur,16300.0,15500.0,1400.0,3,-0.31,-Rp50,True
2024-04-29,24,Kalimantan Utara,17050.0,15500.0,1400.0,2,0.0,Rp0,True
2024-04-29,25,Gorontalo,15050.0,15500.0,1400.0,4,1.35,Rp200,True
2024-04-29,26,Sulawesi Selatan,13750.0,15500.0,1400.0,5,0.0,Rp0,True
2024-04-29,27,Sulawesi Tenggara,15450.0,15500.0,1400.0,4,0.0,Rp0,True
2024-04-29,28,Sulawesi Tengah,14900.0,15500.0,1400.0,4,0.0,Rp0,True
2024-04-29,29,Sulawesi Utara,14750.0,15500.0,1400.0,4,0.34,Rp50,True
2024-04-29,30,Sulawesi Barat,13950.0,15500.0,1400.0,5,-0.36,-Rp50,True
2024-04-29,31,Maluku,15950.0,15500.0,1400.0,3,0.0,Rp0,True
2024-04-29,32,Maluku Utara,16850.0,15500.0,1400.0,3,0.0,Rp0,True
2024-04-29,33,Papua,16850.0,15500.0,1400.0,3,-0.3,-Rp50,True
2024-04-29,34,Papua Barat,16600.0,15500.0,1400.0,3,0.3,Rp50,True
2024-04-30,1,Aceh,13800.0,15500.0,1350.0,5,0.0,Rp0,True
2024-04-30,2,Sumatera Utara,13850.0,15500.0,1350.0,5,0.73,Rp100,True
2024-04-30,3,Sumatera Barat,17500.0,15500.0,1350.0,2,0.0,Rp0,True
2024-04-30,4,Riau,15500.0,15500.0,1350.0,4,0.0,Rp0,True
2024-04-30,5,Kepulauan Riau,14650.0,15500.0,1350.0,4,0.0,Rp0,True
2024-04-30,6,Jambi,14700.0,15500.0,1350.0,4,0.0,Rp0,True
2024-04-30,7,Bengkulu,15250.0,15500.0,1350.0,4,0.0,Rp0,True
2024-04-30,8,Sumatera Selatan,15250.0,15500.0,1350.0,4,0.0,Rp0,True
2024-04-30,9,Kepulauan Bangka Belitung,16050.0,15500.0,1350.0,3,0.0,Rp0,True
2024-04-30,10,Lampung,14100.0,15500.0,1350.0,5,-0.35,-Rp50,True
2024-04-30,11,Banten,15000.0,15500.0,1350.0,4,-0.33,-Rp50,True
2024-04-30,12,Jawa Barat,14800.0,15500.0,1350.0,4,-0.67,-Rp100,True
2024-04-30,13,DKI Jakarta,15450.0,15500.0,1350.0,4,0.0,Rp0,True
2024-04-30,14,Jawa Tengah,14700.0,15500.0,1350.0,4,-0.34,-Rp50,True
2024-04-30,15,DI Yogyakarta,15150.0,15500.0,1350.0,4,0.0,Rp0,True
2024-04-30,16,Jawa Timur,14350.0,15500.0,1350.0,5,0.0,Rp0,True
2024-04-30,17,Bali,15050.0,15500.0,1350.0,4,-0.33,-Rp50,True
2024-04-30,18,Nusa Tenggara Barat,13150.0,15500.0,1350.0,5,0.0,Rp0,True
2024-04-30,19,Nusa Tenggara Timur,16100.0,15500.0,1350.0,3,0.0,Rp0,True
2024-04-30,20,Kalimantan Barat,16400.0,15500.0,1350.0,3,0.0,Rp0,True
2024-04-30,21,Kalimantan Selatan,18800.0,15500.0,1350.0,1,0.0,Rp0,True
2024-04-30,22,Kalimantan Tengah,19500.0,15500.0,1350.0,1,0.0,Rp0,True
2024-04-30,23,Kalimantan Timur,16300.0,15500.0,1350.0,3,0.0,Rp0,True
2024-04-30,24,Kalimantan Utara,16950.0,15500.0,1350.0,3,-0.59,-Rp100,True
2024-04-30,25,Gorontalo,14950.0,15500.0,1350.0,4,-0.66,-Rp100,True
2024-04-30,26,Sulawesi Selatan,13750.0,15500.0,1350.0,5,0.0,Rp0,True
2024-04-30,27,Sulawesi Tenggara,15300.0,15500.0,1350.0,4,-0.97,-Rp150,True
2024-04-30,28,Sulawesi Tengah,14850.0,15500.0,1350.0,4,-0.34,-Rp50,True
2024-04-30,29,Sulawesi Utara,14900.0,15500.0,1350.0,4,1.02,Rp150,True
2024-04-30,30,Sulawesi Barat,14000.0,15500.0,1350.0,5,0.36,Rp50,True
2024-04-30,31,Maluku,15850.0,15500.0,1350.0,3,-0.63,-Rp100,True
2024-04-30,32,Maluku Utara,16850.0,15500.0,1350.0,3,0.0,Rp0,True
2024-04-30,33,Papua,16850.0,15500.0,1350.0,3,0.0,Rp0,True
2024-04-30,34,Papua Barat,16600.0,15500.0,1350.0,3,0.0,Rp0,True
2024-05-01,1,Aceh,14000.0,15400.0,2900.0,5,1.45,Rp200,True
2024-05-01,2,Sumatera Utara,13900.0,15400.0,2900.0,5,0.36,Rp50,True
2024-05-01,3,Sumatera Barat,17500.0,15400.0,2900.0,2,0.0,Rp0,True
2024-05-01,4,Riau,15500.0,15400.0,2900.0,3,0.0,Rp0,True
2024-05-01,5,Kepulauan Riau,14650.0,15400.0,2900.0,4,0.0,Rp0,True
2024-05-01,6,Jambi,14700.0,15400.0,2900.0,4,0.0,Rp0,True
2024-05-01,7,Bengkulu,15250.0,15400.0,2900.0,4,0.0,Rp0,True
2024-05-01,8,Sumatera Selatan,15250.0,15400.0,2900.0,4,0.0,Rp0,True
2024-05-01,9,Kepulauan Bangka Belitung,15950.0,15400.0,2900.0,3,-0.62,-Rp100,True
2024-05-01,10,Lampung,14100.0,15400.0,2900.0,5,0.0,Rp0,True
2024-05-01,11,Banten,15000.0,15400.0,2900.0,4,0.0,Rp0,True
2024-05-01,12,Jawa Barat,14750.0,15400.0,2900.0,4,-0.34,-Rp50,True
2024-05-01,13,DKI Jakarta,15450.0,15400.0,2900.0,4,0.0,Rp0,True
2024-05-01,14,Jawa Tengah,14600.0,15400.0,2900.0,4,-0.68,-Rp100,True
2024-05-01,15,DI Yogyakarta,15150.0,15400.0,2900.0,4,0.0,Rp0,True
2024-05-01,16,Jawa Timur,14350.0,15400.0,2900.0,4,0.0,Rp0,True
2024-05-01,17,Bali,15050.0,15400.0,2900.0,4,0.0,Rp0,True
2024-05-01,18,Nusa Tenggara Barat,13150.0,15400.0,2900.0,5,0.0,Rp0,True
2024-05-01,19,Nusa Tenggara Timur,16100.0,15400.0,2900.0,3,0.0,Rp0,True
2024-05-01,20,Kalimantan Barat,16400.0,15400.0,2900.0,3,0.0,Rp0,True
2024-05-01,21,Kalimantan Selatan,18800.0,15400.0,2900.0,1,0.0,Rp0,True
2024-05-01,22,Kalimantan Tengah,18950.0,15400.0,2900.0,1,-2.82,-Rp550,True
2024-05-01,23,Kalimantan Timur,16300.0,15400.0,2900.0,3,0.0,Rp0,True
2024-05-01,24,Kalimantan Utara,16950.0,15400.0,2900.0,2,0.0,Rp0,True
2024-05-01,25,Gorontalo,14950.0,15400.0,2900.0,4,0.0,Rp0,True
2024-05-01,26,Sulawesi Selatan,13750.0,15400.0,2900.0,5,0.0,Rp0,True
2024-05-01,27,Sulawesi Tenggara,15300.0,15400.0,2900.0,4,0.0,Rp0,True
2024-05-01,28,Sulawesi Tengah,14850.0,15400.0,2900.0,4,0.0,Rp0,True
2024-05-01,29,Sulawesi Utara,14750.0,15400.0,2900.0,4,-1.01,-Rp150,True
2024-05-01,30,Sulawesi Barat,14000.0,15400.0,2900.0,5,0.0,Rp0,True
2024-05-01,31,Maluku,15850.0,15400.0,2900.0,3,0.0,Rp0,True
2024-05-01,32,Maluku Utara,16850.0,15400.0,2900.0,2,0.0,Rp0,True
2024-05-01,33,Papua,0.0,15400.0,2900.0,6,0.0,,False
2024-05-01,34,Papua Barat,16600.0,15400.0,2900.0,3,0.0,Rp0,True
2024-05-02,1,Aceh,13800.0,15450.0,1400.0,5,-1.43,-Rp200,True
2024-05-02,2,Sumatera Utara,13850.0,15450.0,1400.0,5,-0.36,-Rp50,True
2024-05-02,3,Sumatera Barat,17500.0,15450.0,1400.0,2,0.0,Rp0,True
2024-05-02,4,Riau,15500.0,15450.0,1400.0,4,0.0,Rp0,True
2024-05-02,5,Kepulauan Riau,14650.0,15450.0,1400.0,4,0.0,Rp0,True
2024-05-02,6,Jambi,14700.0,15450.0,1400.0,4,0.0,Rp0,True
2024-05-02,7,Bengkulu,15250.0,15450.0,1400.0,4,0.0,Rp0,True
2024-05-02,8,Sumatera Selatan,15150.0,15450.0,1400.0,4,-0.66,-Rp100,True
2024-05-02,9,Kepulauan Bangka Belitung,16050.0,15450.0,1400.0,3,0.63,Rp100,True
2024-05-02,10,Lampung,14100.0,15450.0,1400.0,5,0.0,Rp0,True
2024-05-02,11,Banten,14750.0,15450.0,1400.0,4,-1.67,-Rp250,True
2024-05-02,12,Jawa Barat,14750.0,15450.0,1400.0,4,0.0,Rp0,True
2024-05-02,13,DKI Jakarta,15450.0,15450.0,1400.0,4,0.0,Rp0,True
2024-05-02,14,Jawa Tengah,14700.0,15450.0,1400.0,4,0.68,Rp100,True
2024-05-02,15,DI Yogyakarta,15150.0,15450.0,1400.0,4,0.0,Rp0,True
2024-05-02,16,Jawa Timur,14400.0,15450.0,1400.0,5,0.35,Rp50,True
2024-05-02,17,Bali,15050.0,15450.0,1400.0,4,0.0,Rp0,True
2024-05-02,18,Nusa Tenggara Barat,13150.0,15450.0,1400.0,5,0.0,Rp0,True
2024-05-02,19,Nusa Tenggara Timur,16100.0,15450.0,1400.0,3,0.0,Rp0,True
2024-05-02,20,Kalimantan Barat,16350.0,15450.0,1400.0,3,-0.3,-Rp50,True
2024-05-02,21,Kalimantan Selatan,18800.0,15450.0,1400.0,1,0.0,Rp0,True
2024-05-02,22,Kalimantan Tengah,19450.0,15450.0,1400.0,1,2.64,Rp500,True
2024-05-02,23,Kalimantan Timur,16300.0,15450.0,1400.0,3,0.0,Rp0,True
2024-05-02,24,Kalimantan Utara,16950.0,15450.0,1400.0,2,0.0,Rp0,True
2024-05-02,25,Gorontalo,14950.0,15450.0,1400.0,4,0.0,Rp0,True
2024-05-02,26,Sulawesi Selatan,13650.0,15450.0,1400.0,5,-0.73,-Rp100,True
2024-05-02,27,Sulawesi Tenggara,15250.0,15450.0,1400.0,4,-0.33,-Rp50,True
2024-05-02,28,Sulawesi Tengah,14850.0,15450.0,1400.0,4,0.0,Rp0,True
2024-05-02,29,Sulawesi Utara,14900.0,15450.0,1400.0,4,1.02,Rp150,True
2024-05-02,30,Sulawesi Barat,14000.0,15450.0,1400.0,5,0.0,Rp0,True
2024-05-02,31,Maluku,16050.0,15450.0,1400.0,3,1.26,Rp200,True
2024-05-02,32,Maluku Utara,16850.0,15450.0,1400.0,3,0.0,Rp0,True
2024-05-02,33,Papua,16850.0,15450.0,1400.0,6,0.0,,True
2024-05-02,34,Papua Barat,16550.0,15450.0,1400.0,3,-0.3,-Rp50,True
2024-05-03,1,Aceh,14000.0,15450.0,1350.0,5,1.45,Rp200,True
2024-05-03,2,Sumatera Utara,13850.0,15450.0,1350.0,5,0.0,Rp0,True
2024-05-03,3,Sumatera Barat,17600.0,15450.0,1350.0,2,0.57,Rp100,True
2024-05-03,4,Riau,15500.0,15450.0,1350.0,4,0.0,Rp0,True
2024-05-03,5,Kepulauan Riau,14650.0,15450.0,1350.0,4,0.0,Rp0,True
2024-05-03,6,Jambi,14650.0,15450.0,1350.0,4,-0.34,-Rp50,True
2024-05-03,7,Bengkulu,15200.0,15450.0,1350.0,4,-0.33,-Rp50,True
2024-05-03,8,Sumatera Selatan,15150.0,15450.0,1350.0,4,0.0,Rp0,True
2024-05-03,9,Kepulauan Bangka Belitung,15750.0,15450.0,1350.0,3,-1.87,-Rp300,True
2024-05-03,10,Lampung,14100.0,15450.0,1350.0,5,0.0,Rp0,True
2024-05-03,11,Banten,14750.0,15450.0,1350.0,4,0.0,Rp0,True
2024-05-03,12,Jawa Barat,14750.0,15450.0,1350.0,4,0.0,Rp0,True
2024-05-03,13,DKI Jakarta,15450.0,15450.0,1350.0,4,0.0,Rp0,True
2024-05-03,14,Jawa Tengah,14700.0,15450.0,1350.0,4,0.0,Rp0,True
2024-05-03,15,DI Yogyakarta,15150.0,15450.0,1350.0,4,0.0,Rp0,True
2024-05-03,16,Jawa Timur,14350.0,15450.0,1350.0,5,-0.35,-Rp50,True
2024-05-03,17,Bali,15050.0,15450.0,1350.0,4,0.0,Rp0,True
2024-05-03,18,Nusa Tenggara Barat,13200.0,15450.0,1350.0,5,0.38,Rp50,True
2024-05-03,19,Nusa Tenggara Timur,16050.0,15450.0,1350.0,3,-0.31,-Rp50,True
2024-05-03,20,Kalimantan Barat,16350.0,15450.0,1350.0,3,0.0,Rp0,True
2024-05-03,21,Kalimantan Selatan,18850.0,15450.0,1350.0,1,0.27,Rp50,True
2024-05-03,22,Kalimantan Tengah,19300.0,15450.0,1350.0,1,-0.77,-Rp150,True
2024-05-03,23,Kalimantan Timur,16300.0,15450.0,1350.0,3,0.0,Rp0,True
2024-05-03,24,Kalimantan Utara,16950.0,15450.0,1350.0,2,0.0,Rp0,True
2024-05-03,25,Gorontalo,15000.0,15450.0,1350.0,4,0.33,Rp50,True
2024-05-03,26,Sulawesi Selatan,13750.0,15450.0,1350.0,5,0.73,Rp100,True
2024-05-03,27,Sulawesi Tenggara,15250.0,15450.0,1350.0,4,0.0,Rp0,True
2024-05-03,28,Sulawesi Tengah,14850.0,15450.0,1350.0,4,0.0,Rp0,True
2024-05-03,29,Sulawesi Utara,14850.0,15450.0,1350.0,4,-0.34,-Rp50,True
2024-05-03,30,Sulawesi Barat,14000.0,15450.0,1350.0,5,0.0,Rp0,True
2024-05-03,31,Maluku,16100.0,15450.0,1350.0,3,0.31,Rp50,True
2024-05-03,32,Maluku Utara,16850.0,15450.0,1350.0,3,0.0,Rp0,True
2024-05-03,33,Papua,16800.0,15450.0,1350.0,3,-0.3,-Rp50,True
2024-05-03,34,Papua Barat,16600.0,15450.0,1350.0,3,0.3,Rp50,True
2024-05-04,1,Aceh,14000.0,15450.0,1350.0,5,1.45,Rp200,True
2024-05-04,2,Sumatera Utara,13850.0,15450.0,1350.0,5,0.0,Rp0,True
2024-05-04,3,Sumatera Barat,17600.0,15450.0,1350.0,2,0.57,Rp100,True
2024-05-04,4,Riau,15500.0,15450.0,1350.0,4,0.0,Rp0,True
2024-05-04,5,Kepulauan Riau,14650.0,15450.0,1350.0,4,0.0,Rp0,True
2024-05-04,6,Jambi,14650.0,15450.0,1350.0,4,-0.34,-Rp50,True
2024-05-04,7,Bengkulu,15200.0,15450.0,1350.0,4,-0.33,-Rp50,True
2024-05-04,8,Sumatera Selatan,15150.0,15450.0,1350.0,4,0.0,Rp0,True
2024-05-04,9,Kepulauan Bangka Belitung,15750.0,15450.0,1350.0,3,-1.87,-Rp300,True
2024-05-04,10,Lampung,14100.0,15450.0,1350.0,5,0.0,Rp0,True
2024-05-04,11,Banten,14750.0,15450.0,1350.0,4,0.0,Rp0,True
2024-05-04,12,Jawa Barat,14750.0,15450.0,1350.0,4,0.0,Rp0,True
2024-05-04,13,DKI Jakarta,15450.0,15450.0,1350.0,4,0.0,Rp0,True
2024-05-04,14,Jawa Tengah,14700.0,15450.0,1350.0,4,0.0,Rp0,True
2024-05-04,15,DI Yogyakarta,15150.0,15450.0,1350.0,4,0.0,Rp0,True
2024-05-04,16,Jawa Timur,14350.0,15450.0,1350.0,5,-0.35,-Rp50,True
2024-05-04,17,Bali,15050.0,15450.0,1350.0,4,0.0,Rp0,True
2024-05-04,18,Nusa Tenggara Barat,13200.0,15450.0,1350.0,5,0.38,Rp50,True
2024-05-04,19,Nusa Tenggara Timur,16050.0,15450.0,1350.0,3,-0.31,-Rp50,True
2024-05-04,20,Kalimantan Barat,16350.0,15450.0,1350.0,3,0.0,Rp0,True
2024-05-04,21,Kalimantan Selatan,18850.0,15450.0,1350.0,1,0.27,Rp50,True
2024-05-04,22,Kalimantan Tengah,19300.0,15450.0,1350.0,1,-0.77,-Rp150,True
2024-05-04,23,Kalimantan Timur,16300.0,15450.0,1350.0,3,0.0,Rp0,True
2024-05-04,24,Kalimantan Utara,16950.0,15450.0,1350.0,2,0.0,Rp0,True
2024-05-04,25,Gorontalo,15000.0,15450.0,1350.0,4,0.33,Rp50,True
2024-05-04,26,Sulawesi Selatan,13750.0,15450.0,1350.0,5,0.73,Rp100,True
2024-05-04,27,Sulawesi Tenggara,15250.0,15450.0,1350.0,4,0.0,Rp0,True
2024-05-04,28,Sulawesi Tengah,14850.0,15450.0,1350.0,4,0.0,Rp0,True
2024-05-04,29,Sulawesi Utara,14850.0,15450.0,1350.0,4,-0.34,-Rp50,True
2024-05-04,30,Sulawesi Barat,14000.0,15450.0,1350.0,5,0.0,Rp0,True
2024-05-04,31,Maluku,16100.0,15450.0,1350.0,3,0.31,Rp50,True
2024-05-04,32,Maluku Utara,16850.0,15450.0,1350.0,3,0.0,Rp0,True
2024-05-04,33,Papua,16800.0,15450.0,1350.0,3,-0.3,-Rp50,True
2024-05-04,34,Papua Barat,16600.0,15450.0,1350.0,3,0.3,Rp50,True
2024-05-05,1,Aceh,14000.0,15450.0,1350.0,5,1.45,Rp200,True
2024-05-05,2,Sumatera Utara,13850.0,15450.0,1350.0,5,0.0,Rp0,True
2024-05-05,3,Sumatera Barat,17600.0,15450.0,1350.0,2,0.57,Rp100,True
2024-05-05,4,Riau,15500.0,15450.0,1350.0,4,0.0,Rp0,True
2024-05-05,5,Kepulauan Riau,14650.0,15450.0,1350.0,4,0.0,Rp0,True
2024-05-05,6,Jambi,14650.0,15450.0,1350.0,4,-0.34,-Rp50,True
2024-05-05,7,Bengkulu,15200.0,15450.0,1350.0,4,-0.33,-Rp50,True
2024-05-05,8,Sumatera Selatan,15150.0,15450.0,1350.0,4,0.0,Rp0,True
2024-05-05,9,Kepulauan Bangka Belitung,15750.0,15450.0,1350.0,3,-1.87,-Rp300,True
2024-05-05,10,Lampung,14100.0,15450.0,1350.0,5,0.0,Rp0,True
2024-05-05,11,Banten,14750.0,15450.0,1350.0,4,0.0,Rp0,True
2024-05-05,12,Jawa Barat,14750.0,15450.0,1350.0,4,0.0,Rp0,True
2024-05-05,13,DKI Jakarta,15450.0,15450.0,1350.0,4,0.0,Rp0,True
2024-05-05,14,Jawa Tengah,14700.0,15450.0,1350.0,4,0.0,Rp0,True
2024-05-05,15,DI Yogyakarta,15150.0,15450.0,1350.0,4,0.0,Rp0,True
2024-05-05,16,Jawa Timur,14350.0,15450.0,1350.0,5,-0.35,-Rp50,True
2024-05-05,17,Bali,15050.0,15450.0,1350.0,4,0.0,Rp0,True
2024-05-05,18,Nusa Tenggara Barat,13200.0,15450.0,1350.0,5,0.38,Rp50,True
2024-05-05,19,Nusa Tenggara Timur,16050.0,15450.0,1350.0,3,-0.31,-Rp50,True
2024-05-05,20,Kalimantan Barat,16350.0,15450.0,1350.0,3,0.0,Rp0,True
2024-05-05,21,Kalimantan Selatan,18850.0,15450.0,1350.0,1,0.27,Rp50,True
2024-05-05,22,Kalimantan Tengah,19300.0,15450.0,1350.0,1,-0.77,-Rp150,True
2024-05-05,23,Kalimantan Timur,16300.0,15450.0,1350.0,3,0.0,Rp0,True
2024-05-05,24,Kalimantan Utara,16950.0,15450.0,1350.0,2,0.0,Rp0,True
2024-05-05,25,Gorontalo,15000.0,15450.0,1350.0,4,0.33,Rp50,True
2024-05-05,26,Sulawesi Selatan,13750.0,15450.0,1350.0,5,0.73,Rp100,True
2024-05-05,27,Sulawesi Tenggara,15250.0,15450.0,1350.0,4,0.0,Rp0,True
2024-05-05,28,Sulawesi Tengah,14850.0,15450.0,1350.0,4,0.0,Rp0,True
2024-05-05,29,Sulawesi Utara,14850.0,15450.0,1350.0,4,-0.34,-Rp50,True
2024-05-05,30,Sulawesi Barat,14000.0,15450.0,1350.0,5,0.0,Rp0,True
2024-05-05,31,Maluku,16100.0,15450.0,1350.0,3,0.31,Rp50,True
2024-05-05,32,Maluku Utara,16850.0,15450.0,1350.0,3,0.0,Rp0,True
2024-05-05,33,Papua,16800.0,15450.0,1350.0,3,-0.3,-Rp50,True
2024-05-05,34,Papua Barat,16600.0,15450.0,1350.0,3,0.3,Rp50,True
2024-05-06,1,Aceh,13800.0,15450.0,1400.0,5,-1.43,-Rp200,True
2024-05-06,2,Sumatera Utara,13850.0,15450.0,1400.0,5,0.0,Rp0,True
2024-05-06,3,Sumatera Barat,17600.0,15450.0,1400.0,2,0.0,Rp0,True
2024-05-06,4,Riau,15500.0,15450.0,1400.0,4,0.0,Rp0,True
2024-05-06,5,Kepulauan Riau,14650.0,15450.0,1400.0,4,0.0,Rp0,True
2024-05-06,6,Jambi,14650.0,15450.0,1400.0,4,0.0,Rp0,True
2024-05-06,7,Bengkulu,15200.0,15450.0,1400.0,4,0.0,Rp0,True
2024-05-06,8,Sumatera Selatan,15150.0,15450.0,1400.0,4,0.0,Rp0,True
2024-05-06,9,Kepulauan Bangka Belitung,15800.0,15450.0,1400.0,3,0.32,Rp50,True
2024-05-06,10,Lampung,14100.0,15450.0,1400.0,5,0.0,Rp0,True
2024-05-06,11,Banten,14750.0,15450.0,1400.0,4,0.0,Rp0,True
2024-05-06,12,Jawa Barat,14750.0,15450.0,1400.0,4,0.0,Rp0,True
2024-05-06,13,DKI Jakarta,16100.0,15450.0,1400.0,3,4.21,Rp650,True
2024-05-06,14,Jawa Tengah,14600.0,15450.0,1400.0,4,-0.68,-Rp100,True
2024-05-06,15,DI Yogyakarta,15150.0,15450.0,1400.0,4,0.0,Rp0,True
2024-05-06,16,Jawa Timur,14200.0,15450.0,1400.0,5,-1.05,-Rp150,True
2024-05-06,17,Bali,15050.0,15450.0,1400.0,4,0.0,Rp0,True
2024-05-06,18,Nusa Tenggara Barat,13200.0,15450.0,1400.0,5,0.0,Rp0,True
2024-05-06,19,Nusa Tenggara Timur,16050.0,15450.0,1400.0,3,0.0,Rp0,True
2024-05-06,20,Kalimantan Barat,16350.0,15450.0,1400.0,3,0.0,Rp0,True
2024-05-06,21,Kalimantan Selatan,18850.0,15450.0,1400.0,1,0.0,Rp0,True
2024-05-06,22,Kalimantan Tengah,19300.0,15450.0,1400.0,1,0.0,Rp0,True
2024-05-06,23,Kalimantan Timur,16250.0,15450.0,1400.0,3,-0.31,-Rp50,True
2024-05-06,24,Kalimantan Utara,16950.0,15450.0,1400.0,2,0.0,Rp0,True
2024-05-06,25,Gorontalo,15000.0,15450.0,1400.0,4,0.0,Rp0,True
2024-05-06,26,Sulawesi Selatan,13750.0,15450.0,1400.0,5,0.0,Rp0,True
2024-05-06,27,Sulawesi Tenggara,15250.0,15450.0,1400.0,4,0.0,Rp0,True
2024-05-06,28,Sulawesi Tengah,14850.0,15450.0,1400.0,4,0.0,Rp0,True
2024-05-06,29,Sulawesi Utara,14800.0,15450.0,1400.0,4,-0.34,-Rp50,True
2024-05-06,30,Sulawesi Barat,13800.0,15450.0,1400.0,5,-1.43,-Rp200,True
2024-05-06,31,Maluku,16100.0,15450.0,1400.0,3,0.0,Rp0,True
2024-05-06,32,Maluku Utara,16850.0,15450.0,1400.0,3,0.0,Rp0,True
2024-05-06,33,Papua,16900.0,15450.0,1400.0,2,0.6,Rp100,True
2024-05-06,34,Papua Barat,16800.0,15450.0,1400.0,3,1.2,Rp200,True
2024-05-07,1,Aceh,13800.0,15450.0,1400.0,5,0.0,Rp0,True
2024-05-07,2,Sumatera Utara,13850.0,15450.0,1400.0,5,0.0,Rp0,True
2024-05-07,3,Sumatera Barat,17600.0,15450.0,1400.0,2,0.0,Rp0,True
2024-05-07,4,Riau,15500.0,15450.0,1400.0,4,0.0,Rp0,True
2024-05-07,5,Kepulauan Riau,14650.0,15450.0,1400.0,4,0.0,Rp0,True
2024-05-07,6,Jambi,14650.0,15450.0,1400.0,4,0.0,Rp0,True
2024-05-07,7,Bengkulu,15200.0,15450.0,1400.0,4,0.0,Rp0,True
2024-05-07,8,Sumatera Selatan,15100.0,15450.0,1400.0,4,-0.33,-Rp50,True
2024-05-07,9,Kepulauan Bangka Belitung,15800.0,15450.0,1400.0,3,0.0,Rp0,True
2024-05-07,10,Lampung,14050.0,15450.0,1400.0,5,-0.35,-Rp50,True
2024-05-07,11,Banten,14750.0,15450.0,1400.0,4,0.0,Rp0,True
2024-05-07,12,Jawa Barat,14700.0,15450.0,1400.0,4,-0.34,-Rp50,True
2024-05-07,13,DKI Jakarta,15500.0,15450.0,1400.0,4,-3.73,-Rp600,True
2024-05-07,14,Jawa Tengah,14650.0,15450.0,1400.0,4,0.34,Rp50,True
2024-05-07,15,DI Yogyakarta,15150.0,15450.0,1400.0,4,0.0,Rp0,True
2024-05-07,16,Jawa Timur,14050.0,15450.0,1400.0,5,-1.06,-Rp150,True
2024-05-07,17,Bali,15000.0,15450.0,1400.0,4,-0.33,-Rp50,True
2024-05-07,18,Nusa Tenggara Barat,13350.0,15450.0,1400.0,5,1.14,Rp150,True
2024-05-07,19,Nusa Tenggara Timur,16050.0,15450.0,1400.0,3,0.0,Rp0,True
2024-05-07,20,Kalimantan Barat,16450.0,15450.0,1400.0,3,0.61,Rp100,True
2024-05-07,21,Kalimantan Selatan,18850.0,15450.0,1400.0,1,0.0,Rp0,True
2024-05-07,22,Kalimantan Tengah,19300.0,15450.0,1400.0,1,0.0,Rp0,True
2024-05-07,23,Kalimantan Timur,16300.0,15450.0,1400.0,3,0.31,Rp50,True
2024-05-07,24,Kalimantan Utara,16950.0,15450.0,1400.0,2,0.0,Rp0,True
2024-05-07,25,Gorontalo,14900.0,15450.0,1400.0,4,-0.67,-Rp100,True
2024-05-07,26,Sulawesi Selatan,13750.0,15450.0,1400.0,5,0.0,Rp0,True
2024-05-07,27,Sulawesi Tenggara,15250.0,15450.0,1400.0,4,0.0,Rp0,True
2024-05-07,28,Sulawesi Tengah,14850.0,15450.0,1400.0,4,0.0,Rp0,True
2024-05-07,29,Sulawesi Utara,14800.0,15450.0,1400.0,4,0.0,Rp0,True
2024-05-07,30,Sulawesi Barat,13800.0,15450.0,1400.0,5,0.0,Rp0,True
2024-05-07,31,Maluku,15850.0,15450.0,1400.0,3,-1.55,-Rp250,True
2024-05-07,32,Maluku Utara,16850.0,15450.0,1400.0,3,0.0,Rp0,True
2024-05-07,33,Papua,16900.0,15450.0,1400.0,3,0.0,Rp0,True
2024-05-07,34,Papua Barat,16850.0,15450.0,1400.0,3,0.3,Rp50,True
2024-05-08,1,Aceh,14000.0,15450.0,1400.0,5,1.45,Rp200,True
2024-05-08,2,Sumatera Utara,13850.0,15450.0,1400.0,5,0.0,Rp0,True
2024-05-08,3,Sumatera Barat,17600.0,15450.0,1400.0,2,0.0,Rp0,True
2024-05-08,4,Riau,15800.0,15450.0,1400.0,3,1.94,Rp300,True
2024-05-08,5,Kepulauan Riau,14650.0,15450.0,1400.0,4,0.0,Rp0,True
2024-05-08,6,Jambi,14650.0,15450.0,1400.0,4,0.0,Rp0,True
2024-05-08,7,Bengkulu,15200.0,15450.0,1400.0,4,0.0,Rp0,True
2024-05-08,8,Sumatera Selatan,15100.0,15450.0,1400.0,4,0.0,Rp0,True
2024-05-08,9,Kepulauan Bangka Belitung,15850.0,15450.0,1400.0,3,0.32,Rp50,True
2024-05-08,10,Lampung,14050.0,15450.0,1400.0,5,0.0,Rp0,True
2024-05-08,11,Banten,14750.0,15450.0,1400.0,4,0.0,Rp0,True
2024-05-08,12,Jawa Barat,14700.0,15450.0,1400.0,4,0.0,Rp0,True
2024-05-08,13,DKI Jakarta,15500.0,15450.0,1400.0,4,0.0,Rp0,True
2024-05-08,14,Jawa Tengah,14650.0,15450.0,1400.0,4,0.0,Rp0,True
2024-05-08,15,DI Yogyakarta,15150.0,15450.0,1400.0,4,0.0,Rp0,True
2024-05-08,16,Jawa Timur,14050.0,15450.0,1400.0,5,0.0,Rp0,True
2024-05-08,17,Bali,15000.0,15450.0,1400.0,4,0.0,Rp0,True
2024-05-08,18,Nusa Tenggara Barat,13350.0,15450.0,1400.0,5,0.0,Rp0,True
2024-05-08,19,Nusa Tenggara Timur,16000.0,15450.0,1400.0,3,-0.31,-Rp50,True
2024-05-08,20,Kalimantan Barat,16350.0,15450.0,1400.0,3,-0.61,-Rp100,True
2024-05-08,21,Kalimantan Selatan,18850.0,15450.0,1400.0,1,0.0,Rp0,True
2024-05-08,22,Kalimantan Tengah,19300.0,15450.0,1400.0,1,0.0,Rp0,True
2024-05-08,23,Kalimantan Timur,16300.0,15450.0,1400.0,3,0.0,Rp0,True
2024-05-08,24,Kalimantan Utara,16950.0,15450.0,1400.0,2,0.0,Rp0,True
2024-05-08,25,Gorontalo,14900.0,15450.0,1400.0,4,0.0,Rp0,True
2024-05-08,26,Sulawesi Selatan,13700.0,15450.0,1400.0,5,-0.36,-Rp50,True
2024-05-08,27,Sulawesi Tenggara,15250.0,15450.0,1400.0,4,0.0,Rp0,True
2024-05-08,28,Sulawesi Tengah,14850.0,15450.0,1400.0,4,0.0,Rp0,True
2024-05-08,29,Sulawesi Utara,14700.0,15450.0,1400.0,4,-0.68,-Rp100,True
2024-05-08,30,Sulawesi Barat,13800.0,15450.0,1400.0,5,0.0,Rp0,True
2024-05-08,31,Maluku,15850.0,15450.0,1400.0,3,0.0,Rp0,True
2024-05-08,32,Maluku Utara,16850.0,15450.0,1400.0,3,0.0,Rp0,True
2024-05-08,33,Papua,16900.0,15450.0,1400.0,3,0.0,Rp0,True
2024-05-08,34,Papua Barat,16850.0,15450.0,1400.0,3,0.0,Rp0,True
